Original_Name,Original_SMILES,Deprotected_SMILES,Warhead_Type,Warhead_SMILES
4-((S)-2-((S)-2-amino-3-methylbutanamido)-5-ureidopentanamido)benzyl 2-(pyridin-2-yldisulfanyl)ethylcarbamate,CC(C)[C@@H](C(=O)N[C@@H](CCCNC(=O)N)C(=O)NC1=CC=C(C=C1)COC(=O)NCCSSC2=CC=CC=N2)N,NCCSSc1ccccn1,Pyridyldisulfanyl,SSc1ccccn1
4-succinimidyloxycarbonyl-alpha-methyl-alpha(2-pyridyldithio)toluene,CC(C1=CC=C(C=C1)C(=O)ON2C(=O)CCC2=O)SSC3=CC=CC=N3,CC(SSc1ccccn1)c1ccc(C(=O)ON2C(=O)CCC2=O)cc1,NHS_ester,C(=O)ON1C(=O)CCC1=O
4-succinimidyl-oxycarbonyl-ä¼?(2-pyridyldithio)toluene,C1CC(=O)N(C1=O)OC(=O)C2=CC=C(C=C2)CSSC3=CC=CC=N3,O=C(ON1C(=O)CCC1=O)c1ccc(CSSc2ccccn2)cc1,NHS_ester,C(=O)ON1C(=O)CCC1=O
4-azidobenzoic acid N-hydroxysuccinimide ester,C1CC(=O)N(C1=O)OC(=O)C2=CC=C(C=C2)N=[N+]=[N-],[N-]=[N+]=Nc1ccc(C(=O)ON2C(=O)CCC2=O)cc1,NHS_ester,C(=O)ON1C(=O)CCC1=O
"4-Azido-2,3,5,6-tetrafluorobenzoic Acid N-Succinimidyl ester",C1CC(=O)N(C1=O)OC(=O)C2=C(C(=C(C(=C2F)F)N=[N+]=[N-])F)F,[N-]=[N+]=Nc1c(F)c(F)c(C(=O)ON2C(=O)CCC2=O)c(F)c1F,NHS_ester,C(=O)ON1C(=O)CCC1=O
DBCO-PEG4-Propionic-Val-Cit-PAB,CC(C)[C@@H](C(=O)N[C@@H](CCCNC(=O)N)C(=O)NC1=CC=C(C=C1)CO)NC(=O)CCOCCOCCOCCNC(=O)CCC(=O)N2CC3=CC=CC=C3C#CC4=CC=CC=C42,CC(C)[C@H](NC(=O)CCOCCOCCOCCNC(=O)CCC(=O)N1Cc2ccccc2C#Cc2ccccc21)C(=O)N[C@@H](CCCNC(N)=O)C(=O)Nc1ccc(CO)cc1,DBCO,N1Cc2ccccc2C#Cc2ccccc21
Mal-amide-PEG2-oxyamine,C1=CC(=O)N(C1=O)CCC(=O)NCCOCCOCCON,NOCCOCCOCCNC(=O)CCN1C(=O)C=CC1=O,Maleimide,O=C1C=CC(=O)N1
Mal-PEG2-oxyamine,C1=CC(=O)N(C1=O)CCOCCOCCON,NOCCOCCOCCN1C(=O)C=CC1=O,Maleimide,O=C1C=CC(=O)N1
MC-Val-Cit-PAB-OH,CC(C)[C@@H](C(=O)N[C@@H](CCCNC(=O)N)C(=O)NC1=CC=C(C=C1)CO)NC(=O)CCCCCN2C(=O)C=CC2=O,CC(C)[C@H](NC(=O)CCCCCN1C(=O)C=CC1=O)C(=O)N[C@@H](CCCNC(N)=O)C(=O)Nc1ccc(CO)cc1,Maleimide,O=C1C=CC(=O)N1
Mal-PEG1-Val-Cit-PABC-OH,CC(C)[C@@H](C(=O)N(C1=CC=C(C=C1)CO)[C@@H](CCCNC(=O)N)C(=O)N)NC(=O)CCOCCN2C(=O)C=CC2=O,CC(C)[C@H](NC(=O)CCOCCN1C(=O)C=CC1=O)C(=O)N(c1ccc(CO)cc1)[C@@H](CCCNC(N)=O)C(N)=O,Maleimide,O=C1C=CC(=O)N1
MC-Val-Ala-PAB,C[C@@H](C(=O)NC1=CC=C(C=C1)CO)NC(=O)[C@H](C(C)C)NC(=O)CCCCCN2C(=O)C=CC2=O,CC(C)[C@H](NC(=O)CCCCCN1C(=O)C=CC1=O)C(=O)N[C@@H](C)C(=O)Nc1ccc(CO)cc1,Maleimide,O=C1C=CC(=O)N1
"2,5-Dioxopyrrolidin-1-yl 4-formylbenzoate",C1CC(=O)N(C1=O)OC(=O)C2=CC=C(C=C2)C=O,O=Cc1ccc(C(=O)ON2C(=O)CCC2=O)cc1,NHS_ester,C(=O)ON1C(=O)CCC1=O
Î²-D-tetraacetylgalactopyranoside-PEG2-N3,CC(=O)OC[C@@H]1[C@@H]([C@@H]([C@H]([C@@H](O1)OCCOCCN=[N+]=[N-])OC(=O)C)OC(=O)C)OC(=O)C,[N-]=[N+]=NCCOCCO[C@@H]1O[C@H](CO)[C@H](O)[C@H](O)[C@H]1O,Azide,[N-]=[N+]=N
Aldehyde-benzyl-PEG5-alkyne,C#CCCOCCOCCOCCOCCOC1=CC=C(C=C1)C=O,C#CCCOCCOCCOCCOCCOc1ccc(C=O)cc1,Alkyne,C#C
N3-PEG1-Val-Cit-PABC-OH,CC(C)[C@@H](C(=O)N[C@@H](CCCNC(=O)N)C(=O)NC1=CC=C(C=C1)CO)NC(=O)CCOCCN=[N+]=[N-],CC(C)[C@H](NC(=O)CCOCCN=[N+]=[N-])C(=O)N[C@@H](CCCNC(N)=O)C(=O)Nc1ccc(CO)cc1,Azide,[N-]=[N+]=N
Boc-Aminooxy-PEG2-bromide,CC(C)(C)OC(=O)NOCCOCCOCCBr,NOCCOCCOCCBr,Oxyamine,CON
Boc-aminooxy-PEG3-amine,CC(C)(C)OC(=O)NOCCOCCOCCOCCN,NCCOCCOCCOCCON,Oxyamine,CON
Boc-HyNic-PEG1-Mal,CC(C)(C)OC(=O)NNC1=NC=C(C=C1)C(=O)NCCOCCN2C(=O)C=CC2=O,NNc1ccc(C(=O)NCCOCCN2C(=O)C=CC2=O)cn1,Maleimide,O=C1C=CC(=O)N1
Bromoacetamide-PEG3-alkyne,C#CCOCCOCCOCCNC(=O)CBr,C#CCOCCOCCOCCNC(=O)CBr,Alkyne,C#C
DBCO-Sulfo-PEG4-Maleimide,C1C2=CC=CC=C2C#CC3=CC=CC=C3N1C(=O)CCNC(=O)C(CNC(=O)CCOCCOCCOCCOCCNC(=O)CCN4C(=O)C=CC4=O)S(=O)(=O)O,O=C(CCN1C(=O)C=CC1=O)NCCOCCOCCOCCOCCC(=O)NCC(C(=O)NCCC(=O)N1Cc2ccccc2C#Cc2ccccc21)S(=O)(=O)O,DBCO,N1Cc2ccccc2C#Cc2ccccc21
"N,N-Bis(PEG2-N3)-N-amido-PEG2-thiol",C(COCCOCCS)C(=O)N(CCOCCOCCN=[N+]=[N-])CCOCCOCCN=[N+]=[N-],[N-]=[N+]=NCCOCCOCCN(CCOCCOCCN=[N+]=[N-])C(=O)CCOCCOCCS,Azide,[N-]=[N+]=N
"N,N-Bis(PEG2-alkyne)-N-amido-PEG2-thiol",C#CCOCCOCCN(CCOCCOCC#C)C(=O)CCOCCOCCS,C#CCOCCOCCN(CCOCCOCC#C)C(=O)CCOCCOCCS,Alkyne,C#C
4-formyl-N-(2-(2-hydroxyethoxy)ethyl)benzamide,C1=CC(=CC=C1C=O)C(=O)NCCOCCO,O=Cc1ccc(C(=O)NCCOCCO)cc1,Aldehyde,C=O
2-(4-formylbenzamido)ethyl nitrate,C1=CC(=CC=C1C=O)C(=O)NCCO[N+](=O)[O-],O=Cc1ccc(C(=O)NCCO[N+](=O)[O-])cc1,Aldehyde,C=O
"N-(35-amino-3,6,9,12,15,18,21,24,27,30,33-undecaoxapentatriacontyl)-4-formylbenzamide",C1=CC(=CC=C1C=O)C(=O)NCCOCCOCCOCCOCCOCCOCCOCCOCCOCCOCCOCCN,NCCOCCOCCOCCOCCOCCOCCOCCOCCOCCOCCOCCNC(=O)c1ccc(C=O)cc1,Aldehyde,C=O
NH2-PEG4-hydrazone-DBCO,C1C2=CC=CC=C2C#CC3=CC=CC=C3N1C(=O)CCC(=O)N/N=C\C4=CC=C(C=C4)C(=O)NCCOCCOCCOCCOCCN,NCCOCCOCCOCCOCCNC(=O)c1ccc(/C=N\NC(=O)CCC(=O)N2Cc3ccccc3C#Cc3ccccc32)cc1,DBCO,N1Cc2ccccc2C#Cc2ccccc21
Alkyne-PEG1-alcohol ,C#CCOCCO,C#CCOCCO,Alkyne,C#C
Alkyne-PEG2-alcohol ,C#CCOCCOCCOCCO,C#CCOCCOCCOCCO,Alkyne,C#C
Alkyne-PEG3-alcohol ,C#CCOCCOCCOCCOCCOCCO,C#CCOCCOCCOCCOCCOCCO,Alkyne,C#C
Alkyne-PEG4-alcohol ,C#CCOCCOCCOCCOCCOCCOCCOCCO,C#CCOCCOCCOCCOCCOCCOCCOCCO,Alkyne,C#C
Alkyne-PEG5-alcohol ,C#CCOCCOCCOCCOCCOCCOCCOCCOCCOCCO,C#CCOCCOCCOCCOCCOCCOCCOCCOCCOCCO,Alkyne,C#C
Alkyne-PEG6-alcohol ,C#CCOCCOCCOCCOCCOCCOCCOCCOCCOCCOCCOCCO,C#CCOCCOCCOCCOCCOCCOCCOCCOCCOCCOCCOCCO,Alkyne,C#C
Alkyne-PEG7-alcohol ,C#CCOCCOCCOCCOCCOCCOCCOCCOCCOCCOCCOCCOCCOCCO,C#CCOCCOCCOCCOCCOCCOCCOCCOCCOCCOCCOCCOCCOCCO,Alkyne,C#C
Alkyne-PEG8-alcohol ,C#CCOCCOCCOCCOCCOCCOCCOCCOCCOCCOCCOCCOCCOCCOCCOCCO,C#CCOCCOCCOCCOCCOCCOCCOCCOCCOCCOCCOCCOCCOCCOCCOCCO,Alkyne,C#C
Alkyne-PEG9-alcohol ,C#CCOCCOCCOCCOCCOCCOCCOCCOCCOCCOCCOCCOCCOCCOCCOCCOCCOCCO,C#CCOCCOCCOCCOCCOCCOCCOCCOCCOCCOCCOCCOCCOCCOCCOCCOCCOCCO,Alkyne,C#C
Alkyne-PEG1-bromide ,C#CCOCCOCCOCCBr,C#CCOCCOCCOCCBr,Alkyne,C#C
Alkyne-PEG2-bromide ,C#CCOCCOCCOCCOCCOCCOCCBr,C#CCOCCOCCOCCOCCOCCOCCBr,Alkyne,C#C
Alkyne-PEG3-bromide ,C#CCOCCOCCOCCOCCOCCOCCOCCOCCOCCBr,C#CCOCCOCCOCCOCCOCCOCCOCCOCCOCCBr,Alkyne,C#C
Alkyne-PEG4-bromide ,C#CCOCCOCCOCCOCCOCCOCCOCCOCCOCCOCCOCCOCCBr,C#CCOCCOCCOCCOCCOCCOCCOCCOCCOCCOCCOCCOCCBr,Alkyne,C#C
Alkyne-PEG5-bromide ,C#CCOCCOCCOCCOCCOCCOCCOCCOCCOCCOCCOCCOCCOCCOCCOCCBr,C#CCOCCOCCOCCOCCOCCOCCOCCOCCOCCOCCOCCOCCOCCOCCOCCBr,Alkyne,C#C
Alkyne-PEG6-bromide ,C#CCOCCOCCOCCOCCOCCOCCOCCOCCOCCOCCOCCOCCOCCOCCOCCOCCOCCOCCBr,C#CCOCCOCCOCCOCCOCCOCCOCCOCCOCCOCCOCCOCCOCCOCCOCCOCCOCCOCCBr,Alkyne,C#C
Alkyne-PEG7-bromide ,C#CCOCCOCCOCCOCCOCCOCCOCCOCCOCCOCCOCCOCCOCCOCCOCCOCCOCCOCCOCCOCCOCCBr,C#CCOCCOCCOCCOCCOCCOCCOCCOCCOCCOCCOCCOCCOCCOCCOCCOCCOCCOCCOCCOCCOCCBr,Alkyne,C#C
Alkyne-PEG8-bromide ,C#CCOCCOCCOCCOCCOCCOCCOCCOCCOCCOCCOCCOCCOCCOCCOCCOCCOCCOCCOCCOCCOCCOCCOCCOCCBr,C#CCOCCOCCOCCOCCOCCOCCOCCOCCOCCOCCOCCOCCOCCOCCOCCOCCOCCOCCOCCOCCOCCOCCOCCOCCBr,Alkyne,C#C
Alkyne-PEG9-bromide ,C#CCOCCOCCOCCOCCOCCOCCOCCOCCOCCOCCOCCOCCOCCOCCOCCOCCOCCOCCOCCOCCOCCOCCOCCOCCOCCOCCOCCBr,C#CCOCCOCCOCCOCCOCCOCCOCCOCCOCCOCCOCCOCCOCCOCCOCCOCCOCCOCCOCCOCCOCCOCCOCCOCCOCCOCCOCCBr,Alkyne,C#C
Alkyne-PEG1-Alkyne ,C#CCOCCOCC#C,C#CCOCCOCC#C,Alkyne,C#C
Alkyne-PEG2-Alkyne ,C#CCOCCOCCOCCOCC#C,C#CCOCCOCCOCCOCC#C,Alkyne,C#C
Alkyne-PEG3-Alkyne ,C#CCOCCOCCOCCOCCOCCOCC#C,C#CCOCCOCCOCCOCCOCCOCC#C,Alkyne,C#C
Alkyne-PEG4-Alkyne ,C#CCOCCOCCOCCOCCOCCOCCOCCOCC#C,C#CCOCCOCCOCCOCCOCCOCCOCCOCC#C,Alkyne,C#C
Alkyne-PEG5-Alkyne ,C#CCOCCOCCOCCOCCOCCOCCOCCOCCOCCOCC#C,C#CCOCCOCCOCCOCCOCCOCCOCCOCCOCCOCC#C,Alkyne,C#C
Alkyne-PEG6-Alkyne ,C#CCOCCOCCOCCOCCOCCOCCOCCOCCOCCOCCOCCOCC#C,C#CCOCCOCCOCCOCCOCCOCCOCCOCCOCCOCCOCCOCC#C,Alkyne,C#C
Alkyne-PEG7-Alkyne ,C#CCOCCOCCOCCOCCOCCOCCOCCOCCOCCOCCOCCOCCOCCOCC#C,C#CCOCCOCCOCCOCCOCCOCCOCCOCCOCCOCCOCCOCCOCCOCC#C,Alkyne,C#C
Alkyne-PEG8-Alkyne ,C#CCOCCOCCOCCOCCOCCOCCOCCOCCOCCOCCOCCOCCOCCOCCOCCOCC#C,C#CCOCCOCCOCCOCCOCCOCCOCCOCCOCCOCCOCCOCCOCCOCCOCCOCC#C,Alkyne,C#C
Alkyne-PEG9-Alkyne ,C#CCOCCOCCOCCOCCOCCOCCOCCOCCOCCOCCOCCOCCOCCOCCOCCOCCOCCOCC#C,C#CCOCCOCCOCCOCCOCCOCCOCCOCCOCCOCCOCCOCCOCCOCCOCCOCCOCCOCC#C,Alkyne,C#C
Alkyne-PEG2-methylamine,CNCCOCCOCC#C,C#CCOCCOCCNC,Alkyne,C#C
Alkyne-PEG3-mesyl,CS(=O)(=O)OCCOCCOCC#C,C#CCOCCOCCOS(C)(=O)=O,Alkyne,C#C
Alkyne-PEG4-sulfonic acid,C#CCOCCOCCOCCOCCS(=O)(=O)O,C#CCOCCOCCOCCOCCS(=O)(=O)O,Alkyne,C#C
Alkyne-PEG4-thiol,C#CCOCCOCCOCCOCCS,C#CCOCCOCCOCCOCCS,Alkyne,C#C
Alkyne-PEG1-t-Boc-aminooxy ,CC(C)(C)OC(=O)NOCCOCC#C,C#CCOCCON,Alkyne,C#C
Alkyne-PEG2-t-Boc-aminooxy ,CC(C)(C)OC(=O)NOCCOCCOCC#C,C#CCOCCOCCON,Alkyne,C#C
Alkyne-PEG3-t-Boc-aminooxy ,CC(C)(C)OC(=O)NOCCOCCOCCOCC#C,C#CCOCCOCCOCCON,Alkyne,C#C
Alkyne-PEG4-t-Boc-aminooxy ,CC(C)(C)OC(=O)NOCCOCCOCCOCCOCC#C,C#CCOCCOCCOCCOCCON,Alkyne,C#C
Alkyne-PEG5-t-Boc-aminooxy ,CC(C)(C)OC(=O)NOCCOCCOCCOCCOCCOCC#C,C#CCOCCOCCOCCOCCOCCON,Alkyne,C#C
Alkyne-PEG6-t-Boc-aminooxy ,CC(C)(C)OC(=O)NOCCOCCOCCOCCOCCOCCOCC#C,C#CCOCCOCCOCCOCCOCCOCCON,Alkyne,C#C
Alkyne-PEG7-t-Boc-aminooxy ,CC(C)(C)OC(=O)NOCCOCCOCCOCCOCCOCCOCCOCC#C,C#CCOCCOCCOCCOCCOCCOCCOCCON,Alkyne,C#C
Alkyne-PEG8-t-Boc-aminooxy ,CC(C)(C)OC(=O)NOCCOCCOCCOCCOCCOCCOCCOCCOCC#C,C#CCOCCOCCOCCOCCOCCOCCOCCOCCON,Alkyne,C#C
Alkyne-PEG9-t-Boc-aminooxy ,CC(C)(C)OC(=O)NOCCOCCOCCOCCOCCOCCOCCOCCOCCOCC#C,C#CCOCCOCCOCCOCCOCCOCCOCCOCCOCCON,Alkyne,C#C
Alkyne-PEG6-Aminooxy ,C#CCOCCOCCOCCOCCOCCOCCOCCOCCOCCOCCOCCON,C#CCOCCOCCOCCOCCOCCOCCOCCOCCOCCOCCOCCON,Alkyne,C#C
Alkyne-PEG7-Aminooxy ,C#CCOCCOCCOCCOCCOCCOCCOCCOCCOCCOCCOCCOCCOCCON,C#CCOCCOCCOCCOCCOCCOCCOCCOCCOCCOCCOCCOCCOCCON,Alkyne,C#C
Alkyne-PEG8-Aminooxy ,C#CCOCCOCCOCCOCCOCCOCCOCCOCCOCCOCCOCCOCCOCCOCCOCCON,C#CCOCCOCCOCCOCCOCCOCCOCCOCCOCCOCCOCCOCCOCCOCCOCCON,Alkyne,C#C
Alkyne-PEG9-Aminooxy ,C#CCOCCOCCOCCOCCOCCOCCOCCOCCOCCOCCOCCOCCOCCOCCOCCOCCOCCON,C#CCOCCOCCOCCOCCOCCOCCOCCOCCOCCOCCOCCOCCOCCOCCOCCOCCOCCON,Alkyne,C#C
Alkyne-PEG1-methane ,COCCOCCOCCOCC#C,C#CCOCCOCCOCCOC,Alkyne,C#C
Alkyne-PEG2-methane ,COCCOCCOCCOCCOCCOCCOCC#C,C#CCOCCOCCOCCOCCOCCOCCOC,Alkyne,C#C
Alkyne-PEG3-methane ,COCCOCCOCCOCCOCCOCCOCCOCCOCCOCC#C,C#CCOCCOCCOCCOCCOCCOCCOCCOCCOCCOC,Alkyne,C#C
Alkyne-PEG4-methane ,COCCOCCOCCOCCOCCOCCOCCOCCOCCOCCOCCOCCOCC#C,C#CCOCCOCCOCCOCCOCCOCCOCCOCCOCCOCCOCCOCCOC,Alkyne,C#C
Alkyne-PEG5-methane ,COCCOCCOCCOCCOCCOCCOCCOCCOCCOCCOCCOCCOCCOCCOCCOCC#C,C#CCOCCOCCOCCOCCOCCOCCOCCOCCOCCOCCOCCOCCOCCOCCOCCOC,Alkyne,C#C
Alkyne-PEG6-methane ,COCCOCCOCCOCCOCCOCCOCCOCCOCCOCCOCCOCCOCCOCCOCCOCCOCCOCCOCC#C,C#CCOCCOCCOCCOCCOCCOCCOCCOCCOCCOCCOCCOCCOCCOCCOCCOCCOCCOCCOC,Alkyne,C#C
Alkyne-PEG7-methane ,COCCOCCOCCOCCOCCOCCOCCOCCOCCOCCOCCOCCOCCOCCOCCOCCOCCOCCOCCOCCOCCOCC#C,C#CCOCCOCCOCCOCCOCCOCCOCCOCCOCCOCCOCCOCCOCCOCCOCCOCCOCCOCCOCCOCCOCCOC,Alkyne,C#C
Alkyne-PEG8-methane ,COCCOCCOCCOCCOCCOCCOCCOCCOCCOCCOCCOCCOCCOCCOCCOCCOCCOCCOCCOCCOCCOCCOCCOCCOCC#C,C#CCOCCOCCOCCOCCOCCOCCOCCOCCOCCOCCOCCOCCOCCOCCOCCOCCOCCOCCOCCOCCOCCOCCOCCOCCOC,Alkyne,C#C
Alkyne-PEG9-methane ,COCCOCCOCCOCCOCCOCCOCCOCCOCCOCCOCCOCCOCCOCCOCCOCCOCCOCCOCCOCCOCCOCCOCCOCCOCCOCCOCCOCC#C,C#CCOCCOCCOCCOCCOCCOCCOCCOCCOCCOCCOCCOCCOCCOCCOCCOCCOCCOCCOCCOCCOCCOCCOCCOCCOCCOCCOCCOC,Alkyne,C#C
APN-C3-PEG4-alkyne,C#CCOCCOCCOCCOCCC(=O)NCCCC(=O)NC1=CC=C(C=C1)C#CC#N,C#CCOCCOCCOCCOCCC(=O)NCCCC(=O)Nc1ccc(C#CC#N)cc1,Alkyne,C#C
N3-SS-ethylalcohol,C(CSSCCO)N=[N+]=[N-],[N-]=[N+]=NCCSSCCO,Azide,[N-]=[N+]=N
N3-SS-ethylamine,C(CSSCCN=[N+]=[N-])N,[N-]=[N+]=NCCSSCCN,Azide,[N-]=[N+]=N
N3-SS-N3,C(CSSCCN=[N+]=[N-])N=[N+]=[N-],[N-]=[N+]=NCCSSCCN=[N+]=[N-],Azide,[N-]=[N+]=N
N3-PEG3-SS-PEG3-N3,C(COCCOCCOCCSSCCOCCOCCOCCN=[N+]=[N-])N=[N+]=[N-],[N-]=[N+]=NCCOCCOCCOCCSSCCOCCOCCOCCN=[N+]=[N-],Azide,[N-]=[N+]=N
Alkyne-PEG1-SS-alcohol,C#CCOCCSSCCO,C#CCOCCSSCCO,Alkyne,C#C
Alkyne-PEG1-SS-PEG1-Alkyne,C#CCOCCSSCCOCC#C,C#CCOCCSSCCOCC#C,Alkyne,C#C
Boc-aminooxy-ethyl-SS-propanol,CC(C)(C)OC(=O)NOCCSSCCO,NOCCSSCCO,Oxyamine,CON
N3-SS-biotin,C1[C@H]2[C@@H]([C@@H](S1)CCCCC(=O)NCCSSCCN=[N+]=[N-])NC(=O)N2,[N-]=[N+]=NCCSSCCNC(=O)CCCC[C@@H]1SC[C@@H]2NC(=O)N[C@@H]21,Azide,[N-]=[N+]=N
DBCO-SS-PEG3-biotin,C1[C@H]2[C@@H]([C@@H](S1)CCCCC(=O)NCCOCCOCCOCCNC(=O)CCSSCCNC(=O)CCC(=O)N3CC4=CC=CC=C4C#CC5=CC=CC=C53)NC(=O)N2,O=C(CCCC[C@@H]1SC[C@@H]2NC(=O)N[C@@H]21)NCCOCCOCCOCCNC(=O)CCSSCCNC(=O)CCC(=O)N1Cc2ccccc2C#Cc2ccccc21,DBCO,N1Cc2ccccc2C#Cc2ccccc21
PC Biotin-PEG3-alkyne,CC(C1=CC(=C(C=C1[N+](=O)[O-])OCCCC(=O)NCCOCCOCCOCCNC(=O)CCCC[C@H]2[C@@H]3[C@H](CS2)NC(=O)N3)OC)OC(=O)NCC#C,C#CCN,Alkyne,C#C
PC Biotin-PEG3-N3,CC(C1=CC(=C(C=C1[N+](=O)[O-])OCCCC(=O)NCCOCCOCCOCCNC(=O)CCCC[C@H]2[C@@H]3[C@H](CS2)NC(=O)N3)OC)OC(=O)NCCCN=[N+]=[N-],[N-]=[N+]=NCCCN,Azide,[N-]=[N+]=N
PC Biotin-PEG3-NHS carbonate ester,CC(C1=CC(=C(C=C1[N+](=O)[O-])OCCCC(=O)NCCOCCOCCOCCNC(=O)CCCC[C@H]2[C@@H]3[C@H](CS2)NC(=O)N3)OC)OC(=O)ON4C(=O)CCC4=O,O=C(O)ON1C(=O)CCC1=O,NHS_ester,C(=O)ON1C(=O)CCC1=O
Mal-PEG2-Val-Cit-PAB-OH,CC(C)[C@@H](C(=O)N(C1=CC=C(C=C1)CO)[C@@H](CCCNC(=O)N)C(=O)N)NC(=O)CCOCCOCCN2C(=O)C=CC2=O,CC(C)[C@H](NC(=O)CCOCCOCCN1C(=O)C=CC1=O)C(=O)N(c1ccc(CO)cc1)[C@@H](CCCNC(N)=O)C(N)=O,Maleimide,O=C1C=CC(=O)N1
Mal-amido-PEG2-Val-Cit-PAB-OH,CC(C)[C@@H](C(=O)N[C@@H](CCCNC(=O)N)C(=O)NC1=CC=C(C=C1)CO)NC(=O)CCOCCOCCNC(=O)CCN2C(=O)C=CC2=O,CC(C)[C@H](NC(=O)CCOCCOCCNC(=O)CCN1C(=O)C=CC1=O)C(=O)N[C@@H](CCCNC(N)=O)C(=O)Nc1ccc(CO)cc1,Maleimide,O=C1C=CC(=O)N1
N3-PEG3-Val-Cit-PAB-OH,CC(C)[C@@H](C(=O)N[C@@H](CCCNC(=O)N)C(=O)NC1=CC=C(C=C1)CO)NC(=O)CCOCCOCCOCCN=[N+]=[N-],CC(C)[C@H](NC(=O)CCOCCOCCOCCN=[N+]=[N-])C(=O)N[C@@H](CCCNC(N)=O)C(=O)Nc1ccc(CO)cc1,Azide,[N-]=[N+]=N
Methylamino-PEG1-N3 ,CNCCOCCOCCOCCN=[N+]=[N-],CNCCOCCOCCOCCN=[N+]=[N-],Azide,[N-]=[N+]=N
Methylamino-PEG2-N3 ,CNCCOCCOCCOCCOCCOCCOCCN=[N+]=[N-],CNCCOCCOCCOCCOCCOCCOCCN=[N+]=[N-],Azide,[N-]=[N+]=N
Methylamino-PEG3-N3 ,CNCCOCCOCCOCCOCCOCCOCCOCCOCCOCCN=[N+]=[N-],CNCCOCCOCCOCCOCCOCCOCCOCCOCCOCCN=[N+]=[N-],Azide,[N-]=[N+]=N
Methylamino-PEG4-N3 ,CNCCOCCOCCOCCOCCOCCOCCOCCOCCOCCOCCOCCOCCN=[N+]=[N-],CNCCOCCOCCOCCOCCOCCOCCOCCOCCOCCOCCOCCOCCN=[N+]=[N-],Azide,[N-]=[N+]=N
Methylamino-PEG5-N3 ,CNCCOCCOCCOCCOCCOCCOCCOCCOCCOCCOCCOCCOCCOCCOCCOCCN=[N+]=[N-],CNCCOCCOCCOCCOCCOCCOCCOCCOCCOCCOCCOCCOCCOCCOCCOCCN=[N+]=[N-],Azide,[N-]=[N+]=N
Methylamino-PEG6-N3 ,CNCCOCCOCCOCCOCCOCCOCCOCCOCCOCCOCCOCCOCCOCCOCCOCCOCCOCCOCCN=[N+]=[N-],CNCCOCCOCCOCCOCCOCCOCCOCCOCCOCCOCCOCCOCCOCCOCCOCCOCCOCCOCCN=[N+]=[N-],Azide,[N-]=[N+]=N
Methylamino-PEG7-N3 ,CNCCOCCOCCOCCOCCOCCOCCOCCOCCOCCOCCOCCOCCOCCOCCOCCOCCOCCOCCOCCOCCOCCN=[N+]=[N-],CNCCOCCOCCOCCOCCOCCOCCOCCOCCOCCOCCOCCOCCOCCOCCOCCOCCOCCOCCOCCOCCOCCN=[N+]=[N-],Azide,[N-]=[N+]=N
Methylamino-PEG8-N3 ,CNCCOCCOCCOCCOCCOCCOCCOCCOCCOCCOCCOCCOCCOCCOCCOCCOCCOCCOCCOCCOCCOCCOCCOCCOCCN=[N+]=[N-],CNCCOCCOCCOCCOCCOCCOCCOCCOCCOCCOCCOCCOCCOCCOCCOCCOCCOCCOCCOCCOCCOCCOCCOCCOCCN=[N+]=[N-],Azide,[N-]=[N+]=N
Methylamino-PEG9-N3 ,CNCCOCCOCCOCCOCCOCCOCCOCCOCCOCCOCCOCCOCCOCCOCCOCCOCCOCCOCCOCCOCCOCCOCCOCCOCCOCCOCCOCCN=[N+]=[N-],CNCCOCCOCCOCCOCCOCCOCCOCCOCCOCCOCCOCCOCCOCCOCCOCCOCCOCCOCCOCCOCCOCCOCCOCCOCCOCCOCCOCCN=[N+]=[N-],Azide,[N-]=[N+]=N
N3-PEG2-sulfonic acid,C(COCCOCCS(=O)(=O)O)N=[N+]=[N-],[N-]=[N+]=NCCOCCOCCS(=O)(=O)O,Azide,[N-]=[N+]=N
Amino-PEG1-N3 ,C(COCCN=[N+]=[N-])N,[N-]=[N+]=NCCOCCN,Azide,[N-]=[N+]=N
N3-PEG1-methylamine ,CNCCOCCN=[N+]=[N-],CNCCOCCN=[N+]=[N-],Azide,[N-]=[N+]=N
N3-PEG2-methylamine ,CNCCOCCOCCN=[N+]=[N-],CNCCOCCOCCN=[N+]=[N-],Azide,[N-]=[N+]=N
N3-PEG4-methylamine ,CNCCOCCOCCOCCOCCN=[N+]=[N-],CNCCOCCOCCOCCOCCN=[N+]=[N-],Azide,[N-]=[N+]=N
N3-PEG5-methylamine ,CNCCOCCOCCOCCOCCOCCN=[N+]=[N-],CNCCOCCOCCOCCOCCOCCN=[N+]=[N-],Azide,[N-]=[N+]=N
N3-PEG7-methylamine ,CNCCOCCOCCOCCOCCOCCOCCOCCN=[N+]=[N-],CNCCOCCOCCOCCOCCOCCOCCOCCN=[N+]=[N-],Azide,[N-]=[N+]=N
N3-PEG8-methylamine ,CNCCOCCOCCOCCOCCOCCOCCOCCOCCN=[N+]=[N-],CNCCOCCOCCOCCOCCOCCOCCOCCOCCN=[N+]=[N-],Azide,[N-]=[N+]=N
Alkyne-PEG1-amine ,C#CCOCCN,C#CCOCCN,Alkyne,C#C
Alkyne-PEG2-amine ,C#CCOCCOCCN,C#CCOCCOCCN,Alkyne,C#C
Alkyne-PEG3-amine ,C#CCOCCOCCOCCN,C#CCOCCOCCOCCN,Alkyne,C#C
Alkyne-PEG4-amine ,C#CCOCCOCCOCCOCCN,C#CCOCCOCCOCCOCCN,Alkyne,C#C
Alkyne-PEG5-amine ,C#CCOCCOCCOCCOCCOCCN,C#CCOCCOCCOCCOCCOCCN,Alkyne,C#C
Alkyne-PEG6-amine ,C#CCOCCOCCOCCOCCOCCOCCN,C#CCOCCOCCOCCOCCOCCOCCN,Alkyne,C#C
Alkyne-PEG7-amine ,C#CCOCCOCCOCCOCCOCCOCCOCCN,C#CCOCCOCCOCCOCCOCCOCCOCCN,Alkyne,C#C
Alkyne-PEG8-amine ,C#CCOCCOCCOCCOCCOCCOCCOCCOCCN,C#CCOCCOCCOCCOCCOCCOCCOCCOCCN,Alkyne,C#C
Alkyne-PEG9-amine ,C#CCOCCOCCOCCOCCOCCOCCOCCOCCOCCN,C#CCOCCOCCOCCOCCOCCOCCOCCOCCOCCN,Alkyne,C#C
Alkyne-PEG2-methylamine ,CNCCOCCOCCOCCOCC#C,C#CCOCCOCCOCCOCCNC,Alkyne,C#C
Alkyne-PEG3-methylamine ,CNCCOCCOCCOCCOCCOCCOCC#C,C#CCOCCOCCOCCOCCOCCOCCNC,Alkyne,C#C
Alkyne-PEG4-methylamine ,CNCCOCCOCCOCCOCCOCCOCCOCCOCC#C,C#CCOCCOCCOCCOCCOCCOCCOCCOCCNC,Alkyne,C#C
Alkyne-PEG5-methylamine ,CNCCOCCOCCOCCOCCOCCOCCOCCOCCOCCOCC#C,C#CCOCCOCCOCCOCCOCCOCCOCCOCCOCCOCCNC,Alkyne,C#C
Alkyne-PEG6-methylamine ,CNCCOCCOCCOCCOCCOCCOCCOCCOCCOCCOCCOCCOCC#C,C#CCOCCOCCOCCOCCOCCOCCOCCOCCOCCOCCOCCOCCNC,Alkyne,C#C
Alkyne-PEG7-methylamine ,CNCCOCCOCCOCCOCCOCCOCCOCCOCCOCCOCCOCCOCCOCCOCC#C,C#CCOCCOCCOCCOCCOCCOCCOCCOCCOCCOCCOCCOCCOCCOCCNC,Alkyne,C#C
Alkyne-PEG8-methylamine ,CNCCOCCOCCOCCOCCOCCOCCOCCOCCOCCOCCOCCOCCOCCOCCOCCOCC#C,C#CCOCCOCCOCCOCCOCCOCCOCCOCCOCCOCCOCCOCCOCCOCCOCCOCCNC,Alkyne,C#C
Alkyne-PEG9-methylamine ,CNCCOCCOCCOCCOCCOCCOCCOCCOCCOCCOCCOCCOCCOCCOCCOCCOCCOCCOCC#C,C#CCOCCOCCOCCOCCOCCOCCOCCOCCOCCOCCOCCOCCOCCOCCOCCOCCOCCOCCNC,Alkyne,C#C
N-(Amino-PEG1)-N-bis(PEG2-alkyne) HCl salt,C#CCOCCOCCN(CCOCCN)CCOCCOCC#C,C#CCOCCOCCN(CCOCCN)CCOCCOCC#C,Alkyne,C#C
N-(Mal-PEG6)-N-bis(PEG3-amine) TFA salt,C1=CC(=O)N(C1=O)CCC(=O)NCCOCCOCCOCCOCCOCCOCCC(=O)N(CCOCCOCCOCCN)CCOCCOCCOCCN,NCCOCCOCCOCCN(CCOCCOCCOCCN)C(=O)CCOCCOCCOCCOCCOCCOCCNC(=O)CCN1C(=O)C=CC1=O,Maleimide,O=C1C=CC(=O)N1
DBCO-Alcohol (C1-Cn),C1C2=CC=CC=C2C#CC3=CC=CC=C3N1C(=O)CCC(=O)NCCO,O=C(CCC(=O)N1Cc2ccccc2C#Cc2ccccc21)NCCO,DBCO,N1Cc2ccccc2C#Cc2ccccc21
DBCO-PEG1-Alcohol ,C1C2=CC=CC=C2C#CC3=CC=CC=C3N1C(=O)CCCCC(=O)NCCOCCOCCOCCO,O=C(CCCCC(=O)N1Cc2ccccc2C#Cc2ccccc21)NCCOCCOCCOCCO,DBCO,N1Cc2ccccc2C#Cc2ccccc21
DBCO-PEG2-Alcohol ,C1C2=CC=CC=C2C#CC3=CC=CC=C3N1C(=O)CCCCC(=O)NCCOCCOCCOCCOCCOCCOCCOCCO,O=C(CCCCC(=O)N1Cc2ccccc2C#Cc2ccccc21)NCCOCCOCCOCCOCCOCCOCCOCCO,DBCO,N1Cc2ccccc2C#Cc2ccccc21
DBCO-PEG3-Alcohol ,C1C2=CC=CC=C2C#CC3=CC=CC=C3N1C(=O)CCCCC(=O)NCCOCCOCCOCCOCCOCCOCCOCCOCCOCCOCCOCCO,O=C(CCCCC(=O)N1Cc2ccccc2C#Cc2ccccc21)NCCOCCOCCOCCOCCOCCOCCOCCOCCOCCOCCOCCO,DBCO,N1Cc2ccccc2C#Cc2ccccc21
DBCO-PEG4-Alcohol ,C1C2=CC=CC=C2C#CC3=CC=CC=C3N1C(=O)CCCCC(=O)NCCOCCOCCOCCOCCOCCOCCOCCOCCOCCOCCOCCOCCOCCOCCOCCO,O=C(CCCCC(=O)N1Cc2ccccc2C#Cc2ccccc21)NCCOCCOCCOCCOCCOCCOCCOCCOCCOCCOCCOCCOCCOCCOCCOCCO,DBCO,N1Cc2ccccc2C#Cc2ccccc21
DBCO-PEG5-Alcohol ,C1C2=CC=CC=C2C#CC3=CC=CC=C3N1C(=O)CCCCC(=O)NCCOCCOCCOCCOCCOCCOCCOCCOCCOCCOCCOCCOCCOCCOCCOCCOCCOCCOCCOCCO,O=C(CCCCC(=O)N1Cc2ccccc2C#Cc2ccccc21)NCCOCCOCCOCCOCCOCCOCCOCCOCCOCCOCCOCCOCCOCCOCCOCCOCCOCCOCCOCCO,DBCO,N1Cc2ccccc2C#Cc2ccccc21
DBCO-PEG6-Alcohol ,C1C2=CC=CC=C2C#CC3=CC=CC=C3N1C(=O)CCCCC(=O)NCCOCCOCCOCCOCCOCCOCCOCCOCCOCCOCCOCCOCCOCCOCCOCCOCCOCCOCCOCCOCCOCCOCCOCCO,O=C(CCCCC(=O)N1Cc2ccccc2C#Cc2ccccc21)NCCOCCOCCOCCOCCOCCOCCOCCOCCOCCOCCOCCOCCOCCOCCOCCOCCOCCOCCOCCOCCOCCOCCOCCO,DBCO,N1Cc2ccccc2C#Cc2ccccc21
DBCO-PEG7-Alcohol ,C1C2=CC=CC=C2C#CC3=CC=CC=C3N1C(=O)CCCCC(=O)NCCOCCOCCOCCOCCOCCOCCOCCOCCOCCOCCOCCOCCOCCOCCOCCOCCOCCOCCOCCOCCOCCOCCOCCOCCOCCOCCOCCO,O=C(CCCCC(=O)N1Cc2ccccc2C#Cc2ccccc21)NCCOCCOCCOCCOCCOCCOCCOCCOCCOCCOCCOCCOCCOCCOCCOCCOCCOCCOCCOCCOCCOCCOCCOCCOCCOCCOCCOCCO,DBCO,N1Cc2ccccc2C#Cc2ccccc21
DBCO-PEG8-Alcohol ,C1C2=CC=CC=C2C#CC3=CC=CC=C3N1C(=O)CCCCC(=O)NCCOCCOCCOCCOCCOCCOCCOCCOCCOCCOCCOCCOCCOCCOCCOCCOCCOCCOCCOCCOCCOCCOCCOCCOCCOCCOCCOCCOCCOCCOCCOCCO,O=C(CCCCC(=O)N1Cc2ccccc2C#Cc2ccccc21)NCCOCCOCCOCCOCCOCCOCCOCCOCCOCCOCCOCCOCCOCCOCCOCCOCCOCCOCCOCCOCCOCCOCCOCCOCCOCCOCCOCCOCCOCCOCCOCCO,DBCO,N1Cc2ccccc2C#Cc2ccccc21
DBCO-PEG9-Alcohol ,C1C2=CC=CC=C2C#CC3=CC=CC=C3N1C(=O)CCCCC(=O)NCCOCCOCCOCCOCCOCCOCCOCCOCCOCCOCCOCCOCCOCCOCCOCCOCCOCCOCCOCCOCCOCCOCCOCCOCCOCCOCCOCCOCCOCCOCCOCCOCCOCCOCCOCCO,O=C(CCCCC(=O)N1Cc2ccccc2C#Cc2ccccc21)NCCOCCOCCOCCOCCOCCOCCOCCOCCOCCOCCOCCOCCOCCOCCOCCOCCOCCOCCOCCOCCOCCOCCOCCOCCOCCOCCOCCOCCOCCOCCOCCOCCOCCOCCOCCO,DBCO,N1Cc2ccccc2C#Cc2ccccc21
DBCO-amine (C1-Cn),C1C2=CC=CC=C2C#CC3=CC=CC=C3N1C(=O)CCN,NCCC(=O)N1Cc2ccccc2C#Cc2ccccc21,DBCO,N1Cc2ccccc2C#Cc2ccccc21
DBCO-Sulfo-amine,C1C2=CC=CC=C2C#CC3=CC=CC=C3N1C(=O)CCNC(=O)C(CN)S(=O)(=O)O,NCC(C(=O)NCCC(=O)N1Cc2ccccc2C#Cc2ccccc21)S(=O)(=O)O,DBCO,N1Cc2ccccc2C#Cc2ccccc21
DBCO-NHCO-PEG1-amine ,C1C2=CC=CC=C2C#CC3=CC=CC=C3N1C(=O)CCNC(=O)CCOCCOCCOCCOCCN,NCCOCCOCCOCCOCCC(=O)NCCC(=O)N1Cc2ccccc2C#Cc2ccccc21,DBCO,N1Cc2ccccc2C#Cc2ccccc21
DBCO-NHCO-PEG2-amine ,C1C2=CC=CC=C2C#CC3=CC=CC=C3N1C(=O)CCNC(=O)CCOCCOCCOCCOCCOCCOCCOCCOCCN,NCCOCCOCCOCCOCCOCCOCCOCCOCCC(=O)NCCC(=O)N1Cc2ccccc2C#Cc2ccccc21,DBCO,N1Cc2ccccc2C#Cc2ccccc21
DBCO-NHCO-PEG3-amine ,C1C2=CC=CC=C2C#CC3=CC=CC=C3N1C(=O)CCNC(=O)CCOCCOCCOCCOCCOCCOCCOCCOCCOCCOCCOCCOCCN,NCCOCCOCCOCCOCCOCCOCCOCCOCCOCCOCCOCCOCCC(=O)NCCC(=O)N1Cc2ccccc2C#Cc2ccccc21,DBCO,N1Cc2ccccc2C#Cc2ccccc21
DBCO-NHCO-PEG4-amine ,C1C2=CC=CC=C2C#CC3=CC=CC=C3N1C(=O)CCNC(=O)CCOCCOCCOCCOCCOCCOCCOCCOCCOCCOCCOCCOCCOCCOCCOCCOCCN,NCCOCCOCCOCCOCCOCCOCCOCCOCCOCCOCCOCCOCCOCCOCCOCCOCCC(=O)NCCC(=O)N1Cc2ccccc2C#Cc2ccccc21,DBCO,N1Cc2ccccc2C#Cc2ccccc21
DBCO-NHCO-PEG5-amine ,C1C2=CC=CC=C2C#CC3=CC=CC=C3N1C(=O)CCNC(=O)CCOCCOCCOCCOCCOCCOCCOCCOCCOCCOCCOCCOCCOCCOCCOCCOCCOCCOCCOCCOCCN,NCCOCCOCCOCCOCCOCCOCCOCCOCCOCCOCCOCCOCCOCCOCCOCCOCCOCCOCCOCCOCCC(=O)NCCC(=O)N1Cc2ccccc2C#Cc2ccccc21,DBCO,N1Cc2ccccc2C#Cc2ccccc21
DBCO-NHCO-PEG6-amine ,C1C2=CC=CC=C2C#CC3=CC=CC=C3N1C(=O)CCNC(=O)CCOCCOCCOCCOCCOCCOCCOCCOCCOCCOCCOCCOCCOCCOCCOCCOCCOCCOCCOCCOCCOCCOCCOCCOCCN,NCCOCCOCCOCCOCCOCCOCCOCCOCCOCCOCCOCCOCCOCCOCCOCCOCCOCCOCCOCCOCCOCCOCCOCCOCCC(=O)NCCC(=O)N1Cc2ccccc2C#Cc2ccccc21,DBCO,N1Cc2ccccc2C#Cc2ccccc21
DBCO-NHCO-PEG7-amine ,C1C2=CC=CC=C2C#CC3=CC=CC=C3N1C(=O)CCNC(=O)CCOCCOCCOCCOCCOCCOCCOCCOCCOCCOCCOCCOCCOCCOCCOCCOCCOCCOCCOCCOCCOCCOCCOCCOCCOCCOCCOCCOCCN,NCCOCCOCCOCCOCCOCCOCCOCCOCCOCCOCCOCCOCCOCCOCCOCCOCCOCCOCCOCCOCCOCCOCCOCCOCCOCCOCCOCCOCCC(=O)NCCC(=O)N1Cc2ccccc2C#Cc2ccccc21,DBCO,N1Cc2ccccc2C#Cc2ccccc21
DBCO-NHCO-PEG8-amine ,C1C2=CC=CC=C2C#CC3=CC=CC=C3N1C(=O)CCNC(=O)CCOCCOCCOCCOCCOCCOCCOCCOCCOCCOCCOCCOCCOCCOCCOCCOCCOCCOCCOCCOCCOCCOCCOCCOCCOCCOCCOCCOCCOCCOCCOCCOCCN,NCCOCCOCCOCCOCCOCCOCCOCCOCCOCCOCCOCCOCCOCCOCCOCCOCCOCCOCCOCCOCCOCCOCCOCCOCCOCCOCCOCCOCCOCCOCCOCCOCCC(=O)NCCC(=O)N1Cc2ccccc2C#Cc2ccccc21,DBCO,N1Cc2ccccc2C#Cc2ccccc21
DBCO-NHCO-PEG9-amine ,C1C2=CC=CC=C2C#CC3=CC=CC=C3N1C(=O)CCNC(=O)CCOCCOCCOCCOCCOCCOCCOCCOCCOCCOCCOCCOCCOCCOCCOCCOCCOCCOCCOCCOCCOCCOCCOCCOCCOCCOCCOCCOCCOCCOCCOCCOCCOCCOCCOCCOCCN,NCCOCCOCCOCCOCCOCCOCCOCCOCCOCCOCCOCCOCCOCCOCCOCCOCCOCCOCCOCCOCCOCCOCCOCCOCCOCCOCCOCCOCCOCCOCCOCCOCCOCCOCCOCCOCCC(=O)NCCC(=O)N1Cc2ccccc2C#Cc2ccccc21,DBCO,N1Cc2ccccc2C#Cc2ccccc21
DBCO-PEG1-Biotin ,C1[C@H]2[C@@H]([C@@H](S1)CCCCC(=O)NCCOCCOCCOCCOCCC(=O)NCCC(=O)N3CC4=CC=CC=C4C#CC5=CC=CC=C53)NC(=O)N2,O=C(CCCC[C@@H]1SC[C@@H]2NC(=O)N[C@@H]21)NCCOCCOCCOCCOCCC(=O)NCCC(=O)N1Cc2ccccc2C#Cc2ccccc21,DBCO,N1Cc2ccccc2C#Cc2ccccc21
DBCO-PEG2-Biotin ,C1[C@H]2[C@@H]([C@@H](S1)CCCCC(=O)NCCOCCOCCOCCOCCOCCOCCOCCOCCC(=O)NCCC(=O)N3CC4=CC=CC=C4C#CC5=CC=CC=C53)NC(=O)N2,O=C(CCCC[C@@H]1SC[C@@H]2NC(=O)N[C@@H]21)NCCOCCOCCOCCOCCOCCOCCOCCOCCC(=O)NCCC(=O)N1Cc2ccccc2C#Cc2ccccc21,DBCO,N1Cc2ccccc2C#Cc2ccccc21
DBCO-PEG3-Biotin ,C1[C@H]2[C@@H]([C@@H](S1)CCCCC(=O)NCCOCCOCCOCCOCCOCCOCCOCCOCCOCCOCCOCCOCCC(=O)NCCC(=O)N3CC4=CC=CC=C4C#CC5=CC=CC=C53)NC(=O)N2,O=C(CCCC[C@@H]1SC[C@@H]2NC(=O)N[C@@H]21)NCCOCCOCCOCCOCCOCCOCCOCCOCCOCCOCCOCCOCCC(=O)NCCC(=O)N1Cc2ccccc2C#Cc2ccccc21,DBCO,N1Cc2ccccc2C#Cc2ccccc21
DBCO-PEG4-Biotin ,C1[C@H]2[C@@H]([C@@H](S1)CCCCC(=O)NCCOCCOCCOCCOCCOCCOCCOCCOCCOCCOCCOCCOCCOCCOCCOCCOCCC(=O)NCCC(=O)N3CC4=CC=CC=C4C#CC5=CC=CC=C53)NC(=O)N2,O=C(CCCC[C@@H]1SC[C@@H]2NC(=O)N[C@@H]21)NCCOCCOCCOCCOCCOCCOCCOCCOCCOCCOCCOCCOCCOCCOCCOCCOCCC(=O)NCCC(=O)N1Cc2ccccc2C#Cc2ccccc21,DBCO,N1Cc2ccccc2C#Cc2ccccc21
DBCO-PEG5-Biotin ,C1[C@H]2[C@@H]([C@@H](S1)CCCCC(=O)NCCOCCOCCOCCOCCOCCOCCOCCOCCOCCOCCOCCOCCOCCOCCOCCOCCOCCOCCOCCOCCC(=O)NCCC(=O)N3CC4=CC=CC=C4C#CC5=CC=CC=C53)NC(=O)N2,O=C(CCCC[C@@H]1SC[C@@H]2NC(=O)N[C@@H]21)NCCOCCOCCOCCOCCOCCOCCOCCOCCOCCOCCOCCOCCOCCOCCOCCOCCOCCOCCOCCOCCC(=O)NCCC(=O)N1Cc2ccccc2C#Cc2ccccc21,DBCO,N1Cc2ccccc2C#Cc2ccccc21
DBCO-PEG6-Biotin ,C1[C@H]2[C@@H]([C@@H](S1)CCCCC(=O)NCCOCCOCCOCCOCCOCCOCCOCCOCCOCCOCCOCCOCCOCCOCCOCCOCCOCCOCCOCCOCCOCCOCCOCCOCCC(=O)NCCC(=O)N3CC4=CC=CC=C4C#CC5=CC=CC=C53)NC(=O)N2,O=C(CCCC[C@@H]1SC[C@@H]2NC(=O)N[C@@H]21)NCCOCCOCCOCCOCCOCCOCCOCCOCCOCCOCCOCCOCCOCCOCCOCCOCCOCCOCCOCCOCCOCCOCCOCCOCCC(=O)NCCC(=O)N1Cc2ccccc2C#Cc2ccccc21,DBCO,N1Cc2ccccc2C#Cc2ccccc21
DBCO-PEG7-Biotin ,C1[C@H]2[C@@H]([C@@H](S1)CCCCC(=O)NCCOCCOCCOCCOCCOCCOCCOCCOCCOCCOCCOCCOCCOCCOCCOCCOCCOCCOCCOCCOCCOCCOCCOCCOCCOCCOCCOCCOCCC(=O)NCCC(=O)N3CC4=CC=CC=C4C#CC5=CC=CC=C53)NC(=O)N2,O=C(CCCC[C@@H]1SC[C@@H]2NC(=O)N[C@@H]21)NCCOCCOCCOCCOCCOCCOCCOCCOCCOCCOCCOCCOCCOCCOCCOCCOCCOCCOCCOCCOCCOCCOCCOCCOCCOCCOCCOCCOCCC(=O)NCCC(=O)N1Cc2ccccc2C#Cc2ccccc21,DBCO,N1Cc2ccccc2C#Cc2ccccc21
DBCO-PEG8-Biotin ,C1[C@H]2[C@@H]([C@@H](S1)CCCCC(=O)NCCOCCOCCOCCOCCOCCOCCOCCOCCOCCOCCOCCOCCOCCOCCOCCOCCOCCOCCOCCOCCOCCOCCOCCOCCOCCOCCOCCOCCOCCOCCOCCOCCC(=O)NCCC(=O)N3CC4=CC=CC=C4C#CC5=CC=CC=C53)NC(=O)N2,O=C(CCCC[C@@H]1SC[C@@H]2NC(=O)N[C@@H]21)NCCOCCOCCOCCOCCOCCOCCOCCOCCOCCOCCOCCOCCOCCOCCOCCOCCOCCOCCOCCOCCOCCOCCOCCOCCOCCOCCOCCOCCOCCOCCOCCOCCC(=O)NCCC(=O)N1Cc2ccccc2C#Cc2ccccc21,DBCO,N1Cc2ccccc2C#Cc2ccccc21
DBCO-PEG9-Biotin ,C1[C@H]2[C@@H]([C@@H](S1)CCCCC(=O)NCCOCCOCCOCCOCCOCCOCCOCCOCCOCCOCCOCCOCCOCCOCCOCCOCCOCCOCCOCCOCCOCCOCCOCCOCCOCCOCCOCCOCCOCCOCCOCCOCCOCCOCCOCCOCCC(=O)NCCC(=O)N3CC4=CC=CC=C4C#CC5=CC=CC=C53)NC(=O)N2,O=C(CCCC[C@@H]1SC[C@@H]2NC(=O)N[C@@H]21)NCCOCCOCCOCCOCCOCCOCCOCCOCCOCCOCCOCCOCCOCCOCCOCCOCCOCCOCCOCCOCCOCCOCCOCCOCCOCCOCCOCCOCCOCCOCCOCCOCCOCCOCCOCCOCCC(=O)NCCC(=O)N1Cc2ccccc2C#Cc2ccccc21,DBCO,N1Cc2ccccc2C#Cc2ccccc21
DBCO-Sulfo-Link-biotin,C1[C@H]2[C@@H]([C@@H](S1)CCCCC(=O)NCC(C(=O)NCCC(=O)N3CC4=CC=CC=C4C#CC5=CC=CC=C53)S(=O)(=O)O)NC(=O)N2,O=C(CCCC[C@@H]1SC[C@@H]2NC(=O)N[C@@H]21)NCC(C(=O)NCCC(=O)N1Cc2ccccc2C#Cc2ccccc21)S(=O)(=O)O,DBCO,N1Cc2ccccc2C#Cc2ccccc21
DBCO-PEG1-DBCO ,C1C2=CC=CC=C2C#CC3=CC=CC=C3N1C(=O)CCNC(=O)CCOCCOCCOCCOCCC(=O)NCCC(=O)N4CC5=CC=CC=C5C#CC6=CC=CC=C64,O=C(CCOCCOCCOCCOCCC(=O)NCCC(=O)N1Cc2ccccc2C#Cc2ccccc21)NCCC(=O)N1Cc2ccccc2C#Cc2ccccc21,DBCO,N1Cc2ccccc2C#Cc2ccccc21
DBCO-PEG2-DBCO ,C1C2=CC=CC=C2C#CC3=CC=CC=C3N1C(=O)CCNC(=O)CCOCCOCCOCCOCCOCCOCCOCCOCCC(=O)NCCC(=O)N4CC5=CC=CC=C5C#CC6=CC=CC=C64,O=C(CCOCCOCCOCCOCCOCCOCCOCCOCCC(=O)NCCC(=O)N1Cc2ccccc2C#Cc2ccccc21)NCCC(=O)N1Cc2ccccc2C#Cc2ccccc21,DBCO,N1Cc2ccccc2C#Cc2ccccc21
DBCO-PEG3-DBCO ,C1C2=CC=CC=C2C#CC3=CC=CC=C3N1C(=O)CCNC(=O)CCOCCOCCOCCOCCOCCOCCOCCOCCOCCOCCOCCOCCC(=O)NCCC(=O)N4CC5=CC=CC=C5C#CC6=CC=CC=C64,O=C(CCOCCOCCOCCOCCOCCOCCOCCOCCOCCOCCOCCOCCC(=O)NCCC(=O)N1Cc2ccccc2C#Cc2ccccc21)NCCC(=O)N1Cc2ccccc2C#Cc2ccccc21,DBCO,N1Cc2ccccc2C#Cc2ccccc21
DBCO-PEG4-DBCO ,C1C2=CC=CC=C2C#CC3=CC=CC=C3N1C(=O)CCNC(=O)CCOCCOCCOCCOCCOCCOCCOCCOCCOCCOCCOCCOCCOCCOCCOCCOCCC(=O)NCCC(=O)N4CC5=CC=CC=C5C#CC6=CC=CC=C64,O=C(CCOCCOCCOCCOCCOCCOCCOCCOCCOCCOCCOCCOCCOCCOCCOCCOCCC(=O)NCCC(=O)N1Cc2ccccc2C#Cc2ccccc21)NCCC(=O)N1Cc2ccccc2C#Cc2ccccc21,DBCO,N1Cc2ccccc2C#Cc2ccccc21
DBCO-PEG5-DBCO ,C1C2=CC=CC=C2C#CC3=CC=CC=C3N1C(=O)CCNC(=O)CCOCCOCCOCCOCCOCCOCCOCCOCCOCCOCCOCCOCCOCCOCCOCCOCCOCCOCCOCCOCCC(=O)NCCC(=O)N4CC5=CC=CC=C5C#CC6=CC=CC=C64,O=C(CCOCCOCCOCCOCCOCCOCCOCCOCCOCCOCCOCCOCCOCCOCCOCCOCCOCCOCCOCCOCCC(=O)NCCC(=O)N1Cc2ccccc2C#Cc2ccccc21)NCCC(=O)N1Cc2ccccc2C#Cc2ccccc21,DBCO,N1Cc2ccccc2C#Cc2ccccc21
DBCO-PEG6-DBCO ,C1C2=CC=CC=C2C#CC3=CC=CC=C3N1C(=O)CCNC(=O)CCOCCOCCOCCOCCOCCOCCOCCOCCOCCOCCOCCOCCOCCOCCOCCOCCOCCOCCOCCOCCOCCOCCOCCOCCC(=O)NCCC(=O)N4CC5=CC=CC=C5C#CC6=CC=CC=C64,O=C(CCOCCOCCOCCOCCOCCOCCOCCOCCOCCOCCOCCOCCOCCOCCOCCOCCOCCOCCOCCOCCOCCOCCOCCOCCC(=O)NCCC(=O)N1Cc2ccccc2C#Cc2ccccc21)NCCC(=O)N1Cc2ccccc2C#Cc2ccccc21,DBCO,N1Cc2ccccc2C#Cc2ccccc21
DBCO-PEG7-DBCO ,C1C2=CC=CC=C2C#CC3=CC=CC=C3N1C(=O)CCNC(=O)CCOCCOCCOCCOCCOCCOCCOCCOCCOCCOCCOCCOCCOCCOCCOCCOCCOCCOCCOCCOCCOCCOCCOCCOCCOCCOCCOCCOCCC(=O)NCCC(=O)N4CC5=CC=CC=C5C#CC6=CC=CC=C64,O=C(CCOCCOCCOCCOCCOCCOCCOCCOCCOCCOCCOCCOCCOCCOCCOCCOCCOCCOCCOCCOCCOCCOCCOCCOCCOCCOCCOCCOCCC(=O)NCCC(=O)N1Cc2ccccc2C#Cc2ccccc21)NCCC(=O)N1Cc2ccccc2C#Cc2ccccc21,DBCO,N1Cc2ccccc2C#Cc2ccccc21
DBCO-PEG8-DBCO ,C1C2=CC=CC=C2C#CC3=CC=CC=C3N1C(=O)CCNC(=O)CCOCCOCCOCCOCCOCCOCCOCCOCCOCCOCCOCCOCCOCCOCCOCCOCCOCCOCCOCCOCCOCCOCCOCCOCCOCCOCCOCCOCCOCCOCCOCCOCCC(=O)NCCC(=O)N4CC5=CC=CC=C5C#CC6=CC=CC=C64,O=C(CCOCCOCCOCCOCCOCCOCCOCCOCCOCCOCCOCCOCCOCCOCCOCCOCCOCCOCCOCCOCCOCCOCCOCCOCCOCCOCCOCCOCCOCCOCCOCCOCCC(=O)NCCC(=O)N1Cc2ccccc2C#Cc2ccccc21)NCCC(=O)N1Cc2ccccc2C#Cc2ccccc21,DBCO,N1Cc2ccccc2C#Cc2ccccc21
DBCO-PEG9-DBCO ,C1C2=CC=CC=C2C#CC3=CC=CC=C3N1C(=O)CCNC(=O)CCOCCOCCOCCOCCOCCOCCOCCOCCOCCOCCOCCOCCOCCOCCOCCOCCOCCOCCOCCOCCOCCOCCOCCOCCOCCOCCOCCOCCOCCOCCOCCOCCOCCOCCOCCOCCC(=O)NCCC(=O)N4CC5=CC=CC=C5C#CC6=CC=CC=C64,O=C(CCOCCOCCOCCOCCOCCOCCOCCOCCOCCOCCOCCOCCOCCOCCOCCOCCOCCOCCOCCOCCOCCOCCOCCOCCOCCOCCOCCOCCOCCOCCOCCOCCOCCOCCOCCOCCC(=O)NCCC(=O)N1Cc2ccccc2C#Cc2ccccc21)NCCC(=O)N1Cc2ccccc2C#Cc2ccccc21,DBCO,N1Cc2ccccc2C#Cc2ccccc21
DBCO-PEG1-Maleimide ,C1C2=CC=CC=C2C#CC3=CC=CC=C3N1C(=O)CCNC(=O)CCOCCOCCOCCOCCNC(=O)CCN4C(=O)C=CC4=O,O=C(CCOCCOCCOCCOCCNC(=O)CCN1C(=O)C=CC1=O)NCCC(=O)N1Cc2ccccc2C#Cc2ccccc21,DBCO,N1Cc2ccccc2C#Cc2ccccc21
DBCO-PEG2-Maleimide ,C1C2=CC=CC=C2C#CC3=CC=CC=C3N1C(=O)CCNC(=O)CCOCCOCCOCCOCCOCCOCCOCCOCCNC(=O)CCN4C(=O)C=CC4=O,O=C(CCOCCOCCOCCOCCOCCOCCOCCOCCNC(=O)CCN1C(=O)C=CC1=O)NCCC(=O)N1Cc2ccccc2C#Cc2ccccc21,DBCO,N1Cc2ccccc2C#Cc2ccccc21
DBCO-PEG3-Maleimide ,C1C2=CC=CC=C2C#CC3=CC=CC=C3N1C(=O)CCNC(=O)CCOCCOCCOCCOCCOCCOCCOCCOCCOCCOCCOCCOCCNC(=O)CCN4C(=O)C=CC4=O,O=C(CCOCCOCCOCCOCCOCCOCCOCCOCCOCCOCCOCCOCCNC(=O)CCN1C(=O)C=CC1=O)NCCC(=O)N1Cc2ccccc2C#Cc2ccccc21,DBCO,N1Cc2ccccc2C#Cc2ccccc21
DBCO-PEG4-Maleimide ,C1C2=CC=CC=C2C#CC3=CC=CC=C3N1C(=O)CCNC(=O)CCOCCOCCOCCOCCOCCOCCOCCOCCOCCOCCOCCOCCOCCOCCOCCOCCNC(=O)CCN4C(=O)C=CC4=O,O=C(CCOCCOCCOCCOCCOCCOCCOCCOCCOCCOCCOCCOCCOCCOCCOCCOCCNC(=O)CCN1C(=O)C=CC1=O)NCCC(=O)N1Cc2ccccc2C#Cc2ccccc21,DBCO,N1Cc2ccccc2C#Cc2ccccc21
DBCO-PEG5-Maleimide ,C1C2=CC=CC=C2C#CC3=CC=CC=C3N1C(=O)CCNC(=O)CCOCCOCCOCCOCCOCCOCCOCCOCCOCCOCCOCCOCCOCCOCCOCCOCCOCCOCCOCCOCCNC(=O)CCN4C(=O)C=CC4=O,O=C(CCOCCOCCOCCOCCOCCOCCOCCOCCOCCOCCOCCOCCOCCOCCOCCOCCOCCOCCOCCOCCNC(=O)CCN1C(=O)C=CC1=O)NCCC(=O)N1Cc2ccccc2C#Cc2ccccc21,DBCO,N1Cc2ccccc2C#Cc2ccccc21
DBCO-PEG6-Maleimide ,C1C2=CC=CC=C2C#CC3=CC=CC=C3N1C(=O)CCNC(=O)CCOCCOCCOCCOCCOCCOCCOCCOCCOCCOCCOCCOCCOCCOCCOCCOCCOCCOCCOCCOCCOCCOCCOCCOCCNC(=O)CCN4C(=O)C=CC4=O,O=C(CCOCCOCCOCCOCCOCCOCCOCCOCCOCCOCCOCCOCCOCCOCCOCCOCCOCCOCCOCCOCCOCCOCCOCCOCCNC(=O)CCN1C(=O)C=CC1=O)NCCC(=O)N1Cc2ccccc2C#Cc2ccccc21,DBCO,N1Cc2ccccc2C#Cc2ccccc21
DBCO-PEG7-Maleimide ,C1C2=CC=CC=C2C#CC3=CC=CC=C3N1C(=O)CCNC(=O)CCOCCOCCOCCOCCOCCOCCOCCOCCOCCOCCOCCOCCOCCOCCOCCOCCOCCOCCOCCOCCOCCOCCOCCOCCOCCOCCOCCOCCNC(=O)CCN4C(=O)C=CC4=O,O=C(CCOCCOCCOCCOCCOCCOCCOCCOCCOCCOCCOCCOCCOCCOCCOCCOCCOCCOCCOCCOCCOCCOCCOCCOCCOCCOCCOCCOCCNC(=O)CCN1C(=O)C=CC1=O)NCCC(=O)N1Cc2ccccc2C#Cc2ccccc21,DBCO,N1Cc2ccccc2C#Cc2ccccc21
DBCO-PEG8-Maleimide ,C1C2=CC=CC=C2C#CC3=CC=CC=C3N1C(=O)CCNC(=O)CCOCCOCCOCCOCCOCCOCCOCCOCCOCCOCCOCCOCCOCCOCCOCCOCCOCCOCCOCCOCCOCCOCCOCCOCCOCCOCCOCCOCCOCCOCCOCCOCCNC(=O)CCN4C(=O)C=CC4=O,O=C(CCOCCOCCOCCOCCOCCOCCOCCOCCOCCOCCOCCOCCOCCOCCOCCOCCOCCOCCOCCOCCOCCOCCOCCOCCOCCOCCOCCOCCOCCOCCOCCOCCNC(=O)CCN1C(=O)C=CC1=O)NCCC(=O)N1Cc2ccccc2C#Cc2ccccc21,DBCO,N1Cc2ccccc2C#Cc2ccccc21
DBCO-PEG9-Maleimide ,C1C2=CC=CC=C2C#CC3=CC=CC=C3N1C(=O)CCNC(=O)CCOCCOCCOCCOCCOCCOCCOCCOCCOCCOCCOCCOCCOCCOCCOCCOCCOCCOCCOCCOCCOCCOCCOCCOCCOCCOCCOCCOCCOCCOCCOCCOCCOCCOCCOCCOCCNC(=O)CCN4C(=O)C=CC4=O,O=C(CCOCCOCCOCCOCCOCCOCCOCCOCCOCCOCCOCCOCCOCCOCCOCCOCCOCCOCCOCCOCCOCCOCCOCCOCCOCCOCCOCCOCCOCCOCCOCCOCCOCCOCCOCCOCCNC(=O)CCN1C(=O)C=CC1=O)NCCC(=O)N1Cc2ccccc2C#Cc2ccccc21,DBCO,N1Cc2ccccc2C#Cc2ccccc21
Sulfo DBCO-PEG2-Maleimide ,C1C2=CC=CC=C2C#CC3=CC=CC=C3N1C(=O)CCNC(=O)C(CNC(=O)CCOCCOCCOCCOCCOCCOCCOCCOCCNC(=O)CCN4C(=O)C=CC4=O)S(=O)(=O)O,O=C(CCN1C(=O)C=CC1=O)NCCOCCOCCOCCOCCOCCOCCOCCOCCC(=O)NCC(C(=O)NCCC(=O)N1Cc2ccccc2C#Cc2ccccc21)S(=O)(=O)O,DBCO,N1Cc2ccccc2C#Cc2ccccc21
Sulfo DBCO-PEG3-Maleimide ,C1C2=CC=CC=C2C#CC3=CC=CC=C3N1C(=O)CCNC(=O)C(CNC(=O)CCOCCOCCOCCOCCOCCOCCOCCOCCOCCOCCOCCOCCNC(=O)CCN4C(=O)C=CC4=O)S(=O)(=O)O,O=C(CCN1C(=O)C=CC1=O)NCCOCCOCCOCCOCCOCCOCCOCCOCCOCCOCCOCCOCCC(=O)NCC(C(=O)NCCC(=O)N1Cc2ccccc2C#Cc2ccccc21)S(=O)(=O)O,DBCO,N1Cc2ccccc2C#Cc2ccccc21
Sulfo DBCO-PEG4-Maleimide ,C1C2=CC=CC=C2C#CC3=CC=CC=C3N1C(=O)CCNC(=O)C(CNC(=O)CCOCCOCCOCCOCCOCCOCCOCCOCCOCCOCCOCCOCCOCCOCCOCCOCCNC(=O)CCN4C(=O)C=CC4=O)S(=O)(=O)O,O=C(CCN1C(=O)C=CC1=O)NCCOCCOCCOCCOCCOCCOCCOCCOCCOCCOCCOCCOCCOCCOCCOCCOCCC(=O)NCC(C(=O)NCCC(=O)N1Cc2ccccc2C#Cc2ccccc21)S(=O)(=O)O,DBCO,N1Cc2ccccc2C#Cc2ccccc21
Sulfo DBCO-PEG5-Maleimide ,C1C2=CC=CC=C2C#CC3=CC=CC=C3N1C(=O)CCNC(=O)C(CNC(=O)CCOCCOCCOCCOCCOCCOCCOCCOCCOCCOCCOCCOCCOCCOCCOCCOCCOCCOCCOCCOCCNC(=O)CCN4C(=O)C=CC4=O)S(=O)(=O)O,O=C(CCN1C(=O)C=CC1=O)NCCOCCOCCOCCOCCOCCOCCOCCOCCOCCOCCOCCOCCOCCOCCOCCOCCOCCOCCOCCOCCC(=O)NCC(C(=O)NCCC(=O)N1Cc2ccccc2C#Cc2ccccc21)S(=O)(=O)O,DBCO,N1Cc2ccccc2C#Cc2ccccc21
Sulfo DBCO-PEG6-Maleimide ,C1C2=CC=CC=C2C#CC3=CC=CC=C3N1C(=O)CCNC(=O)C(CNC(=O)CCOCCOCCOCCOCCOCCOCCOCCOCCOCCOCCOCCOCCOCCOCCOCCOCCOCCOCCOCCOCCOCCOCCOCCOCCNC(=O)CCN4C(=O)C=CC4=O)S(=O)(=O)O,O=C(CCN1C(=O)C=CC1=O)NCCOCCOCCOCCOCCOCCOCCOCCOCCOCCOCCOCCOCCOCCOCCOCCOCCOCCOCCOCCOCCOCCOCCOCCOCCC(=O)NCC(C(=O)NCCC(=O)N1Cc2ccccc2C#Cc2ccccc21)S(=O)(=O)O,DBCO,N1Cc2ccccc2C#Cc2ccccc21
Sulfo DBCO-PEG7-Maleimide ,C1C2=CC=CC=C2C#CC3=CC=CC=C3N1C(=O)CCNC(=O)C(CNC(=O)CCOCCOCCOCCOCCOCCOCCOCCOCCOCCOCCOCCOCCOCCOCCOCCOCCOCCOCCOCCOCCOCCOCCOCCOCCOCCOCCOCCOCCNC(=O)CCN4C(=O)C=CC4=O)S(=O)(=O)O,O=C(CCN1C(=O)C=CC1=O)NCCOCCOCCOCCOCCOCCOCCOCCOCCOCCOCCOCCOCCOCCOCCOCCOCCOCCOCCOCCOCCOCCOCCOCCOCCOCCOCCOCCOCCC(=O)NCC(C(=O)NCCC(=O)N1Cc2ccccc2C#Cc2ccccc21)S(=O)(=O)O,DBCO,N1Cc2ccccc2C#Cc2ccccc21
Sulfo DBCO-PEG8-Maleimide ,C1C2=CC=CC=C2C#CC3=CC=CC=C3N1C(=O)CCNC(=O)C(CNC(=O)CCOCCOCCOCCOCCOCCOCCOCCOCCOCCOCCOCCOCCOCCOCCOCCOCCOCCOCCOCCOCCOCCOCCOCCOCCOCCOCCOCCOCCOCCOCCOCCOCCNC(=O)CCN4C(=O)C=CC4=O)S(=O)(=O)O,O=C(CCN1C(=O)C=CC1=O)NCCOCCOCCOCCOCCOCCOCCOCCOCCOCCOCCOCCOCCOCCOCCOCCOCCOCCOCCOCCOCCOCCOCCOCCOCCOCCOCCOCCOCCOCCOCCOCCOCCC(=O)NCC(C(=O)NCCC(=O)N1Cc2ccccc2C#Cc2ccccc21)S(=O)(=O)O,DBCO,N1Cc2ccccc2C#Cc2ccccc21
Sulfo DBCO-PEG9-Maleimide ,C1C2=CC=CC=C2C#CC3=CC=CC=C3N1C(=O)CCNC(=O)C(CNC(=O)CCOCCOCCOCCOCCOCCOCCOCCOCCOCCOCCOCCOCCOCCOCCOCCOCCOCCOCCOCCOCCOCCOCCOCCOCCOCCOCCOCCOCCOCCOCCOCCOCCOCCOCCOCCOCCNC(=O)CCN4C(=O)C=CC4=O)S(=O)(=O)O,O=C(CCN1C(=O)C=CC1=O)NCCOCCOCCOCCOCCOCCOCCOCCOCCOCCOCCOCCOCCOCCOCCOCCOCCOCCOCCOCCOCCOCCOCCOCCOCCOCCOCCOCCOCCOCCOCCOCCOCCOCCOCCOCCOCCC(=O)NCC(C(=O)NCCC(=O)N1Cc2ccccc2C#Cc2ccccc21)S(=O)(=O)O,DBCO,N1Cc2ccccc2C#Cc2ccccc21
DBCO-PEG1-triethoxysilane ,CCO[Si](CCCNC(=O)CCOCCOCCOCCOCCNC(=O)CCC(=O)N1CC2=CC=CC=C2C#CC3=CC=CC=C31)(OCC)OCC,CCO[Si](CCCNC(=O)CCOCCOCCOCCOCCNC(=O)CCC(=O)N1Cc2ccccc2C#Cc2ccccc21)(OCC)OCC,DBCO,N1Cc2ccccc2C#Cc2ccccc21
DBCO-PEG2-triethoxysilane ,CCOCCO[Si](CCCNC(=O)CCOCCOCCOCCOCCOCCOCCOCCOCCNC(=O)CCC(=O)N1CC2=CC=CC=C2C#CC3=CC=CC=C31)(OCC)OCC,CCOCCO[Si](CCCNC(=O)CCOCCOCCOCCOCCOCCOCCOCCOCCNC(=O)CCC(=O)N1Cc2ccccc2C#Cc2ccccc21)(OCC)OCC,DBCO,N1Cc2ccccc2C#Cc2ccccc21
DBCO-PEG3-triethoxysilane ,CCOCCOCCO[Si](CCCNC(=O)CCOCCOCCOCCOCCOCCOCCOCCOCCOCCOCCOCCOCCNC(=O)CCC(=O)N1CC2=CC=CC=C2C#CC3=CC=CC=C31)(OCC)OCC,CCOCCOCCO[Si](CCCNC(=O)CCOCCOCCOCCOCCOCCOCCOCCOCCOCCOCCOCCOCCNC(=O)CCC(=O)N1Cc2ccccc2C#Cc2ccccc21)(OCC)OCC,DBCO,N1Cc2ccccc2C#Cc2ccccc21
DBCO-PEG4-triethoxysilane ,CCOCCOCCOCCO[Si](CCCNC(=O)CCOCCOCCOCCOCCOCCOCCOCCOCCOCCOCCOCCOCCOCCOCCOCCOCCNC(=O)CCC(=O)N1CC2=CC=CC=C2C#CC3=CC=CC=C31)(OCC)OCC,CCOCCOCCOCCO[Si](CCCNC(=O)CCOCCOCCOCCOCCOCCOCCOCCOCCOCCOCCOCCOCCOCCOCCOCCOCCNC(=O)CCC(=O)N1Cc2ccccc2C#Cc2ccccc21)(OCC)OCC,DBCO,N1Cc2ccccc2C#Cc2ccccc21
DBCO-PEG5-triethoxysilane ,CCOCCOCCOCCOCCO[Si](CCCNC(=O)CCOCCOCCOCCOCCOCCOCCOCCOCCOCCOCCOCCOCCOCCOCCOCCOCCOCCOCCOCCOCCNC(=O)CCC(=O)N1CC2=CC=CC=C2C#CC3=CC=CC=C31)(OCC)OCC,CCOCCOCCOCCOCCO[Si](CCCNC(=O)CCOCCOCCOCCOCCOCCOCCOCCOCCOCCOCCOCCOCCOCCOCCOCCOCCOCCOCCOCCOCCNC(=O)CCC(=O)N1Cc2ccccc2C#Cc2ccccc21)(OCC)OCC,DBCO,N1Cc2ccccc2C#Cc2ccccc21
DBCO-PEG6-triethoxysilane ,CCOCCOCCOCCOCCOCCO[Si](CCCNC(=O)CCOCCOCCOCCOCCOCCOCCOCCOCCOCCOCCOCCOCCOCCOCCOCCOCCOCCOCCOCCOCCOCCOCCOCCOCCNC(=O)CCC(=O)N1CC2=CC=CC=C2C#CC3=CC=CC=C31)(OCC)OCC,CCOCCOCCOCCOCCOCCO[Si](CCCNC(=O)CCOCCOCCOCCOCCOCCOCCOCCOCCOCCOCCOCCOCCOCCOCCOCCOCCOCCOCCOCCOCCOCCOCCOCCOCCNC(=O)CCC(=O)N1Cc2ccccc2C#Cc2ccccc21)(OCC)OCC,DBCO,N1Cc2ccccc2C#Cc2ccccc21
DBCO-PEG7-triethoxysilane ,CCOCCOCCOCCOCCOCCOCCO[Si](CCCNC(=O)CCOCCOCCOCCOCCOCCOCCOCCOCCOCCOCCOCCOCCOCCOCCOCCOCCOCCOCCOCCOCCOCCOCCOCCOCCOCCOCCOCCOCCNC(=O)CCC(=O)N1CC2=CC=CC=C2C#CC3=CC=CC=C31)(OCC)OCC,CCOCCOCCOCCOCCOCCOCCO[Si](CCCNC(=O)CCOCCOCCOCCOCCOCCOCCOCCOCCOCCOCCOCCOCCOCCOCCOCCOCCOCCOCCOCCOCCOCCOCCOCCOCCOCCOCCOCCOCCNC(=O)CCC(=O)N1Cc2ccccc2C#Cc2ccccc21)(OCC)OCC,DBCO,N1Cc2ccccc2C#Cc2ccccc21
DBCO-PEG8-triethoxysilane ,CCOCCOCCOCCOCCOCCOCCOCCO[Si](CCCNC(=O)CCOCCOCCOCCOCCOCCOCCOCCOCCOCCOCCOCCOCCOCCOCCOCCOCCOCCOCCOCCOCCOCCOCCOCCOCCOCCOCCOCCOCCOCCOCCOCCOCCNC(=O)CCC(=O)N1CC2=CC=CC=C2C#CC3=CC=CC=C31)(OCC)OCC,CCOCCOCCOCCOCCOCCOCCOCCO[Si](CCCNC(=O)CCOCCOCCOCCOCCOCCOCCOCCOCCOCCOCCOCCOCCOCCOCCOCCOCCOCCOCCOCCOCCOCCOCCOCCOCCOCCOCCOCCOCCOCCOCCOCCOCCNC(=O)CCC(=O)N1Cc2ccccc2C#Cc2ccccc21)(OCC)OCC,DBCO,N1Cc2ccccc2C#Cc2ccccc21
DBCO-PEG9-triethoxysilane ,CCOCCOCCOCCOCCOCCOCCOCCOCCO[Si](CCCNC(=O)CCOCCOCCOCCOCCOCCOCCOCCOCCOCCOCCOCCOCCOCCOCCOCCOCCOCCOCCOCCOCCOCCOCCOCCOCCOCCOCCOCCOCCOCCOCCOCCOCCOCCOCCOCCOCCNC(=O)CCC(=O)N1CC2=CC=CC=C2C#CC3=CC=CC=C31)(OCC)OCC,CCOCCOCCOCCOCCOCCOCCOCCOCCO[Si](CCCNC(=O)CCOCCOCCOCCOCCOCCOCCOCCOCCOCCOCCOCCOCCOCCOCCOCCOCCOCCOCCOCCOCCOCCOCCOCCOCCOCCOCCOCCOCCOCCOCCOCCOCCOCCOCCOCCOCCNC(=O)CCC(=O)N1Cc2ccccc2C#Cc2ccccc21)(OCC)OCC,DBCO,N1Cc2ccccc2C#Cc2ccccc21
Tetrazine-PEG1-DBCO ,CC1=NN=C(N=N1)C2=CC=C(C=C2)OCCOCCOCCOCCOCCOCCOCCOCCOCCOCCOCCOCCNC(=O)CCC(=O)N3CC4=CC=CC=C4C#CC5=CC=CC=C53,Cc1nnc(-c2ccc(OCCOCCOCCOCCOCCOCCOCCOCCOCCOCCOCCOCCNC(=O)CCC(=O)N3Cc4ccccc4C#Cc4ccccc43)cc2)nn1,DBCO,N1Cc2ccccc2C#Cc2ccccc21
Tetrazine-PEG2-DBCO ,CC1=NN=C(N=N1)C2=CC=C(C=C2)OCCOCCOCCOCCOCCOCCOCCOCCOCCOCCOCCOCCOCCOCCOCCOCCOCCOCCOCCOCCOCCOCCOCCNC(=O)CCC(=O)N3CC4=CC=CC=C4C#CC5=CC=CC=C53,Cc1nnc(-c2ccc(OCCOCCOCCOCCOCCOCCOCCOCCOCCOCCOCCOCCOCCOCCOCCOCCOCCOCCOCCOCCOCCOCCOCCNC(=O)CCC(=O)N3Cc4ccccc4C#Cc4ccccc43)cc2)nn1,DBCO,N1Cc2ccccc2C#Cc2ccccc21
Tetrazine-PEG3-DBCO ,CC1=NN=C(N=N1)C2=CC=C(C=C2)OCCOCCOCCOCCOCCOCCOCCOCCOCCOCCOCCOCCOCCOCCOCCOCCOCCOCCOCCOCCOCCOCCOCCOCCOCCOCCOCCOCCOCCOCCOCCOCCOCCOCCNC(=O)CCC(=O)N3CC4=CC=CC=C4C#CC5=CC=CC=C53,Cc1nnc(-c2ccc(OCCOCCOCCOCCOCCOCCOCCOCCOCCOCCOCCOCCOCCOCCOCCOCCOCCOCCOCCOCCOCCOCCOCCOCCOCCOCCOCCOCCOCCOCCOCCOCCOCCOCCNC(=O)CCC(=O)N3Cc4ccccc4C#Cc4ccccc43)cc2)nn1,DBCO,N1Cc2ccccc2C#Cc2ccccc21
Tetrazine-PEG4-DBCO ,CC1=NN=C(N=N1)C2=CC=C(C=C2)OCCOCCOCCOCCOCCOCCOCCOCCOCCOCCOCCOCCOCCOCCOCCOCCOCCOCCOCCOCCOCCOCCOCCOCCOCCOCCOCCOCCOCCOCCOCCOCCOCCOCCOCCOCCOCCOCCOCCOCCOCCOCCOCCOCCOCCNC(=O)CCC(=O)N3CC4=CC=CC=C4C#CC5=CC=CC=C53,Cc1nnc(-c2ccc(OCCOCCOCCOCCOCCOCCOCCOCCOCCOCCOCCOCCOCCOCCOCCOCCOCCOCCOCCOCCOCCOCCOCCOCCOCCOCCOCCOCCOCCOCCOCCOCCOCCOCCOCCOCCOCCOCCOCCOCCOCCOCCOCCOCCOCCNC(=O)CCC(=O)N3Cc4ccccc4C#Cc4ccccc43)cc2)nn1,DBCO,N1Cc2ccccc2C#Cc2ccccc21
Tetrazine-PEG5-DBCO ,CC1=NN=C(N=N1)C2=CC=C(C=C2)OCCOCCOCCOCCOCCOCCOCCOCCOCCOCCOCCOCCOCCOCCOCCOCCOCCOCCOCCOCCOCCOCCOCCOCCOCCOCCOCCOCCOCCOCCOCCOCCOCCOCCOCCOCCOCCOCCOCCOCCOCCOCCOCCOCCOCCOCCOCCOCCOCCOCCOCCOCCOCCOCCOCCOCCNC(=O)CCC(=O)N3CC4=CC=CC=C4C#CC5=CC=CC=C53,Cc1nnc(-c2ccc(OCCOCCOCCOCCOCCOCCOCCOCCOCCOCCOCCOCCOCCOCCOCCOCCOCCOCCOCCOCCOCCOCCOCCOCCOCCOCCOCCOCCOCCOCCOCCOCCOCCOCCOCCOCCOCCOCCOCCOCCOCCOCCOCCOCCOCCOCCOCCOCCOCCOCCOCCOCCOCCOCCOCCOCCNC(=O)CCC(=O)N3Cc4ccccc4C#Cc4ccccc43)cc2)nn1,DBCO,N1Cc2ccccc2C#Cc2ccccc21
Tetrazine-PEG6-DBCO ,CC1=NN=C(N=N1)C2=CC=C(C=C2)OCCOCCOCCOCCOCCOCCOCCOCCOCCOCCOCCOCCOCCOCCOCCOCCOCCOCCOCCOCCOCCOCCOCCOCCOCCOCCOCCOCCOCCOCCOCCOCCOCCOCCOCCOCCOCCOCCOCCOCCOCCOCCOCCOCCOCCOCCOCCOCCOCCOCCOCCOCCOCCOCCOCCOCCOCCOCCOCCOCCOCCOCCOCCOCCOCCOCCOCCNC(=O)CCC(=O)N3CC4=CC=CC=C4C#CC5=CC=CC=C53,Cc1nnc(-c2ccc(OCCOCCOCCOCCOCCOCCOCCOCCOCCOCCOCCOCCOCCOCCOCCOCCOCCOCCOCCOCCOCCOCCOCCOCCOCCOCCOCCOCCOCCOCCOCCOCCOCCOCCOCCOCCOCCOCCOCCOCCOCCOCCOCCOCCOCCOCCOCCOCCOCCOCCOCCOCCOCCOCCOCCOCCOCCOCCOCCOCCOCCOCCOCCOCCOCCOCCOCCNC(=O)CCC(=O)N3Cc4ccccc4C#Cc4ccccc43)cc2)nn1,DBCO,N1Cc2ccccc2C#Cc2ccccc21
Tetrazine-PEG7-DBCO ,CC1=NN=C(N=N1)C2=CC=C(C=C2)OCCOCCOCCOCCOCCOCCOCCOCCOCCOCCOCCOCCOCCOCCOCCOCCOCCOCCOCCOCCOCCOCCOCCOCCOCCOCCOCCOCCOCCOCCOCCOCCOCCOCCOCCOCCOCCOCCOCCOCCOCCOCCOCCOCCOCCOCCOCCOCCOCCOCCOCCOCCOCCOCCOCCOCCOCCOCCOCCOCCOCCOCCOCCOCCOCCOCCOCCOCCOCCOCCOCCOCCOCCOCCOCCOCCOCCOCCNC(=O)CCC(=O)N3CC4=CC=CC=C4C#CC5=CC=CC=C53,Cc1nnc(-c2ccc(OCCOCCOCCOCCOCCOCCOCCOCCOCCOCCOCCOCCOCCOCCOCCOCCOCCOCCOCCOCCOCCOCCOCCOCCOCCOCCOCCOCCOCCOCCOCCOCCOCCOCCOCCOCCOCCOCCOCCOCCOCCOCCOCCOCCOCCOCCOCCOCCOCCOCCOCCOCCOCCOCCOCCOCCOCCOCCOCCOCCOCCOCCOCCOCCOCCOCCOCCOCCOCCOCCOCCOCCOCCOCCOCCOCCOCCOCCNC(=O)CCC(=O)N3Cc4ccccc4C#Cc4ccccc43)cc2)nn1,DBCO,N1Cc2ccccc2C#Cc2ccccc21
Tetrazine-PEG8-DBCO ,CC1=NN=C(N=N1)C2=CC=C(C=C2)OCCOCCOCCOCCOCCOCCOCCOCCOCCOCCOCCOCCOCCOCCOCCOCCOCCOCCOCCOCCOCCOCCOCCOCCOCCOCCOCCOCCOCCOCCOCCOCCOCCOCCOCCOCCOCCOCCOCCOCCOCCOCCOCCOCCOCCOCCOCCOCCOCCOCCOCCOCCOCCOCCOCCOCCOCCOCCOCCOCCOCCOCCOCCOCCOCCOCCOCCOCCOCCOCCOCCOCCOCCOCCOCCOCCOCCOCCOCCOCCOCCOCCOCCOCCOCCOCCOCCOCCOCCNC(=O)CCC(=O)N3CC4=CC=CC=C4C#CC5=CC=CC=C53,Cc1nnc(-c2ccc(OCCOCCOCCOCCOCCOCCOCCOCCOCCOCCOCCOCCOCCOCCOCCOCCOCCOCCOCCOCCOCCOCCOCCOCCOCCOCCOCCOCCOCCOCCOCCOCCOCCOCCOCCOCCOCCOCCOCCOCCOCCOCCOCCOCCOCCOCCOCCOCCOCCOCCOCCOCCOCCOCCOCCOCCOCCOCCOCCOCCOCCOCCOCCOCCOCCOCCOCCOCCOCCOCCOCCOCCOCCOCCOCCOCCOCCOCCOCCOCCOCCOCCOCCOCCOCCOCCOCCOCCOCCNC(=O)CCC(=O)N3Cc4ccccc4C#Cc4ccccc43)cc2)nn1,DBCO,N1Cc2ccccc2C#Cc2ccccc21
Tetrazine-PEG9-DBCO ,CC1=NN=C(N=N1)C2=CC=C(C=C2)OCCOCCOCCOCCOCCOCCOCCOCCOCCOCCOCCOCCOCCOCCOCCOCCOCCOCCOCCOCCOCCOCCOCCOCCOCCOCCOCCOCCOCCOCCOCCOCCOCCOCCOCCOCCOCCOCCOCCOCCOCCOCCOCCOCCOCCOCCOCCOCCOCCOCCOCCOCCOCCOCCOCCOCCOCCOCCOCCOCCOCCOCCOCCOCCOCCOCCOCCOCCOCCOCCOCCOCCOCCOCCOCCOCCOCCOCCOCCOCCOCCOCCOCCOCCOCCOCCOCCOCCOCCOCCOCCOCCOCCOCCOCCOCCOCCOCCOCCOCCNC(=O)CCC(=O)N3CC4=CC=CC=C4C#CC5=CC=CC=C53,Cc1nnc(-c2ccc(OCCOCCOCCOCCOCCOCCOCCOCCOCCOCCOCCOCCOCCOCCOCCOCCOCCOCCOCCOCCOCCOCCOCCOCCOCCOCCOCCOCCOCCOCCOCCOCCOCCOCCOCCOCCOCCOCCOCCOCCOCCOCCOCCOCCOCCOCCOCCOCCOCCOCCOCCOCCOCCOCCOCCOCCOCCOCCOCCOCCOCCOCCOCCOCCOCCOCCOCCOCCOCCOCCOCCOCCOCCOCCOCCOCCOCCOCCOCCOCCOCCOCCOCCOCCOCCOCCOCCOCCOCCOCCOCCOCCOCCOCCOCCOCCOCCOCCOCCOCCNC(=O)CCC(=O)N3Cc4ccccc4C#Cc4ccccc43)cc2)nn1,DBCO,N1Cc2ccccc2C#Cc2ccccc21
DBCO-PEG1-methyl ,COCCOCCOCCOCCNC(=O)CCC(=O)N1CC2=CC=CC=C2C#CC3=CC=CC=C31,COCCOCCOCCOCCNC(=O)CCC(=O)N1Cc2ccccc2C#Cc2ccccc21,DBCO,N1Cc2ccccc2C#Cc2ccccc21
DBCO-PEG2-methyl ,COCCOCCOCCOCCOCCOCCOCCNC(=O)CCC(=O)N1CC2=CC=CC=C2C#CC3=CC=CC=C31,COCCOCCOCCOCCOCCOCCOCCNC(=O)CCC(=O)N1Cc2ccccc2C#Cc2ccccc21,DBCO,N1Cc2ccccc2C#Cc2ccccc21
DBCO-PEG3-methyl ,COCCOCCOCCOCCOCCOCCOCCOCCOCCOCCNC(=O)CCC(=O)N1CC2=CC=CC=C2C#CC3=CC=CC=C31,COCCOCCOCCOCCOCCOCCOCCOCCOCCOCCNC(=O)CCC(=O)N1Cc2ccccc2C#Cc2ccccc21,DBCO,N1Cc2ccccc2C#Cc2ccccc21
DBCO-PEG4-methyl ,COCCOCCOCCOCCOCCOCCOCCOCCOCCOCCOCCOCCOCCNC(=O)CCC(=O)N1CC2=CC=CC=C2C#CC3=CC=CC=C31,COCCOCCOCCOCCOCCOCCOCCOCCOCCOCCOCCOCCOCCNC(=O)CCC(=O)N1Cc2ccccc2C#Cc2ccccc21,DBCO,N1Cc2ccccc2C#Cc2ccccc21
DBCO-PEG5-methyl ,COCCOCCOCCOCCOCCOCCOCCOCCOCCOCCOCCOCCOCCOCCOCCOCCNC(=O)CCC(=O)N1CC2=CC=CC=C2C#CC3=CC=CC=C31,COCCOCCOCCOCCOCCOCCOCCOCCOCCOCCOCCOCCOCCOCCOCCOCCNC(=O)CCC(=O)N1Cc2ccccc2C#Cc2ccccc21,DBCO,N1Cc2ccccc2C#Cc2ccccc21
DBCO-PEG6-methyl ,COCCOCCOCCOCCOCCOCCOCCOCCOCCOCCOCCOCCOCCOCCOCCOCCOCCOCCOCCNC(=O)CCC(=O)N1CC2=CC=CC=C2C#CC3=CC=CC=C31,COCCOCCOCCOCCOCCOCCOCCOCCOCCOCCOCCOCCOCCOCCOCCOCCOCCOCCOCCNC(=O)CCC(=O)N1Cc2ccccc2C#Cc2ccccc21,DBCO,N1Cc2ccccc2C#Cc2ccccc21
DBCO-PEG7-methyl ,COCCOCCOCCOCCOCCOCCOCCOCCOCCOCCOCCOCCOCCOCCOCCOCCOCCOCCOCCOCCOCCOCCNC(=O)CCC(=O)N1CC2=CC=CC=C2C#CC3=CC=CC=C31,COCCOCCOCCOCCOCCOCCOCCOCCOCCOCCOCCOCCOCCOCCOCCOCCOCCOCCOCCOCCOCCOCCNC(=O)CCC(=O)N1Cc2ccccc2C#Cc2ccccc21,DBCO,N1Cc2ccccc2C#Cc2ccccc21
DBCO-PEG8-methyl ,COCCOCCOCCOCCOCCOCCOCCOCCOCCOCCOCCOCCOCCOCCOCCOCCOCCOCCOCCOCCOCCOCCOCCOCCOCCNC(=O)CCC(=O)N1CC2=CC=CC=C2C#CC3=CC=CC=C31,COCCOCCOCCOCCOCCOCCOCCOCCOCCOCCOCCOCCOCCOCCOCCOCCOCCOCCOCCOCCOCCOCCOCCOCCOCCNC(=O)CCC(=O)N1Cc2ccccc2C#Cc2ccccc21,DBCO,N1Cc2ccccc2C#Cc2ccccc21
DBCO-PEG9-methyl ,COCCOCCOCCOCCOCCOCCOCCOCCOCCOCCOCCOCCOCCOCCOCCOCCOCCOCCOCCOCCOCCOCCOCCOCCOCCOCCOCCOCCNC(=O)CCC(=O)N1CC2=CC=CC=C2C#CC3=CC=CC=C31,COCCOCCOCCOCCOCCOCCOCCOCCOCCOCCOCCOCCOCCOCCOCCOCCOCCOCCOCCOCCOCCOCCOCCOCCOCCOCCOCCOCCNC(=O)CCC(=O)N1Cc2ccccc2C#Cc2ccccc21,DBCO,N1Cc2ccccc2C#Cc2ccccc21
N3-PEG1-Tosyl ,CC1=CC=C(C=C1)S(=O)(=O)OCCOCCOCCN=[N+]=[N-],Cc1ccc(S(=O)(=O)OCCOCCOCCN=[N+]=[N-])cc1,Azide,[N-]=[N+]=N
N3-PEG2-Tosyl ,CC1=CC=C(C=C1)S(=O)(=O)OCCOCCOCCOCCOCCN=[N+]=[N-],Cc1ccc(S(=O)(=O)OCCOCCOCCOCCOCCN=[N+]=[N-])cc1,Azide,[N-]=[N+]=N
N3-PEG3-Tosyl ,CC1=CC=C(C=C1)S(=O)(=O)OCCOCCOCCOCCOCCOCCOCCN=[N+]=[N-],Cc1ccc(S(=O)(=O)OCCOCCOCCOCCOCCOCCOCCN=[N+]=[N-])cc1,Azide,[N-]=[N+]=N
N3-PEG4-Tosyl ,CC1=CC=C(C=C1)S(=O)(=O)OCCOCCOCCOCCOCCOCCOCCOCCOCCN=[N+]=[N-],Cc1ccc(S(=O)(=O)OCCOCCOCCOCCOCCOCCOCCOCCOCCN=[N+]=[N-])cc1,Azide,[N-]=[N+]=N
N3-PEG5-Tosyl ,CC1=CC=C(C=C1)S(=O)(=O)OCCOCCOCCOCCOCCOCCOCCOCCOCCOCCOCCN=[N+]=[N-],Cc1ccc(S(=O)(=O)OCCOCCOCCOCCOCCOCCOCCOCCOCCOCCOCCN=[N+]=[N-])cc1,Azide,[N-]=[N+]=N
N3-PEG6-Tosyl ,CC1=CC=C(C=C1)S(=O)(=O)OCCOCCOCCOCCOCCOCCOCCOCCOCCOCCOCCOCCOCCN=[N+]=[N-],Cc1ccc(S(=O)(=O)OCCOCCOCCOCCOCCOCCOCCOCCOCCOCCOCCOCCOCCN=[N+]=[N-])cc1,Azide,[N-]=[N+]=N
N3-PEG7-Tosyl ,CC1=CC=C(C=C1)S(=O)(=O)OCCOCCOCCOCCOCCOCCOCCOCCOCCOCCOCCOCCOCCOCCOCCN=[N+]=[N-],Cc1ccc(S(=O)(=O)OCCOCCOCCOCCOCCOCCOCCOCCOCCOCCOCCOCCOCCOCCOCCN=[N+]=[N-])cc1,Azide,[N-]=[N+]=N
N3-PEG8-Tosyl ,CC1=CC=C(C=C1)S(=O)(=O)OCCOCCOCCOCCOCCOCCOCCOCCOCCOCCOCCOCCOCCOCCOCCOCCOCCN=[N+]=[N-],Cc1ccc(S(=O)(=O)OCCOCCOCCOCCOCCOCCOCCOCCOCCOCCOCCOCCOCCOCCOCCOCCOCCN=[N+]=[N-])cc1,Azide,[N-]=[N+]=N
N3-PEG9-Tosyl ,CC1=CC=C(C=C1)S(=O)(=O)OCCOCCOCCOCCOCCOCCOCCOCCOCCOCCOCCOCCOCCOCCOCCOCCOCCOCCOCCN=[N+]=[N-],Cc1ccc(S(=O)(=O)OCCOCCOCCOCCOCCOCCOCCOCCOCCOCCOCCOCCOCCOCCOCCOCCOCCOCCOCCN=[N+]=[N-])cc1,Azide,[N-]=[N+]=N
Tosyl-PEG1-alkyne ,CC1=CC=C(C=C1)S(=O)(=O)OCCOCC#C,C#CCOCCOS(=O)(=O)c1ccc(C)cc1,Alkyne,C#C
Tosyl-PEG2-alkyne ,CC1=CC=C(C=C1)S(=O)(=O)OCCOCCOCC#C,C#CCOCCOCCOS(=O)(=O)c1ccc(C)cc1,Alkyne,C#C
Tosyl-PEG3-alkyne ,CC1=CC=C(C=C1)S(=O)(=O)OCCOCCOCCOCC#C,C#CCOCCOCCOCCOS(=O)(=O)c1ccc(C)cc1,Alkyne,C#C
Tosyl-PEG4-alkyne ,CC1=CC=C(C=C1)S(=O)(=O)OCCOCCOCCOCCOCC#C,C#CCOCCOCCOCCOCCOS(=O)(=O)c1ccc(C)cc1,Alkyne,C#C
Tosyl-PEG5-alkyne ,CC1=CC=C(C=C1)S(=O)(=O)OCCOCCOCCOCCOCCOCC#C,C#CCOCCOCCOCCOCCOCCOS(=O)(=O)c1ccc(C)cc1,Alkyne,C#C
Tosyl-PEG6-alkyne ,CC1=CC=C(C=C1)S(=O)(=O)OCCOCCOCCOCCOCCOCCOCC#C,C#CCOCCOCCOCCOCCOCCOCCOS(=O)(=O)c1ccc(C)cc1,Alkyne,C#C
Tosyl-PEG7-alkyne ,CC1=CC=C(C=C1)S(=O)(=O)OCCOCCOCCOCCOCCOCCOCCOCC#C,C#CCOCCOCCOCCOCCOCCOCCOCCOS(=O)(=O)c1ccc(C)cc1,Alkyne,C#C
Tosyl-PEG8-alkyne ,CC1=CC=C(C=C1)S(=O)(=O)OCCOCCOCCOCCOCCOCCOCCOCCOCC#C,C#CCOCCOCCOCCOCCOCCOCCOCCOCCOS(=O)(=O)c1ccc(C)cc1,Alkyne,C#C
Tosyl-PEG9-alkyne ,CC1=CC=C(C=C1)S(=O)(=O)OCCOCCOCCOCCOCCOCCOCCOCCOCCOCC#C,C#CCOCCOCCOCCOCCOCCOCCOCCOCCOCCOS(=O)(=O)c1ccc(C)cc1,Alkyne,C#C
t-Boc-Aminooxy-PEG4-Tosyl,CC1=CC=C(C=C1)S(=O)(=O)OCCOCCOCCOCCONC(=O)OC(C)(C)C,Cc1ccc(S(=O)(=O)OCCOCCOCCOCCON)cc1,Oxyamine,CON
Alkyne-PEG2-mesyl ,CS(=O)(=O)OCCOCCOCCOCCOCC#C,C#CCOCCOCCOCCOCCOS(C)(=O)=O,Alkyne,C#C
Alkyne-PEG3-mesyl ,CS(=O)(=O)OCCOCCOCCOCCOCCOCCOCC#C,C#CCOCCOCCOCCOCCOCCOCCOS(C)(=O)=O,Alkyne,C#C
Alkyne-PEG4-mesyl ,CS(=O)(=O)OCCOCCOCCOCCOCCOCCOCCOCCOCC#C,C#CCOCCOCCOCCOCCOCCOCCOCCOCCOS(C)(=O)=O,Alkyne,C#C
Alkyne-PEG5-mesyl ,CS(=O)(=O)OCCOCCOCCOCCOCCOCCOCCOCCOCCOCCOCC#C,C#CCOCCOCCOCCOCCOCCOCCOCCOCCOCCOCCOS(C)(=O)=O,Alkyne,C#C
Alkyne-PEG6-mesyl ,CS(=O)(=O)OCCOCCOCCOCCOCCOCCOCCOCCOCCOCCOCCOCCOCC#C,C#CCOCCOCCOCCOCCOCCOCCOCCOCCOCCOCCOCCOCCOS(C)(=O)=O,Alkyne,C#C
Alkyne-PEG7-mesyl ,CS(=O)(=O)OCCOCCOCCOCCOCCOCCOCCOCCOCCOCCOCCOCCOCCOCCOCC#C,C#CCOCCOCCOCCOCCOCCOCCOCCOCCOCCOCCOCCOCCOCCOCCOS(C)(=O)=O,Alkyne,C#C
Alkyne-PEG8-mesyl ,CS(=O)(=O)OCCOCCOCCOCCOCCOCCOCCOCCOCCOCCOCCOCCOCCOCCOCCOCCOCC#C,C#CCOCCOCCOCCOCCOCCOCCOCCOCCOCCOCCOCCOCCOCCOCCOCCOCCOS(C)(=O)=O,Alkyne,C#C
Alkyne-PEG9-mesyl ,CS(=O)(=O)OCCOCCOCCOCCOCCOCCOCCOCCOCCOCCOCCOCCOCCOCCOCCOCCOCCOCCOCC#C,C#CCOCCOCCOCCOCCOCCOCCOCCOCCOCCOCCOCCOCCOCCOCCOCCOCCOCCOCCOS(C)(=O)=O,Alkyne,C#C
Aminooxy-PEG1-alcohol ,C(COCCON)O,NOCCOCCO,Oxyamine,CON
Aminooxy-PEG2-alcohol ,C(COCCOCCON)O,NOCCOCCOCCO,Oxyamine,CON
Aminooxy-PEG3-alcohol ,C(COCCOCCOCCON)O,NOCCOCCOCCOCCO,Oxyamine,CON
Aminooxy-PEG4-alcohol ,C(COCCOCCOCCOCCON)O,NOCCOCCOCCOCCOCCO,Oxyamine,CON
Aminooxy-PEG5-alcohol ,C(COCCOCCOCCOCCOCCON)O,NOCCOCCOCCOCCOCCOCCO,Oxyamine,CON
Aminooxy-PEG6-alcohol ,C(COCCOCCOCCOCCOCCOCCON)O,NOCCOCCOCCOCCOCCOCCOCCO,Oxyamine,CON
Aminooxy-PEG7-alcohol ,C(COCCOCCOCCOCCOCCOCCOCCON)O,NOCCOCCOCCOCCOCCOCCOCCOCCO,Oxyamine,CON
Aminooxy-PEG8-alcohol ,C(COCCOCCOCCOCCOCCOCCOCCOCCON)O,NOCCOCCOCCOCCOCCOCCOCCOCCOCCO,Oxyamine,CON
Aminooxy-PEG9-alcohol ,C(COCCOCCOCCOCCOCCOCCOCCOCCOCCON)O,NOCCOCCOCCOCCOCCOCCOCCOCCOCCOCCO,Oxyamine,CON
Aminooxy-PEG1-N3 ,C(COCCON)N=[N+]=[N-],[N-]=[N+]=NCCOCCON,Azide,[N-]=[N+]=N
Aminooxy-PEG2-N3 ,C(COCCOCCON)N=[N+]=[N-],[N-]=[N+]=NCCOCCOCCON,Azide,[N-]=[N+]=N
Aminooxy-PEG3-N3 ,C(COCCOCCOCCON)N=[N+]=[N-],[N-]=[N+]=NCCOCCOCCOCCON,Azide,[N-]=[N+]=N
Aminooxy-PEG4-N3 ,C(COCCOCCOCCOCCON)N=[N+]=[N-],[N-]=[N+]=NCCOCCOCCOCCOCCON,Azide,[N-]=[N+]=N
Aminooxy-PEG5-N3 ,C(COCCOCCOCCOCCOCCON)N=[N+]=[N-],[N-]=[N+]=NCCOCCOCCOCCOCCOCCON,Azide,[N-]=[N+]=N
Aminooxy-PEG6-N3 ,C(COCCOCCOCCOCCOCCOCCON)N=[N+]=[N-],[N-]=[N+]=NCCOCCOCCOCCOCCOCCOCCON,Azide,[N-]=[N+]=N
Aminooxy-PEG7-N3 ,C(COCCOCCOCCOCCOCCOCCOCCON)N=[N+]=[N-],[N-]=[N+]=NCCOCCOCCOCCOCCOCCOCCOCCON,Azide,[N-]=[N+]=N
Aminooxy-PEG8-N3 ,C(COCCOCCOCCOCCOCCOCCOCCOCCON)N=[N+]=[N-],[N-]=[N+]=NCCOCCOCCOCCOCCOCCOCCOCCOCCON,Azide,[N-]=[N+]=N
Aminooxy-PEG9-N3 ,C(COCCOCCOCCOCCOCCOCCOCCOCCOCCON)N=[N+]=[N-],[N-]=[N+]=NCCOCCOCCOCCOCCOCCOCCOCCOCCOCCON,Azide,[N-]=[N+]=N
Aminooxy-PEG3-bromide,C(COCCON)OCCOCCBr,NOCCOCCOCCOCCBr,Oxyamine,CON
Aminooxy-PEG1-methane ,COCCOCCON,COCCOCCON,Oxyamine,CON
Aminooxy-PEG2-methane ,COCCOCCOCCOCCON,COCCOCCOCCOCCON,Oxyamine,CON
Aminooxy-PEG3-methane ,COCCOCCOCCOCCOCCOCCON,COCCOCCOCCOCCOCCOCCON,Oxyamine,CON
Aminooxy-PEG4-methane ,COCCOCCOCCOCCOCCOCCOCCOCCON,COCCOCCOCCOCCOCCOCCOCCOCCON,Oxyamine,CON
Aminooxy-PEG5-methane ,COCCOCCOCCOCCOCCOCCOCCOCCOCCOCCON,COCCOCCOCCOCCOCCOCCOCCOCCOCCOCCON,Oxyamine,CON
Aminooxy-PEG6-methane ,COCCOCCOCCOCCOCCOCCOCCOCCOCCOCCOCCOCCON,COCCOCCOCCOCCOCCOCCOCCOCCOCCOCCOCCOCCON,Oxyamine,CON
Aminooxy-PEG7-methane ,COCCOCCOCCOCCOCCOCCOCCOCCOCCOCCOCCOCCOCCOCCON,COCCOCCOCCOCCOCCOCCOCCOCCOCCOCCOCCOCCOCCOCCON,Oxyamine,CON
Aminooxy-PEG8-methane ,COCCOCCOCCOCCOCCOCCOCCOCCOCCOCCOCCOCCOCCOCCOCCOCCON,COCCOCCOCCOCCOCCOCCOCCOCCOCCOCCOCCOCCOCCOCCOCCOCCON,Oxyamine,CON
Aminooxy-PEG9-methane ,COCCOCCOCCOCCOCCOCCOCCOCCOCCOCCOCCOCCOCCOCCOCCOCCOCCOCCON,COCCOCCOCCOCCOCCOCCOCCOCCOCCOCCOCCOCCOCCOCCOCCOCCOCCOCCON,Oxyamine,CON
Aminooxy-PEG1-aminooxy ,C(CON)OCCON,NOCCOCCON,Oxyamine,CON
Aminooxy-PEG2-aminooxy ,C(CON)OCCOCCON,NOCCOCCOCCON,Oxyamine,CON
Aminooxy-PEG3-aminooxy ,C(CON)OCCOCCOCCON,NOCCOCCOCCOCCON,Oxyamine,CON
Aminooxy-PEG4-aminooxy ,C(CON)OCCOCCOCCOCCON,NOCCOCCOCCOCCOCCON,Oxyamine,CON
Aminooxy-PEG5-aminooxy ,C(CON)OCCOCCOCCOCCOCCON,NOCCOCCOCCOCCOCCOCCON,Oxyamine,CON
Aminooxy-PEG6-aminooxy ,C(CON)OCCOCCOCCOCCOCCOCCON,NOCCOCCOCCOCCOCCOCCOCCON,Oxyamine,CON
Aminooxy-PEG7-aminooxy ,C(CON)OCCOCCOCCOCCOCCOCCOCCON,NOCCOCCOCCOCCOCCOCCOCCOCCON,Oxyamine,CON
Aminooxy-PEG8-aminooxy ,C(CON)OCCOCCOCCOCCOCCOCCOCCOCCON,NOCCOCCOCCOCCOCCOCCOCCOCCOCCON,Oxyamine,CON
Aminooxy-PEG9-aminooxy ,C(CON)OCCOCCOCCOCCOCCOCCOCCOCCOCCON,NOCCOCCOCCOCCOCCOCCOCCOCCOCCOCCON,Oxyamine,CON
t-Boc-Aminooxy-PEG6-alcohol ,CC(C)(C)OC(=O)NOCCOCCOCCOCCOCCOCCOCCOCCOCCOCCOCCOCCO,NOCCOCCOCCOCCOCCOCCOCCOCCOCCOCCOCCOCCO,Oxyamine,CON
t-Boc-Aminooxy-PEG7-alcohol ,CC(C)(C)OC(=O)NOCCOCCOCCOCCOCCOCCOCCOCCOCCOCCOCCOCCOCCOCCO,NOCCOCCOCCOCCOCCOCCOCCOCCOCCOCCOCCOCCOCCOCCO,Oxyamine,CON
t-Boc-Aminooxy-PEG8-alcohol ,CC(C)(C)OC(=O)NOCCOCCOCCOCCOCCOCCOCCOCCOCCOCCOCCOCCOCCOCCOCCOCCO,NOCCOCCOCCOCCOCCOCCOCCOCCOCCOCCOCCOCCOCCOCCOCCOCCO,Oxyamine,CON
t-Boc-Aminooxy-PEG9-alcohol ,CC(C)(C)OC(=O)NOCCOCCOCCOCCOCCOCCOCCOCCOCCOCCOCCOCCOCCOCCOCCOCCOCCOCCO,NOCCOCCOCCOCCOCCOCCOCCOCCOCCOCCOCCOCCOCCOCCOCCOCCOCCOCCO,Oxyamine,CON
t-Boc-Aminooxy-PEG1-amine ,CC(C)(C)OC(=O)NOCCOCCN,NCCOCCON,Oxyamine,CON
t-Boc-Aminooxy-PEG2-amine ,CC(C)(C)OC(=O)NOCCOCCOCCN,NCCOCCOCCON,Oxyamine,CON
t-Boc-Aminooxy-PEG4-amine ,CC(C)(C)OC(=O)NOCCOCCOCCOCCOCCN,NCCOCCOCCOCCOCCON,Oxyamine,CON
t-Boc-Aminooxy-PEG5-amine ,CC(C)(C)OC(=O)NOCCOCCOCCOCCOCCOCCN,NCCOCCOCCOCCOCCOCCON,Oxyamine,CON
t-Boc-Aminooxy-PEG6-amine ,CC(C)(C)OC(=O)NOCCOCCOCCOCCOCCOCCOCCN,NCCOCCOCCOCCOCCOCCOCCON,Oxyamine,CON
t-Boc-Aminooxy-PEG7-amine ,CC(C)(C)OC(=O)NOCCOCCOCCOCCOCCOCCOCCOCCN,NCCOCCOCCOCCOCCOCCOCCOCCON,Oxyamine,CON
t-Boc-Aminooxy-PEG8-amine ,CC(C)(C)OC(=O)NOCCOCCOCCOCCOCCOCCOCCOCCOCCN,NCCOCCOCCOCCOCCOCCOCCOCCOCCON,Oxyamine,CON
t-Boc-Aminooxy-PEG9-amine ,CC(C)(C)OC(=O)NOCCOCCOCCOCCOCCOCCOCCOCCOCCOCCN,NCCOCCOCCOCCOCCOCCOCCOCCOCCOCCON,Oxyamine,CON
t-Boc-Aminooxy-PEG2-Bromide ,CC(C)(C)OC(=O)NOCCOCCOCCOCCOCCOCCOCCBr,NOCCOCCOCCOCCOCCOCCOCCBr,Oxyamine,CON
t-Boc-Aminooxy-PEG3-Bromide ,CC(C)(C)OC(=O)NOCCOCCOCCOCCOCCOCCOCCOCCOCCOCCBr,NOCCOCCOCCOCCOCCOCCOCCOCCOCCOCCBr,Oxyamine,CON
t-Boc-Aminooxy-PEG4-Bromide ,CC(C)(C)OC(=O)NOCCOCCOCCOCCOCCOCCOCCOCCOCCOCCOCCOCCOCCBr,NOCCOCCOCCOCCOCCOCCOCCOCCOCCOCCOCCOCCOCCBr,Oxyamine,CON
t-Boc-Aminooxy-PEG5-Bromide ,CC(C)(C)OC(=O)NOCCOCCOCCOCCOCCOCCOCCOCCOCCOCCOCCOCCOCCOCCOCCOCCBr,NOCCOCCOCCOCCOCCOCCOCCOCCOCCOCCOCCOCCOCCOCCOCCOCCBr,Oxyamine,CON
t-Boc-Aminooxy-PEG6-Bromide ,CC(C)(C)OC(=O)NOCCOCCOCCOCCOCCOCCOCCOCCOCCOCCOCCOCCOCCOCCOCCOCCOCCOCCOCCBr,NOCCOCCOCCOCCOCCOCCOCCOCCOCCOCCOCCOCCOCCOCCOCCOCCOCCOCCOCCBr,Oxyamine,CON
t-Boc-Aminooxy-PEG7-Bromide ,CC(C)(C)OC(=O)NOCCOCCOCCOCCOCCOCCOCCOCCOCCOCCOCCOCCOCCOCCOCCOCCOCCOCCOCCOCCOCCOCCBr,NOCCOCCOCCOCCOCCOCCOCCOCCOCCOCCOCCOCCOCCOCCOCCOCCOCCOCCOCCOCCOCCOCCBr,Oxyamine,CON
t-Boc-Aminooxy-PEG8-Bromide ,CC(C)(C)OC(=O)NOCCOCCOCCOCCOCCOCCOCCOCCOCCOCCOCCOCCOCCOCCOCCOCCOCCOCCOCCOCCOCCOCCOCCOCCOCCBr,NOCCOCCOCCOCCOCCOCCOCCOCCOCCOCCOCCOCCOCCOCCOCCOCCOCCOCCOCCOCCOCCOCCOCCOCCOCCBr,Oxyamine,CON
t-Boc-Aminooxy-PEG9-Bromide ,CC(C)(C)OC(=O)NOCCOCCOCCOCCOCCOCCOCCOCCOCCOCCOCCOCCOCCOCCOCCOCCOCCOCCOCCOCCOCCOCCOCCOCCOCCOCCOCCOCCBr,NOCCOCCOCCOCCOCCOCCOCCOCCOCCOCCOCCOCCOCCOCCOCCOCCOCCOCCOCCOCCOCCOCCOCCOCCOCCOCCOCCOCCBr,Oxyamine,CON
t-Boc-aminooxy-PEG7-Methane,CC(C)(C)OC(=O)NOCCOCCOCCOCCOCCOCCOCCOC,COCCOCCOCCOCCOCCOCCOCCON,Oxyamine,CON
t-Boc-Aminooxy-PEG3-Oxyamine ,CC(C)(C)OC(=O)NOCCOCCOCCOCCOCCOCCOCCOCCOCCOCCOCCOCCON,NOCCOCCOCCOCCOCCOCCOCCOCCOCCOCCOCCOCCON,Oxyamine,CON
t-Boc-Aminooxy-PEG4-Oxyamine ,CC(C)(C)OC(=O)NOCCOCCOCCOCCOCCOCCOCCOCCOCCOCCOCCOCCOCCOCCOCCOCCON,NOCCOCCOCCOCCOCCOCCOCCOCCOCCOCCOCCOCCOCCOCCOCCOCCON,Oxyamine,CON
t-Boc-Aminooxy-PEG5-Oxyamine ,CC(C)(C)OC(=O)NOCCOCCOCCOCCOCCOCCOCCOCCOCCOCCOCCOCCOCCOCCOCCOCCOCCOCCOCCOCCON,NOCCOCCOCCOCCOCCOCCOCCOCCOCCOCCOCCOCCOCCOCCOCCOCCOCCOCCOCCOCCON,Oxyamine,CON
t-Boc-Aminooxy-PEG6-Oxyamine ,CC(C)(C)OC(=O)NOCCOCCOCCOCCOCCOCCOCCOCCOCCOCCOCCOCCOCCOCCOCCOCCOCCOCCOCCOCCOCCOCCOCCOCCON,NOCCOCCOCCOCCOCCOCCOCCOCCOCCOCCOCCOCCOCCOCCOCCOCCOCCOCCOCCOCCOCCOCCOCCOCCON,Oxyamine,CON
t-Boc-Aminooxy-PEG7-Oxyamine ,CC(C)(C)OC(=O)NOCCOCCOCCOCCOCCOCCOCCOCCOCCOCCOCCOCCOCCOCCOCCOCCOCCOCCOCCOCCOCCOCCOCCOCCOCCOCCOCCOCCON,NOCCOCCOCCOCCOCCOCCOCCOCCOCCOCCOCCOCCOCCOCCOCCOCCOCCOCCOCCOCCOCCOCCOCCOCCOCCOCCOCCOCCON,Oxyamine,CON
t-Boc-Aminooxy-PEG8-Oxyamine ,CC(C)(C)OC(=O)NOCCOCCOCCOCCOCCOCCOCCOCCOCCOCCOCCOCCOCCOCCOCCOCCOCCOCCOCCOCCOCCOCCOCCOCCOCCOCCOCCOCCOCCOCCOCCOCCON,NOCCOCCOCCOCCOCCOCCOCCOCCOCCOCCOCCOCCOCCOCCOCCOCCOCCOCCOCCOCCOCCOCCOCCOCCOCCOCCOCCOCCOCCOCCOCCOCCON,Oxyamine,CON
t-Boc-Aminooxy-PEG9-Oxyamine ,CC(C)(C)OC(=O)NOCCOCCOCCOCCOCCOCCOCCOCCOCCOCCOCCOCCOCCOCCOCCOCCOCCOCCOCCOCCOCCOCCOCCOCCOCCOCCOCCOCCOCCOCCOCCOCCOCCOCCOCCOCCON,NOCCOCCOCCOCCOCCOCCOCCOCCOCCOCCOCCOCCOCCOCCOCCOCCOCCOCCOCCOCCOCCOCCOCCOCCOCCOCCOCCOCCOCCOCCOCCOCCOCCOCCOCCOCCON,Oxyamine,CON
t-Boc-Aminooxy-PEG1-Thiol ,CC(C)(C)OC(=O)NOCCOCCOCCOCCS,NOCCOCCOCCOCCS,Oxyamine,CON
t-Boc-Aminooxy-PEG2-Thiol ,CC(C)(C)OC(=O)NOCCOCCOCCOCCOCCOCCOCCS,NOCCOCCOCCOCCOCCOCCOCCS,Oxyamine,CON
t-Boc-Aminooxy-PEG3-Thiol ,CC(C)(C)OC(=O)NOCCOCCOCCOCCOCCOCCOCCOCCOCCOCCS,NOCCOCCOCCOCCOCCOCCOCCOCCOCCOCCS,Oxyamine,CON
t-Boc-Aminooxy-PEG4-Thiol ,CC(C)(C)OC(=O)NOCCOCCOCCOCCOCCOCCOCCOCCOCCOCCOCCOCCOCCS,NOCCOCCOCCOCCOCCOCCOCCOCCOCCOCCOCCOCCOCCS,Oxyamine,CON
t-Boc-Aminooxy-PEG5-Thiol ,CC(C)(C)OC(=O)NOCCOCCOCCOCCOCCOCCOCCOCCOCCOCCOCCOCCOCCOCCOCCOCCS,NOCCOCCOCCOCCOCCOCCOCCOCCOCCOCCOCCOCCOCCOCCOCCOCCS,Oxyamine,CON
t-Boc-Aminooxy-PEG6-Thiol ,CC(C)(C)OC(=O)NOCCOCCOCCOCCOCCOCCOCCOCCOCCOCCOCCOCCOCCOCCOCCOCCOCCOCCOCCS,NOCCOCCOCCOCCOCCOCCOCCOCCOCCOCCOCCOCCOCCOCCOCCOCCOCCOCCOCCS,Oxyamine,CON
t-Boc-Aminooxy-PEG7-Thiol ,CC(C)(C)OC(=O)NOCCOCCOCCOCCOCCOCCOCCOCCOCCOCCOCCOCCOCCOCCOCCOCCOCCOCCOCCOCCOCCOCCS,NOCCOCCOCCOCCOCCOCCOCCOCCOCCOCCOCCOCCOCCOCCOCCOCCOCCOCCOCCOCCOCCOCCS,Oxyamine,CON
t-Boc-Aminooxy-PEG8-Thiol ,CC(C)(C)OC(=O)NOCCOCCOCCOCCOCCOCCOCCOCCOCCOCCOCCOCCOCCOCCOCCOCCOCCOCCOCCOCCOCCOCCOCCOCCOCCS,NOCCOCCOCCOCCOCCOCCOCCOCCOCCOCCOCCOCCOCCOCCOCCOCCOCCOCCOCCOCCOCCOCCOCCOCCOCCS,Oxyamine,CON
t-Boc-Aminooxy-PEG9-Thiol ,CC(C)(C)OC(=O)NOCCOCCOCCOCCOCCOCCOCCOCCOCCOCCOCCOCCOCCOCCOCCOCCOCCOCCOCCOCCOCCOCCOCCOCCOCCOCCOCCOCCS,NOCCOCCOCCOCCOCCOCCOCCOCCOCCOCCOCCOCCOCCOCCOCCOCCOCCOCCOCCOCCOCCOCCOCCOCCOCCOCCOCCOCCS,Oxyamine,CON
Diketone-PEG12-DBCO,CC(=O)CC(=O)CCC1=CC=C(C=C1)NC(=O)CCOCCOCCOCCOCCOCCOCCOCCOCCOCCOCCOCCOCCNC(=O)CCC(=O)N2CC3=CC=CC=C3C#CC4=CC=CC=C42,CC(=O)CC(=O)CCc1ccc(NC(=O)CCOCCOCCOCCOCCOCCOCCOCCOCCOCCOCCOCCOCCNC(=O)CCC(=O)N2Cc3ccccc3C#Cc3ccccc32)cc1,DBCO,N1Cc2ccccc2C#Cc2ccccc21
N3-PEG1-NH-PEG1-N3 ,C(COCCN=[N+]=[N-])NCCOCCN=[N+]=[N-],[N-]=[N+]=NCCOCCNCCOCCN=[N+]=[N-],Azide,[N-]=[N+]=N
N3-PEG2-NH-PEG2-N3 ,C(COCCN=[N+]=[N-])NCCOCCOCCN=[N+]=[N-],[N-]=[N+]=NCCOCCNCCOCCOCCN=[N+]=[N-],Azide,[N-]=[N+]=N
N3-PEG3-NH-PEG3-N3 ,C(COCCN=[N+]=[N-])NCCOCCOCCOCCN=[N+]=[N-],[N-]=[N+]=NCCOCCNCCOCCOCCOCCN=[N+]=[N-],Azide,[N-]=[N+]=N
N3-PEG4-NH-PEG4-N3 ,C(COCCN=[N+]=[N-])NCCOCCOCCOCCOCCN=[N+]=[N-],[N-]=[N+]=NCCOCCNCCOCCOCCOCCOCCN=[N+]=[N-],Azide,[N-]=[N+]=N
N3-PEG5-NH-PEG5-N3 ,C(COCCN=[N+]=[N-])NCCOCCOCCOCCOCCOCCN=[N+]=[N-],[N-]=[N+]=NCCOCCNCCOCCOCCOCCOCCOCCN=[N+]=[N-],Azide,[N-]=[N+]=N
N3-PEG6-NH-PEG6-N3 ,C(COCCN=[N+]=[N-])NCCOCCOCCOCCOCCOCCOCCN=[N+]=[N-],[N-]=[N+]=NCCOCCNCCOCCOCCOCCOCCOCCOCCN=[N+]=[N-],Azide,[N-]=[N+]=N
N3-PEG7-NH-PEG7-N3 ,C(COCCN=[N+]=[N-])NCCOCCOCCOCCOCCOCCOCCOCCN=[N+]=[N-],[N-]=[N+]=NCCOCCNCCOCCOCCOCCOCCOCCOCCOCCN=[N+]=[N-],Azide,[N-]=[N+]=N
N3-PEG8-NH-PEG8-N3 ,C(COCCN=[N+]=[N-])NCCOCCOCCOCCOCCOCCOCCOCCOCCN=[N+]=[N-],[N-]=[N+]=NCCOCCNCCOCCOCCOCCOCCOCCOCCOCCOCCN=[N+]=[N-],Azide,[N-]=[N+]=N
N3-PEG9-NH-PEG9-N3 ,C(COCCN=[N+]=[N-])NCCOCCOCCOCCOCCOCCOCCOCCOCCOCCN=[N+]=[N-],[N-]=[N+]=NCCOCCNCCOCCOCCOCCOCCOCCOCCOCCOCCOCCN=[N+]=[N-],Azide,[N-]=[N+]=N
Alkyne-PEG2-NH-PEG2-alkyne,C#CCOCCOCCNCCOCCOCC#C,C#CCOCCOCCNCCOCCOCC#C,Alkyne,C#C
N3-PEG2-Boc-PEG2-N3 ,CC(C)(C)OC(=O)N(CCOCCOCCN=[N+]=[N-])CCOCCOCCN=[N+]=[N-],[N-]=[N+]=NCCOCCOCCNCCOCCOCCN=[N+]=[N-],Azide,[N-]=[N+]=N
N3-PEG3-Boc-PEG3-N3 ,CC(C)(C)OC(=O)N(CCOCCOCCOCCN=[N+]=[N-])CCOCCOCCOCCN=[N+]=[N-],[N-]=[N+]=NCCOCCOCCOCCNCCOCCOCCOCCN=[N+]=[N-],Azide,[N-]=[N+]=N
N3-PEG4-Boc-PEG4-N3 ,CC(C)(C)OC(=O)N(CCOCCOCCOCCOCCN=[N+]=[N-])CCOCCOCCOCCOCCN=[N+]=[N-],[N-]=[N+]=NCCOCCOCCOCCOCCNCCOCCOCCOCCOCCN=[N+]=[N-],Azide,[N-]=[N+]=N
N3-PEG5-Boc-PEG5-N3 ,CC(C)(C)OC(=O)N(CCOCCOCCOCCOCCOCCN=[N+]=[N-])CCOCCOCCOCCOCCOCCN=[N+]=[N-],[N-]=[N+]=NCCOCCOCCOCCOCCOCCNCCOCCOCCOCCOCCOCCN=[N+]=[N-],Azide,[N-]=[N+]=N
N3-PEG6-Boc-PEG6-N3 ,CC(C)(C)OC(=O)N(CCOCCOCCOCCOCCOCCOCCN=[N+]=[N-])CCOCCOCCOCCOCCOCCOCCN=[N+]=[N-],[N-]=[N+]=NCCOCCOCCOCCOCCOCCOCCNCCOCCOCCOCCOCCOCCOCCN=[N+]=[N-],Azide,[N-]=[N+]=N
N3-PEG7-Boc-PEG7-N3 ,CC(C)(C)OC(=O)N(CCOCCOCCOCCOCCOCCOCCOCCN=[N+]=[N-])CCOCCOCCOCCOCCOCCOCCOCCN=[N+]=[N-],[N-]=[N+]=NCCOCCOCCOCCOCCOCCOCCOCCNCCOCCOCCOCCOCCOCCOCCOCCN=[N+]=[N-],Azide,[N-]=[N+]=N
N3-PEG8-Boc-PEG8-N3 ,CC(C)(C)OC(=O)N(CCOCCOCCOCCOCCOCCOCCOCCOCCN=[N+]=[N-])CCOCCOCCOCCOCCOCCOCCOCCOCCN=[N+]=[N-],[N-]=[N+]=NCCOCCOCCOCCOCCOCCOCCOCCOCCNCCOCCOCCOCCOCCOCCOCCOCCOCCN=[N+]=[N-],Azide,[N-]=[N+]=N
N3-PEG9-Boc-PEG9-N3 ,CC(C)(C)OC(=O)N(CCOCCOCCOCCOCCOCCOCCOCCOCCOCCN=[N+]=[N-])CCOCCOCCOCCOCCOCCOCCOCCOCCOCCN=[N+]=[N-],[N-]=[N+]=NCCOCCOCCOCCOCCOCCOCCOCCOCCOCCNCCOCCOCCOCCOCCOCCOCCOCCOCCOCCN=[N+]=[N-],Azide,[N-]=[N+]=N
Hydroxy-PEG1-Boc-PEG2-alkyne,CC(C)(C)OC(=O)N(CCOCCO)CCOCCOCC#C,C#CCOCCOCCNCCOCCO,Alkyne,C#C
NH-Boc-PEG2-Mal-PEG2-NH-Boc,CC(C)(C)OC(=O)NCCOCCOCCN(CCOCCOCCNC(=O)OC(C)(C)C)C(=O)CCN1C(=O)C=CC1=O,NCCOCCOCCN(CCOCCOCCN)C(=O)CCN1C(=O)C=CC1=O,Maleimide,O=C1C=CC(=O)N1
Alkyne-PEG2-N-methyl-PEG2-alkyne,CN(CCOCCOCC#C)CCOCCOCC#C,C#CCOCCOCCN(C)CCOCCOCC#C,Alkyne,C#C
N3-PEG3-S-PEG3-N3,C(COCCOCCOCCSCCOCCOCCOCCN=[N+]=[N-])N=[N+]=[N-],[N-]=[N+]=NCCOCCOCCOCCSCCOCCOCCOCCN=[N+]=[N-],Azide,[N-]=[N+]=N
N3-PEG3-S-PEG4-alkyne,C#CCOCCOCCOCCOCCSCCOCCOCCOCCN=[N+]=[N-],C#CCOCCOCCOCCOCCSCCOCCOCCOCCN=[N+]=[N-],Azide,[N-]=[N+]=N
Methyl-PEG3-S-PEG4-alkyne,COCCOCCOCCSCCOCCOCCOCCOCC#C,C#CCOCCOCCOCCOCCSCCOCCOCCOC,Alkyne,C#C
Alkyne-PEG4-S-PEG4-alkyne,C#CCOCCOCCOCCOCCSCCOCCOCCOCCOCC#C,C#CCOCCOCCOCCOCCSCCOCCOCCOCCOCC#C,Alkyne,C#C
N3-PEG3-Sulfone-PEG3-N3,C(COCCOCCOCCS(=O)(=O)CCOCCOCCOCCN=[N+]=[N-])N=[N+]=[N-],[N-]=[N+]=NCCOCCOCCOCCS(=O)(=O)CCOCCOCCOCCN=[N+]=[N-],Azide,[N-]=[N+]=N
Methyl-PEG3-Sulfone-PEG3-N3,COCCOCCOCCS(=O)(=O)CCOCCOCCOCCN=[N+]=[N-],COCCOCCOCCS(=O)(=O)CCOCCOCCOCCN=[N+]=[N-],Azide,[N-]=[N+]=N
Methyl-PEG3-Sulfone-PEG4-alkyne,COCCOCCOCCS(=O)(=O)CCOCCOCCOCCOCC#C,C#CCOCCOCCOCCOCCS(=O)(=O)CCOCCOCCOC,Alkyne,C#C
Alkyne-PEG3-Sulfone-PEG3-alkyne,C#CCOCCOCCOCCOCCS(=O)(=O)CCOCCOCCOCCOCC#C,C#CCOCCOCCOCCOCCS(=O)(=O)CCOCCOCCOCCOCC#C,Alkyne,C#C
DNP-PEG3-N3,C1=CC(=C(C=C1[N+](=O)[O-])[N+](=O)[O-])NCCOCCOCCOCCN=[N+]=[N-],[N-]=[N+]=NCCOCCOCCOCCNc1ccc([N+](=O)[O-])cc1[N+](=O)[O-],Azide,[N-]=[N+]=N
DNP-PEG4-DBCO,C1C2=CC=CC=C2C#CC3=CC=CC=C3N1C(=O)CCNC(=O)CCOCCOCCOCCOCCNC4=C(C=C(C=C4)[N+](=O)[O-])[N+](=O)[O-],O=C(CCOCCOCCOCCOCCNc1ccc([N+](=O)[O-])cc1[N+](=O)[O-])NCCC(=O)N1Cc2ccccc2C#Cc2ccccc21,DBCO,N1Cc2ccccc2C#Cc2ccccc21
Methyl-PEG1-aldehyde ,COCCOCCOCCC=O,COCCOCCOCCC=O,Aldehyde,C=O
Methyl-PEG2-aldehyde ,COCCOCCOCCOCCOCCC=O,COCCOCCOCCOCCOCCC=O,Aldehyde,C=O
Methyl-PEG3-aldehyde ,COCCOCCOCCOCCOCCOCCOCCC=O,COCCOCCOCCOCCOCCOCCOCCC=O,Aldehyde,C=O
Methyl-PEG4-aldehyde ,COCCOCCOCCOCCOCCOCCOCCOCCOCCC=O,COCCOCCOCCOCCOCCOCCOCCOCCOCCC=O,Aldehyde,C=O
Methyl-PEG5-aldehyde ,COCCOCCOCCOCCOCCOCCOCCOCCOCCOCCOCCC=O,COCCOCCOCCOCCOCCOCCOCCOCCOCCOCCOCCC=O,Aldehyde,C=O
Methyl-PEG6-aldehyde ,COCCOCCOCCOCCOCCOCCOCCOCCOCCOCCOCCOCCOCCC=O,COCCOCCOCCOCCOCCOCCOCCOCCOCCOCCOCCOCCOCCC=O,Aldehyde,C=O
Methyl-PEG7-aldehyde ,COCCOCCOCCOCCOCCOCCOCCOCCOCCOCCOCCOCCOCCOCCOCCC=O,COCCOCCOCCOCCOCCOCCOCCOCCOCCOCCOCCOCCOCCOCCOCCC=O,Aldehyde,C=O
Methyl-PEG8-aldehyde ,COCCOCCOCCOCCOCCOCCOCCOCCOCCOCCOCCOCCOCCOCCOCCOCCOCCC=O,COCCOCCOCCOCCOCCOCCOCCOCCOCCOCCOCCOCCOCCOCCOCCOCCOCCC=O,Aldehyde,C=O
Methyl-PEG9-aldehyde ,COCCOCCOCCOCCOCCOCCOCCOCCOCCOCCOCCOCCOCCOCCOCCOCCOCCOCCOCCC=O,COCCOCCOCCOCCOCCOCCOCCOCCOCCOCCOCCOCCOCCOCCOCCOCCOCCOCCOCCC=O,Aldehyde,C=O
Methyl-PEG4-benzaldehyde,COCCOCCOCCOC1=CC=C(C=C1)C=O,COCCOCCOCCOc1ccc(C=O)cc1,Aldehyde,C=O
Aldehyde-PEG3-amine,C1=CC(=CC=C1C=O)C(=O)NCCOCCOCCOCCN,NCCOCCOCCOCCNC(=O)c1ccc(C=O)cc1,Aldehyde,C=O
Aldehyde-PEG4-N3,C(COCCOCCOCCOCCN=[N+]=[N-])C=O,[N-]=[N+]=NCCOCCOCCOCCOCCC=O,Azide,[N-]=[N+]=N
Aldehyde-CH2-PEG3-N3,C(COCCOCCOCC=O)N=[N+]=[N-],[N-]=[N+]=NCCOCCOCCOCC=O,Azide,[N-]=[N+]=N
Aldehyde-Ph-PEG3-N3,C1=CC(=CC=C1C=O)C(=O)NCCOCCOCCOCCN=[N+]=[N-],[N-]=[N+]=NCCOCCOCCOCCNC(=O)c1ccc(C=O)cc1,Azide,[N-]=[N+]=N
Aldehyde-Ph-PEG3-O-NH-Boc,CC(C)(C)OC(=O)NOCCOCCOCCOCCNC(=O)C1=CC=C(C=C1)C=O,NOCCOCCOCCOCCNC(=O)c1ccc(C=O)cc1,Aldehyde,C=O
Benzyl-PEG2-N3,C1=CC=C(C=C1)COCCOCCN=[N+]=[N-],[N-]=[N+]=NCCOCCOCc1ccccc1,Azide,[N-]=[N+]=N
N3-PEG1-alcohol ,C(COCCO)N=[N+]=[N-],[N-]=[N+]=NCCOCCO,Azide,[N-]=[N+]=N
N3-PEG2-alcohol ,C(COCCOCCO)N=[N+]=[N-],[N-]=[N+]=NCCOCCOCCO,Azide,[N-]=[N+]=N
N3-PEG3-alcohol ,C(COCCOCCOCCO)N=[N+]=[N-],[N-]=[N+]=NCCOCCOCCOCCO,Azide,[N-]=[N+]=N
N3-PEG4-alcohol ,C(COCCOCCOCCOCCO)N=[N+]=[N-],[N-]=[N+]=NCCOCCOCCOCCOCCO,Azide,[N-]=[N+]=N
N3-PEG5-alcohol ,C(COCCOCCOCCOCCOCCO)N=[N+]=[N-],[N-]=[N+]=NCCOCCOCCOCCOCCOCCO,Azide,[N-]=[N+]=N
N3-PEG6-alcohol ,C(COCCOCCOCCOCCOCCOCCO)N=[N+]=[N-],[N-]=[N+]=NCCOCCOCCOCCOCCOCCOCCO,Azide,[N-]=[N+]=N
N3-PEG7-alcohol ,C(COCCOCCOCCOCCOCCOCCOCCO)N=[N+]=[N-],[N-]=[N+]=NCCOCCOCCOCCOCCOCCOCCOCCO,Azide,[N-]=[N+]=N
N3-PEG8-alcohol ,C(COCCOCCOCCOCCOCCOCCOCCOCCO)N=[N+]=[N-],[N-]=[N+]=NCCOCCOCCOCCOCCOCCOCCOCCOCCO,Azide,[N-]=[N+]=N
N3-PEG9-alcohol ,C(COCCOCCOCCOCCOCCOCCOCCOCCOCCO)N=[N+]=[N-],[N-]=[N+]=NCCOCCOCCOCCOCCOCCOCCOCCOCCOCCO,Azide,[N-]=[N+]=N
3-(N3-PEG5-amino)propanol,C(CNCCOCCOCCOCCOCCOCCN=[N+]=[N-])CO,[N-]=[N+]=NCCOCCOCCOCCOCCOCCNCCCO,Azide,[N-]=[N+]=N
N3-PEG3-Maleimide,C1=CC(=O)N(C1=O)CCC(=O)NCCOCCOCCOCCN=[N+]=[N-],[N-]=[N+]=NCCOCCOCCOCCNC(=O)CCN1C(=O)C=CC1=O,Maleimide,O=C1C=CC(=O)N1
N3-PEG3-phosphonic acid,C(COCCOCCOCCP(=O)(O)O)N=[N+]=[N-],[N-]=[N+]=NCCOCCOCCOCCP(=O)(O)O,Azide,[N-]=[N+]=N
N3-PEG3-phosphonic acid ethyl ester,CCOP(=O)(CCOCCOCCOCCN=[N+]=[N-])OCC,CCOP(=O)(CCOCCOCCOCCN=[N+]=[N-])OCC,Azide,[N-]=[N+]=N
N3-PEG4-hydrazide,C(COCCOCCOCCOCCN=[N+]=[N-])C(=O)NN,[N-]=[N+]=NCCOCCOCCOCCOCCC(=O)NN,Azide,[N-]=[N+]=N
N3-PEG1-t-Boc-Hydrazide ,CC(C)(C)OC(=O)NNC(=O)CCOCCOCCN=[N+]=[N-],[N-]=[N+]=NCCOCCOCCC(=O)NN,Azide,[N-]=[N+]=N
N3-PEG3-t-Boc-Hydrazide ,CC(C)(C)OC(=O)NNC(=O)CCOCCOCCOCCOCCOCCOCCN=[N+]=[N-],[N-]=[N+]=NCCOCCOCCOCCOCCOCCOCCC(=O)NN,Azide,[N-]=[N+]=N
N3-PEG4-t-Boc-Hydrazide ,CC(C)(C)OC(=O)NNC(=O)CCOCCOCCOCCOCCOCCOCCOCCOCCN=[N+]=[N-],[N-]=[N+]=NCCOCCOCCOCCOCCOCCOCCOCCOCCC(=O)NN,Azide,[N-]=[N+]=N
N3-PEG5-t-Boc-Hydrazide ,CC(C)(C)OC(=O)NNC(=O)CCOCCOCCOCCOCCOCCOCCOCCOCCOCCOCCN=[N+]=[N-],[N-]=[N+]=NCCOCCOCCOCCOCCOCCOCCOCCOCCOCCOCCC(=O)NN,Azide,[N-]=[N+]=N
N3-PEG6-t-Boc-Hydrazide ,CC(C)(C)OC(=O)NNC(=O)CCOCCOCCOCCOCCOCCOCCOCCOCCOCCOCCOCCOCCN=[N+]=[N-],[N-]=[N+]=NCCOCCOCCOCCOCCOCCOCCOCCOCCOCCOCCOCCOCCC(=O)NN,Azide,[N-]=[N+]=N
N3-PEG7-t-Boc-Hydrazide ,CC(C)(C)OC(=O)NNC(=O)CCOCCOCCOCCOCCOCCOCCOCCOCCOCCOCCOCCOCCOCCOCCN=[N+]=[N-],[N-]=[N+]=NCCOCCOCCOCCOCCOCCOCCOCCOCCOCCOCCOCCOCCOCCOCCC(=O)NN,Azide,[N-]=[N+]=N
N3-PEG8-t-Boc-Hydrazide ,CC(C)(C)OC(=O)NNC(=O)CCOCCOCCOCCOCCOCCOCCOCCOCCOCCOCCOCCOCCOCCOCCOCCOCCN=[N+]=[N-],[N-]=[N+]=NCCOCCOCCOCCOCCOCCOCCOCCOCCOCCOCCOCCOCCOCCOCCOCCOCCC(=O)NN,Azide,[N-]=[N+]=N
N3-PEG9-t-Boc-Hydrazide ,CC(C)(C)OC(=O)NNC(=O)CCOCCOCCOCCOCCOCCOCCOCCOCCOCCOCCOCCOCCOCCOCCOCCOCCOCCOCCN=[N+]=[N-],[N-]=[N+]=NCCOCCOCCOCCOCCOCCOCCOCCOCCOCCOCCOCCOCCOCCOCCOCCOCCOCCOCCC(=O)NN,Azide,[N-]=[N+]=N
N3-PEG1-Bromo ,C(COCCBr)N=[N+]=[N-],[N-]=[N+]=NCCOCCBr,Azide,[N-]=[N+]=N
Bromoacetamido-PEG1-N3 ,C1=CC=C(C=C1)COCCOCCOCCOCCOCCN=[N+]=[N-],[N-]=[N+]=NCCOCCOCCOCCOCCOCc1ccccc1,Azide,[N-]=[N+]=N
Bromoacetamido-PEG2-N3 ,C1=CC=C(C=C1)COCCOCCOCCOCCOCCOCCOCCOCCOCCN=[N+]=[N-],[N-]=[N+]=NCCOCCOCCOCCOCCOCCOCCOCCOCCOCc1ccccc1,Azide,[N-]=[N+]=N
Bromoacetamido-PEG3-N3 ,C1=CC=C(C=C1)COCCOCCOCCOCCOCCOCCOCCOCCOCCOCCOCCOCCOCCN=[N+]=[N-],[N-]=[N+]=NCCOCCOCCOCCOCCOCCOCCOCCOCCOCCOCCOCCOCCOCc1ccccc1,Azide,[N-]=[N+]=N
Bromoacetamido-PEG4-N3 ,C1=CC=C(C=C1)COCCOCCOCCOCCOCCOCCOCCOCCOCCOCCOCCOCCOCCOCCOCCOCCOCCN=[N+]=[N-],[N-]=[N+]=NCCOCCOCCOCCOCCOCCOCCOCCOCCOCCOCCOCCOCCOCCOCCOCCOCCOCc1ccccc1,Azide,[N-]=[N+]=N
Bromoacetamido-PEG5-N3 ,C1=CC=C(C=C1)COCCOCCOCCOCCOCCOCCOCCOCCOCCOCCOCCOCCOCCOCCOCCOCCOCCOCCOCCOCCOCCN=[N+]=[N-],[N-]=[N+]=NCCOCCOCCOCCOCCOCCOCCOCCOCCOCCOCCOCCOCCOCCOCCOCCOCCOCCOCCOCCOCCOCc1ccccc1,Azide,[N-]=[N+]=N
Bromoacetamido-PEG6-N3 ,C1=CC=C(C=C1)COCCOCCOCCOCCOCCOCCOCCOCCOCCOCCOCCOCCOCCOCCOCCOCCOCCOCCOCCOCCOCCOCCOCCOCCOCCN=[N+]=[N-],[N-]=[N+]=NCCOCCOCCOCCOCCOCCOCCOCCOCCOCCOCCOCCOCCOCCOCCOCCOCCOCCOCCOCCOCCOCCOCCOCCOCCOCc1ccccc1,Azide,[N-]=[N+]=N
Bromoacetamido-PEG7-N3 ,C1=CC=C(C=C1)COCCOCCOCCOCCOCCOCCOCCOCCOCCOCCOCCOCCOCCOCCOCCOCCOCCOCCOCCOCCOCCOCCOCCOCCOCCOCCOCCOCCOCCN=[N+]=[N-],[N-]=[N+]=NCCOCCOCCOCCOCCOCCOCCOCCOCCOCCOCCOCCOCCOCCOCCOCCOCCOCCOCCOCCOCCOCCOCCOCCOCCOCCOCCOCCOCCOCc1ccccc1,Azide,[N-]=[N+]=N
Bromoacetamido-PEG8-N3 ,C1=CC=C(C=C1)COCCOCCOCCOCCOCCOCCOCCOCCOCCOCCOCCOCCOCCOCCOCCOCCOCCOCCOCCOCCOCCOCCOCCOCCOCCOCCOCCOCCOCCOCCOCCOCCOCCN=[N+]=[N-],[N-]=[N+]=NCCOCCOCCOCCOCCOCCOCCOCCOCCOCCOCCOCCOCCOCCOCCOCCOCCOCCOCCOCCOCCOCCOCCOCCOCCOCCOCCOCCOCCOCCOCCOCCOCCOCc1ccccc1,Azide,[N-]=[N+]=N
Bromoacetamido-PEG9-N3 ,C1=CC=C(C=C1)COCCOCCOCCOCCOCCOCCOCCOCCOCCOCCOCCOCCOCCOCCOCCOCCOCCOCCOCCOCCOCCOCCOCCOCCOCCOCCOCCOCCOCCOCCOCCOCCOCCOCCOCCOCCOCCN=[N+]=[N-],[N-]=[N+]=NCCOCCOCCOCCOCCOCCOCCOCCOCCOCCOCCOCCOCCOCCOCCOCCOCCOCCOCCOCCOCCOCCOCCOCCOCCOCCOCCOCCOCCOCCOCCOCCOCCOCCOCCOCCOCCOCc1ccccc1,Azide,[N-]=[N+]=N
Methyl-PEG1-N3 ,COCCOCCN=[N+]=[N-],COCCOCCN=[N+]=[N-],Azide,[N-]=[N+]=N
Methyl-PEG2-N3 ,COCCOCCOCCN=[N+]=[N-],COCCOCCOCCN=[N+]=[N-],Azide,[N-]=[N+]=N
Methyl-PEG3-N3 ,COCCOCCOCCOCCN=[N+]=[N-],COCCOCCOCCOCCN=[N+]=[N-],Azide,[N-]=[N+]=N
Methyl-PEG4-N3 ,COCCOCCOCCOCCOCCN=[N+]=[N-],COCCOCCOCCOCCOCCN=[N+]=[N-],Azide,[N-]=[N+]=N
Methyl-PEG5-N3 ,COCCOCCOCCOCCOCCOCCN=[N+]=[N-],COCCOCCOCCOCCOCCOCCN=[N+]=[N-],Azide,[N-]=[N+]=N
Methyl-PEG6-N3 ,COCCOCCOCCOCCOCCOCCOCCN=[N+]=[N-],COCCOCCOCCOCCOCCOCCOCCN=[N+]=[N-],Azide,[N-]=[N+]=N
Methyl-PEG7-N3 ,COCCOCCOCCOCCOCCOCCOCCOCCN=[N+]=[N-],COCCOCCOCCOCCOCCOCCOCCOCCN=[N+]=[N-],Azide,[N-]=[N+]=N
Methyl-PEG8-N3 ,COCCOCCOCCOCCOCCOCCOCCOCCOCCN=[N+]=[N-],COCCOCCOCCOCCOCCOCCOCCOCCOCCN=[N+]=[N-],Azide,[N-]=[N+]=N
Methyl-PEG9-N3 ,COCCOCCOCCOCCOCCOCCOCCOCCOCCOCCN=[N+]=[N-],COCCOCCOCCOCCOCCOCCOCCOCCOCCOCCN=[N+]=[N-],Azide,[N-]=[N+]=N
t-Boc-N-Amido-PEG1-N3 ,CC(C)(C)OC(=O)NCCOCCOCCN=[N+]=[N-],[N-]=[N+]=NCCOCCOCCN,Azide,[N-]=[N+]=N
t-Boc-N-Amido-PEG2-N3 ,CC(C)(C)OC(=O)NCCOCCOCCOCCOCCN=[N+]=[N-],[N-]=[N+]=NCCOCCOCCOCCOCCN,Azide,[N-]=[N+]=N
t-Boc-N-Amido-PEG3-N3 ,CC(C)(C)OC(=O)NCCOCCOCCOCCOCCOCCOCCN=[N+]=[N-],[N-]=[N+]=NCCOCCOCCOCCOCCOCCOCCN,Azide,[N-]=[N+]=N
t-Boc-N-Amido-PEG4-N3 ,CC(C)(C)OC(=O)NCCOCCOCCOCCOCCOCCOCCOCCOCCN=[N+]=[N-],[N-]=[N+]=NCCOCCOCCOCCOCCOCCOCCOCCOCCN,Azide,[N-]=[N+]=N
t-Boc-N-Amido-PEG5-N3 ,CC(C)(C)OC(=O)NCCOCCOCCOCCOCCOCCOCCOCCOCCOCCOCCN=[N+]=[N-],[N-]=[N+]=NCCOCCOCCOCCOCCOCCOCCOCCOCCOCCOCCN,Azide,[N-]=[N+]=N
t-Boc-N-Amido-PEG6-N3 ,CC(C)(C)OC(=O)NCCOCCOCCOCCOCCOCCOCCOCCOCCOCCOCCOCCOCCN=[N+]=[N-],[N-]=[N+]=NCCOCCOCCOCCOCCOCCOCCOCCOCCOCCOCCOCCOCCN,Azide,[N-]=[N+]=N
t-Boc-N-Amido-PEG7-N3 ,CC(C)(C)OC(=O)NCCOCCOCCOCCOCCOCCOCCOCCOCCOCCOCCOCCOCCOCCOCCN=[N+]=[N-],[N-]=[N+]=NCCOCCOCCOCCOCCOCCOCCOCCOCCOCCOCCOCCOCCOCCOCCN,Azide,[N-]=[N+]=N
t-Boc-N-Amido-PEG8-N3 ,CC(C)(C)OC(=O)NCCOCCOCCOCCOCCOCCOCCOCCOCCOCCOCCOCCOCCOCCOCCOCCOCCN=[N+]=[N-],[N-]=[N+]=NCCOCCOCCOCCOCCOCCOCCOCCOCCOCCOCCOCCOCCOCCOCCOCCOCCN,Azide,[N-]=[N+]=N
t-Boc-N-Amido-PEG9-N3 ,CC(C)(C)OC(=O)NCCOCCOCCOCCOCCOCCOCCOCCOCCOCCOCCOCCOCCOCCOCCOCCOCCOCCOCCN=[N+]=[N-],[N-]=[N+]=NCCOCCOCCOCCOCCOCCOCCOCCOCCOCCOCCOCCOCCOCCOCCOCCOCCOCCOCCN,Azide,[N-]=[N+]=N
APN-PEG4-N3,C1=CC(=CC=C1C#CC#N)NC(=O)CCCNC(=O)CCOCCOCCOCCOCCN=[N+]=[N-],N#CC#Cc1ccc(NC(=O)CCCNC(=O)CCOCCOCCOCCOCCN=[N+]=[N-])cc1,Azide,[N-]=[N+]=N
Nitrile-PEG4-N3,C(COCCOCCOCCOCCN=[N+]=[N-])C#N,N#CCCOCCOCCOCCOCCN=[N+]=[N-],Azide,[N-]=[N+]=N
Isothiocyanato-PEG3-N3,C(COCCOCCOCCN=[N+]=[N-])N=C=S,[N-]=[N+]=NCCOCCOCCOCCN=C=S,Azide,[N-]=[N+]=N
TAMRA-PEG3-N3,CN(C)C1=CC2=C(C=C1)C(=C3C=CC(=[N+](C)C)C=C3O2)C4=C(C=C(C=C4)C(=O)NCCOCCOCCOCCN=[N+]=[N-])C(=O)[O-],CN(C)c1ccc2c(-c3ccc(C(=O)NCCOCCOCCOCCN=[N+]=[N-])cc3C(=O)[O-])c3ccc(=[N+](C)C)cc-3oc2c1,Azide,[N-]=[N+]=N
N3-PEG4-oxazolidin-2-one,C1COC(=O)N1CCOCCOCCOCCOCCN=[N+]=[N-],CN(CCOCCOCCOCCOCCN=[N+]=[N-])C(=O)O,Azide,[N-]=[N+]=N
N3-PEG3-triethoxysilane,CCO[Si](CCCNC(=O)CCOCCOCCOCCN=[N+]=[N-])(OCC)OCC,CCO[Si](CCCNC(=O)CCOCCOCCOCCN=[N+]=[N-])(OCC)OCC,Azide,[N-]=[N+]=N
Iodo-PEG3-N3,C(COCCOCCOCCI)N=[N+]=[N-],[N-]=[N+]=NCCOCCOCCOCCI,Azide,[N-]=[N+]=N
Trityl-PEG8-N3,C1=CC=C(C=C1)C(C2=CC=CC=C2)(C3=CC=CC=C3)OCCOCCOCCOCCOCCOCCOCCOCCN=[N+]=[N-],[N-]=[N+]=NCCOCCOCCOCCOCCOCCOCCOCCOC(c1ccccc1)(c1ccccc1)c1ccccc1,Azide,[N-]=[N+]=N
Phthalamide-PEG3-N3,C1=CC=C2C(=C1)C(=O)N(C2=O)CCOCCOCCOCCN=[N+]=[N-],[N-]=[N+]=NCCOCCOCCOCCN1C(=O)c2ccccc2C1=O,Azide,[N-]=[N+]=N
N3-PEG11-[4-(5-(1-hydroxyethyl)-2-methoxy-4-nitrophenoxy)-butanamide],CC(C1=CC(=C(C=C1[N+](=O)[O-])OC)OCCCC(=O)NCCOCCOCCOCCOCCOCCOCCOCCOCCOCCOCCOCCN=[N+]=[N-])O,COc1cc([N+](=O)[O-])c(C(C)O)cc1OCCCC(=O)NCCOCCOCCOCCOCCOCCOCCOCCOCCOCCOCCOCCN=[N+]=[N-],Azide,[N-]=[N+]=N
Biotin-PEG1-maleimide ,C1[C@H]2[C@@H]([C@@H](S1)CCCCC(=O)NCCOCCOCCNC(=O)CCN3C(=O)C=CC3=O)NC(=O)N2,O=C(CCCC[C@@H]1SC[C@@H]2NC(=O)N[C@@H]21)NCCOCCOCCNC(=O)CCN1C(=O)C=CC1=O,Maleimide,O=C1C=CC(=O)N1
Biotin-PEG2-maleimide ,C1[C@H]2[C@@H]([C@@H](S1)CCCCC(=O)NCCOCCOCCOCCOCCNC(=O)CCN3C(=O)C=CC3=O)NC(=O)N2,O=C(CCCC[C@@H]1SC[C@@H]2NC(=O)N[C@@H]21)NCCOCCOCCOCCOCCNC(=O)CCN1C(=O)C=CC1=O,Maleimide,O=C1C=CC(=O)N1
Biotin-PEG3-maleimide ,C1[C@H]2[C@@H]([C@@H](S1)CCCCC(=O)NCCOCCOCCOCCOCCOCCOCCNC(=O)CCN3C(=O)C=CC3=O)NC(=O)N2,O=C(CCCC[C@@H]1SC[C@@H]2NC(=O)N[C@@H]21)NCCOCCOCCOCCOCCOCCOCCNC(=O)CCN1C(=O)C=CC1=O,Maleimide,O=C1C=CC(=O)N1
Biotin-PEG4-maleimide ,C1[C@H]2[C@@H]([C@@H](S1)CCCCC(=O)NCCOCCOCCOCCOCCOCCOCCOCCOCCNC(=O)CCN3C(=O)C=CC3=O)NC(=O)N2,O=C(CCCC[C@@H]1SC[C@@H]2NC(=O)N[C@@H]21)NCCOCCOCCOCCOCCOCCOCCOCCOCCNC(=O)CCN1C(=O)C=CC1=O,Maleimide,O=C1C=CC(=O)N1
Biotin-PEG5-maleimide ,C1[C@H]2[C@@H]([C@@H](S1)CCCCC(=O)NCCOCCOCCOCCOCCOCCOCCOCCOCCOCCOCCNC(=O)CCN3C(=O)C=CC3=O)NC(=O)N2,O=C(CCCC[C@@H]1SC[C@@H]2NC(=O)N[C@@H]21)NCCOCCOCCOCCOCCOCCOCCOCCOCCOCCOCCNC(=O)CCN1C(=O)C=CC1=O,Maleimide,O=C1C=CC(=O)N1
Biotin-PEG6-maleimide ,C1[C@H]2[C@@H]([C@@H](S1)CCCCC(=O)NCCOCCOCCOCCOCCOCCOCCOCCOCCOCCOCCOCCOCCNC(=O)CCN3C(=O)C=CC3=O)NC(=O)N2,O=C(CCCC[C@@H]1SC[C@@H]2NC(=O)N[C@@H]21)NCCOCCOCCOCCOCCOCCOCCOCCOCCOCCOCCOCCOCCNC(=O)CCN1C(=O)C=CC1=O,Maleimide,O=C1C=CC(=O)N1
Biotin-PEG7-maleimide ,C1[C@H]2[C@@H]([C@@H](S1)CCCCC(=O)NCCOCCOCCOCCOCCOCCOCCOCCOCCOCCOCCOCCOCCOCCOCCNC(=O)CCN3C(=O)C=CC3=O)NC(=O)N2,O=C(CCCC[C@@H]1SC[C@@H]2NC(=O)N[C@@H]21)NCCOCCOCCOCCOCCOCCOCCOCCOCCOCCOCCOCCOCCOCCOCCNC(=O)CCN1C(=O)C=CC1=O,Maleimide,O=C1C=CC(=O)N1
Biotin-PEG8-maleimide ,C1[C@H]2[C@@H]([C@@H](S1)CCCCC(=O)NCCOCCOCCOCCOCCOCCOCCOCCOCCOCCOCCOCCOCCOCCOCCOCCOCCNC(=O)CCN3C(=O)C=CC3=O)NC(=O)N2,O=C(CCCC[C@@H]1SC[C@@H]2NC(=O)N[C@@H]21)NCCOCCOCCOCCOCCOCCOCCOCCOCCOCCOCCOCCOCCOCCOCCOCCOCCNC(=O)CCN1C(=O)C=CC1=O,Maleimide,O=C1C=CC(=O)N1
Biotin-PEG9-maleimide ,C1[C@H]2[C@@H]([C@@H](S1)CCCCC(=O)NCCOCCOCCOCCOCCOCCOCCOCCOCCOCCOCCOCCOCCOCCOCCOCCOCCOCCOCCNC(=O)CCN3C(=O)C=CC3=O)NC(=O)N2,O=C(CCCC[C@@H]1SC[C@@H]2NC(=O)N[C@@H]21)NCCOCCOCCOCCOCCOCCOCCOCCOCCOCCOCCOCCOCCOCCOCCOCCOCCOCCOCCNC(=O)CCN1C(=O)C=CC1=O,Maleimide,O=C1C=CC(=O)N1
Biotin-PEG1-N3 ,C1C2C(C(S1)CCCCC(=O)NCCOCCOCCN=[N+]=[N-])NC(=O)N2,[N-]=[N+]=NCCOCCOCCNC(=O)CCCCC1SCC2NC(=O)NC21,Azide,[N-]=[N+]=N
Biotin-PEG2-N3 ,C1C2C(C(S1)CCCCC(=O)NCCOCCOCCOCCOCCN=[N+]=[N-])NC(=O)N2,[N-]=[N+]=NCCOCCOCCOCCOCCNC(=O)CCCCC1SCC2NC(=O)NC21,Azide,[N-]=[N+]=N
Biotin-PEG3-N3 ,C1C2C(C(S1)CCCCC(=O)NCCOCCOCCOCCOCCOCCOCCN=[N+]=[N-])NC(=O)N2,[N-]=[N+]=NCCOCCOCCOCCOCCOCCOCCNC(=O)CCCCC1SCC2NC(=O)NC21,Azide,[N-]=[N+]=N
Biotin-PEG4-N3 ,C1C2C(C(S1)CCCCC(=O)NCCOCCOCCOCCOCCOCCOCCOCCOCCN=[N+]=[N-])NC(=O)N2,[N-]=[N+]=NCCOCCOCCOCCOCCOCCOCCOCCOCCNC(=O)CCCCC1SCC2NC(=O)NC21,Azide,[N-]=[N+]=N
Biotin-PEG5-N3 ,C1C2C(C(S1)CCCCC(=O)NCCOCCOCCOCCOCCOCCOCCOCCOCCOCCOCCN=[N+]=[N-])NC(=O)N2,[N-]=[N+]=NCCOCCOCCOCCOCCOCCOCCOCCOCCOCCOCCNC(=O)CCCCC1SCC2NC(=O)NC21,Azide,[N-]=[N+]=N
Biotin-PEG6-N3 ,C1C2C(C(S1)CCCCC(=O)NCCOCCOCCOCCOCCOCCOCCOCCOCCOCCOCCOCCOCCN=[N+]=[N-])NC(=O)N2,[N-]=[N+]=NCCOCCOCCOCCOCCOCCOCCOCCOCCOCCOCCOCCOCCNC(=O)CCCCC1SCC2NC(=O)NC21,Azide,[N-]=[N+]=N
Biotin-PEG7-N3 ,C1C2C(C(S1)CCCCC(=O)NCCOCCOCCOCCOCCOCCOCCOCCOCCOCCOCCOCCOCCOCCOCCN=[N+]=[N-])NC(=O)N2,[N-]=[N+]=NCCOCCOCCOCCOCCOCCOCCOCCOCCOCCOCCOCCOCCOCCOCCNC(=O)CCCCC1SCC2NC(=O)NC21,Azide,[N-]=[N+]=N
Biotin-PEG8-N3 ,C1C2C(C(S1)CCCCC(=O)NCCOCCOCCOCCOCCOCCOCCOCCOCCOCCOCCOCCOCCOCCOCCOCCOCCN=[N+]=[N-])NC(=O)N2,[N-]=[N+]=NCCOCCOCCOCCOCCOCCOCCOCCOCCOCCOCCOCCOCCOCCOCCOCCOCCNC(=O)CCCCC1SCC2NC(=O)NC21,Azide,[N-]=[N+]=N
Biotin-PEG9-N3 ,C1C2C(C(S1)CCCCC(=O)NCCOCCOCCOCCOCCOCCOCCOCCOCCOCCOCCOCCOCCOCCOCCOCCOCCOCCOCCN=[N+]=[N-])NC(=O)N2,[N-]=[N+]=NCCOCCOCCOCCOCCOCCOCCOCCOCCOCCOCCOCCOCCOCCOCCOCCOCCOCCOCCNC(=O)CCCCC1SCC2NC(=O)NC21,Azide,[N-]=[N+]=N
Biotin-PEG2-C6-N3,C1[C@H]2[C@@H]([C@@H](S1)CCCCC(=O)NCCOCCOCCNC(=O)CCCCCN=[N+]=[N-])NC(=O)N2,[N-]=[N+]=NCCCCCC(=O)NCCOCCOCCNC(=O)CCCC[C@@H]1SC[C@@H]2NC(=O)N[C@@H]21,Azide,[N-]=[N+]=N
Biotin-PEG4-Picolyl N3,C1[C@H]2[C@@H]([C@@H](S1)CCCCC(=O)NCCOCCOCCOCCOCCC(=O)NC3=CN=C(C=C3)CN=[N+]=[N-])NC(=O)N2,[N-]=[N+]=NCc1ccc(NC(=O)CCOCCOCCOCCOCCNC(=O)CCCC[C@@H]2SC[C@@H]3NC(=O)N[C@@H]32)cn1,Azide,[N-]=[N+]=N
Dde Biotin-PEG4-N3,CC1(CC(=C(C(=O)C1)C(=NCCCN=[N+]=[N-])CCOCCOCCOCCOCCNC(=O)CCCC[C@H]2[C@@H]3[C@H](CS2)NC(=O)N3)O)C,CC1(C)CC(=O)C(C(CCOCCOCCOCCOCCNC(=O)CCCC[C@@H]2SC[C@@H]3NC(=O)N[C@@H]32)=NCCCN=[N+]=[N-])=C(O)C1,Azide,[N-]=[N+]=N
Diazo Biotin-PEG3-N3,C1[C@H]2[C@@H]([C@@H](S1)CCCCC(=O)NCCOCCOCCOCCNC(=O)C3=CC=C(C=C3)N=NC4=C(C=CC(=C4)CCN=[N+]=[N-])O)NC(=O)N2,[N-]=[N+]=NCCc1ccc(O)c(N=Nc2ccc(C(=O)NCCOCCOCCOCCNC(=O)CCCC[C@@H]3SC[C@@H]4NC(=O)N[C@@H]43)cc2)c1,Azide,[N-]=[N+]=N
DADPS Biotin N3,CC(C)(CNC(=O)CCOCCOCCOCCOCCNC(=O)CCCC[C@H]1[C@@H]2[C@H](CS1)NC(=O)N2)O[Si](C3=CC=CC=C3)(C4=CC=CC=C4)OCCCCCCN=[N+]=[N-],CC(C)(CNC(=O)CCOCCOCCOCCOCCNC(=O)CCCC[C@@H]1SC[C@@H]2NC(=O)N[C@@H]21)O[Si](OCCCCCCN=[N+]=[N-])(c1ccccc1)c1ccccc1,Azide,[N-]=[N+]=N
Biotin-PEG2-C4-alkyne,C#CCCCC(=O)NCCOCCOCCNC(=O)CCCC[C@H]1[C@@H]2[C@H](CS1)NC(=O)N2,C#CCCCC(=O)NCCOCCOCCNC(=O)CCCC[C@@H]1SC[C@@H]2NC(=O)N[C@@H]21,Alkyne,C#C
Biotin-PEG4-alkyne,C#CCOCCOCCOCCOCCNC(=O)CCCC[C@H]1[C@@H]2[C@H](CS1)NC(=O)N2,C#CCOCCOCCOCCOCCNC(=O)CCCC[C@@H]1SC[C@@H]2NC(=O)N[C@@H]21,Alkyne,C#C
Dde Biotin-PEG4-alkyne,CC1(CC(=C(C(=O)C1)C(=NCC#C)CCOCCOCCOCCOCCNC(=O)CCCC[C@@H]2[C@H]3[C@@H](CS2)NC(=O)N3)O)C,C#CCN=C(CCOCCOCCOCCOCCNC(=O)CCCC[C@H]1SC[C@H]2NC(=O)N[C@H]21)C1=C(O)CC(C)(C)CC1=O,Alkyne,C#C
Diazo Biotin-PEG3-alkyne,C#CCOCCC(=O)NCCC1=CC(=C(C=C1)O)N=NC2=CC=C(C=C2)C(=O)NCCOCCOCCOCCNC(=O)CCCC[C@H]3[C@@H]4[C@H](CS3)NC(=O)N4,C#CCOCCC(=O)NCCc1ccc(O)c(N=Nc2ccc(C(=O)NCCOCCOCCOCCNC(=O)CCCC[C@@H]3SC[C@@H]4NC(=O)N[C@@H]43)cc2)c1,Alkyne,C#C
DADPS Biotin Alykne,CC(C)(CNC(=O)CCOCCOCCOCCOCCNC(=O)CCCC[C@H]1[C@@H]2[C@H](CS1)NC(=O)N2)O[Si](C3=CC=CC=C3)(C4=CC=CC=C4)OCCCC#C,C#CCCCO[Si](OC(C)(C)CNC(=O)CCOCCOCCOCCOCCNC(=O)CCCC[C@@H]1SC[C@@H]2NC(=O)N[C@@H]21)(c1ccccc1)c1ccccc1,Alkyne,C#C
Diazo Biotin-PEG3-DBCO,C1[C@H]2[C@@H]([C@@H](S1)CCCCC(=O)NCCOCCOCCOCCNC(=O)C3=CC=C(C=C3)N=NC4=C(C=CC(=C4)CCNC(=O)CCC(=O)N5CC6=CC=CC=C6C#CC7=CC=CC=C75)O)NC(=O)N2,O=C(CCCC[C@@H]1SC[C@@H]2NC(=O)N[C@@H]21)NCCOCCOCCOCCNC(=O)c1ccc(N=Nc2cc(CCNC(=O)CCC(=O)N3Cc4ccccc4C#Cc4ccccc43)ccc2O)cc1,DBCO,N1Cc2ccccc2C#Cc2ccccc21
DBCO-PEG4-Desthiobiotin,C[C@H]1[C@@H](NC(=O)N1)CCCCCC(=O)NCCOCCOCCOCCOCCC(=O)NCCC(=O)N2CC3=CC=CC=C3C#CC4=CC=CC=C42,C[C@@H]1NC(=O)N[C@H]1CCCCCC(=O)NCCOCCOCCOCCOCCC(=O)NCCC(=O)N1Cc2ccccc2C#Cc2ccccc21,DBCO,N1Cc2ccccc2C#Cc2ccccc21
Dde Biotin-PEG4-DBCO,CC1(CC(=C(C(=O)C1)C(=NCCC(=O)N2CC3=CC=CC=C3C#CC4=CC=CC=C42)CCOCCOCCOCCOCCNC(=O)CCCC[C@H]5[C@@H]6[C@H](CS5)NC(=O)N6)O)C,CC1(C)CC(=O)C(C(CCOCCOCCOCCOCCNC(=O)CCCC[C@@H]2SC[C@@H]3NC(=O)N[C@@H]32)=NCCC(=O)N2Cc3ccccc3C#Cc3ccccc32)=C(O)C1,DBCO,N1Cc2ccccc2C#Cc2ccccc21
Biotin-PEG3-oxyamine,C1[C@H]2[C@@H]([C@@H](S1)CCCCC(=O)NCCOCCOCCOCCON)NC(=O)N2,NOCCOCCOCCOCCNC(=O)CCCC[C@@H]1SC[C@@H]2NC(=O)N[C@@H]21,Oxyamine,CON
PC-Biotin-PEG4-PEG3-N3,CC(C1=C(C=CC(=C1)CNC(=O)CCOCCOCCOCCOCCNC(=O)CCCC[C@H]2[C@@H]3[C@H](CS2)NC(=O)N3)[N+](=O)[O-])OC(=O)NCCOCCOCCOCCN=[N+]=[N-],[N-]=[N+]=NCCOCCOCCOCCN,Azide,[N-]=[N+]=N
Maleimide-PEG1-alcohol ,C1=CC(=O)N(C1=O)CCOCCO,O=C1C=CC(=O)N1CCOCCO,Maleimide,O=C1C=CC(=O)N1
Maleimide-PEG2-alcohol ,C1=CC(=O)N(C1=O)CCOCCOCCOCCO,O=C1C=CC(=O)N1CCOCCOCCOCCO,Maleimide,O=C1C=CC(=O)N1
Maleimide-PEG3-alcohol ,C1=CC(=O)N(C1=O)CCOCCOCCOCCOCCOCCO,O=C1C=CC(=O)N1CCOCCOCCOCCOCCOCCO,Maleimide,O=C1C=CC(=O)N1
Maleimide-PEG4-alcohol ,C1=CC(=O)N(C1=O)CCOCCOCCOCCOCCOCCOCCOCCO,O=C1C=CC(=O)N1CCOCCOCCOCCOCCOCCOCCOCCO,Maleimide,O=C1C=CC(=O)N1
Maleimide-PEG5-alcohol ,C1=CC(=O)N(C1=O)CCOCCOCCOCCOCCOCCOCCOCCOCCOCCO,O=C1C=CC(=O)N1CCOCCOCCOCCOCCOCCOCCOCCOCCOCCO,Maleimide,O=C1C=CC(=O)N1
Maleimide-PEG6-alcohol ,C1=CC(=O)N(C1=O)CCOCCOCCOCCOCCOCCOCCOCCOCCOCCOCCOCCO,O=C1C=CC(=O)N1CCOCCOCCOCCOCCOCCOCCOCCOCCOCCOCCOCCO,Maleimide,O=C1C=CC(=O)N1
Maleimide-PEG7-alcohol ,C1=CC(=O)N(C1=O)CCOCCOCCOCCOCCOCCOCCOCCOCCOCCOCCOCCOCCOCCO,O=C1C=CC(=O)N1CCOCCOCCOCCOCCOCCOCCOCCOCCOCCOCCOCCOCCOCCO,Maleimide,O=C1C=CC(=O)N1
Maleimide-PEG8-alcohol ,C1=CC(=O)N(C1=O)CCOCCOCCOCCOCCOCCOCCOCCOCCOCCOCCOCCOCCOCCOCCOCCO,O=C1C=CC(=O)N1CCOCCOCCOCCOCCOCCOCCOCCOCCOCCOCCOCCOCCOCCOCCOCCO,Maleimide,O=C1C=CC(=O)N1
Maleimide-PEG9-alcohol ,C1=CC(=O)N(C1=O)CCOCCOCCOCCOCCOCCOCCOCCOCCOCCOCCOCCOCCOCCOCCOCCOCCOCCO,O=C1C=CC(=O)N1CCOCCOCCOCCOCCOCCOCCOCCOCCOCCOCCOCCOCCOCCOCCOCCOCCOCCO,Maleimide,O=C1C=CC(=O)N1
Maleimide-PEG2-amine,C1=CC(=O)N(C1=O)CCOCCOCCN,NCCOCCOCCN1C(=O)C=CC1=O,Maleimide,O=C1C=CC(=O)N1
Maleimide-amido-PEG9-NHBoc,CC(C)(C)OC(=O)NCCOCCOCCOCCOCCOCCOCCOCCOCCOCCNC(=O)CCN1C(=O)C=CC1=O,NCCOCCOCCOCCOCCOCCOCCOCCOCCOCCNC(=O)CCN1C(=O)C=CC1=O,Maleimide,O=C1C=CC(=O)N1
Maleimide-amido-PEG1-methyl ,COCCOCCOCCOCCNC(=O)CCN1C(=O)C=CC1=O,COCCOCCOCCOCCNC(=O)CCN1C(=O)C=CC1=O,Maleimide,O=C1C=CC(=O)N1
Maleimide-amido-PEG2-methyl ,COCCOCCOCCOCCOCCOCCOCCNC(=O)CCN1C(=O)C=CC1=O,COCCOCCOCCOCCOCCOCCOCCNC(=O)CCN1C(=O)C=CC1=O,Maleimide,O=C1C=CC(=O)N1
Maleimide-amido-PEG3-methyl ,COCCOCCOCCOCCOCCOCCOCCOCCOCCOCCNC(=O)CCN1C(=O)C=CC1=O,COCCOCCOCCOCCOCCOCCOCCOCCOCCOCCNC(=O)CCN1C(=O)C=CC1=O,Maleimide,O=C1C=CC(=O)N1
Maleimide-amido-PEG4-methyl ,COCCOCCOCCOCCOCCOCCOCCOCCOCCOCCOCCOCCOCCNC(=O)CCN1C(=O)C=CC1=O,COCCOCCOCCOCCOCCOCCOCCOCCOCCOCCOCCOCCOCCNC(=O)CCN1C(=O)C=CC1=O,Maleimide,O=C1C=CC(=O)N1
Maleimide-amido-PEG5-methyl ,COCCOCCOCCOCCOCCOCCOCCOCCOCCOCCOCCOCCOCCOCCOCCOCCNC(=O)CCN1C(=O)C=CC1=O,COCCOCCOCCOCCOCCOCCOCCOCCOCCOCCOCCOCCOCCOCCOCCOCCNC(=O)CCN1C(=O)C=CC1=O,Maleimide,O=C1C=CC(=O)N1
Maleimide-amido-PEG6-methyl ,COCCOCCOCCOCCOCCOCCOCCOCCOCCOCCOCCOCCOCCOCCOCCOCCOCCOCCOCCNC(=O)CCN1C(=O)C=CC1=O,COCCOCCOCCOCCOCCOCCOCCOCCOCCOCCOCCOCCOCCOCCOCCOCCOCCOCCOCCNC(=O)CCN1C(=O)C=CC1=O,Maleimide,O=C1C=CC(=O)N1
Maleimide-amido-PEG7-methyl ,COCCOCCOCCOCCOCCOCCOCCOCCOCCOCCOCCOCCOCCOCCOCCOCCOCCOCCOCCOCCOCCOCCNC(=O)CCN1C(=O)C=CC1=O,COCCOCCOCCOCCOCCOCCOCCOCCOCCOCCOCCOCCOCCOCCOCCOCCOCCOCCOCCOCCOCCOCCNC(=O)CCN1C(=O)C=CC1=O,Maleimide,O=C1C=CC(=O)N1
Maleimide-amido-PEG8-methyl ,COCCOCCOCCOCCOCCOCCOCCOCCOCCOCCOCCOCCOCCOCCOCCOCCOCCOCCOCCOCCOCCOCCOCCOCCOCCNC(=O)CCN1C(=O)C=CC1=O,COCCOCCOCCOCCOCCOCCOCCOCCOCCOCCOCCOCCOCCOCCOCCOCCOCCOCCOCCOCCOCCOCCOCCOCCOCCNC(=O)CCN1C(=O)C=CC1=O,Maleimide,O=C1C=CC(=O)N1
Maleimide-amido-PEG9-methyl ,COCCOCCOCCOCCOCCOCCOCCOCCOCCOCCOCCOCCOCCOCCOCCOCCOCCOCCOCCOCCOCCOCCOCCOCCOCCOCCOCCOCCNC(=O)CCN1C(=O)C=CC1=O,COCCOCCOCCOCCOCCOCCOCCOCCOCCOCCOCCOCCOCCOCCOCCOCCOCCOCCOCCOCCOCCOCCOCCOCCOCCOCCOCCOCCNC(=O)CCN1C(=O)C=CC1=O,Maleimide,O=C1C=CC(=O)N1
Maleimide-PEG1-Bromide,C1=CC(=O)N(C1=O)CCOCCBr,O=C1C=CC(=O)N1CCOCCBr,Maleimide,O=C1C=CC(=O)N1
"tert-butyl 2-(2,5-dioxo-2H-pyrrol-1(5H)-yl)ethylcarbamate",CC(C)(C)OC(=O)NCCN1C(=O)C=CC1=O,NCCN1C(=O)C=CC1=O,Maleimide,O=C1C=CC(=O)N1
"tert-butyl 6-(2,5-dioxo-2H-pyrrol-1(5H)-yl)hexylcarbamate",CC(C)(C)OC(=O)NCCCCCCN1C(=O)C=CC1=O,NCCCCCCN1C(=O)C=CC1=O,Maleimide,O=C1C=CC(=O)N1
Bis-Maleimide-PEG1 ,C1=CC(=O)N(C1=O)CCC(=O)NCCOCCOCCOCCNC(=O)CCN2C(=O)C=CC2=O,O=C(CCN1C(=O)C=CC1=O)NCCOCCOCCOCCNC(=O)CCN1C(=O)C=CC1=O,Maleimide,O=C1C=CC(=O)N1
Bis-Maleimide-PEG2 ,C1=CC(=O)N(C1=O)CCC(=O)NCCOCCOCCOCCOCCOCCOCCNC(=O)CCN2C(=O)C=CC2=O,O=C(CCN1C(=O)C=CC1=O)NCCOCCOCCOCCOCCOCCOCCNC(=O)CCN1C(=O)C=CC1=O,Maleimide,O=C1C=CC(=O)N1
Bis-Maleimide-PEG3 ,C1=CC(=O)N(C1=O)CCC(=O)NCCOCCOCCOCCOCCOCCOCCOCCOCCOCCNC(=O)CCN2C(=O)C=CC2=O,O=C(CCN1C(=O)C=CC1=O)NCCOCCOCCOCCOCCOCCOCCOCCOCCOCCNC(=O)CCN1C(=O)C=CC1=O,Maleimide,O=C1C=CC(=O)N1
Bis-Maleimide-PEG4 ,C1=CC(=O)N(C1=O)CCC(=O)NCCOCCOCCOCCOCCOCCOCCOCCOCCOCCOCCOCCOCCNC(=O)CCN2C(=O)C=CC2=O,O=C(CCN1C(=O)C=CC1=O)NCCOCCOCCOCCOCCOCCOCCOCCOCCOCCOCCOCCOCCNC(=O)CCN1C(=O)C=CC1=O,Maleimide,O=C1C=CC(=O)N1
Bis-Maleimide-PEG5 ,C1=CC(=O)N(C1=O)CCC(=O)NCCOCCOCCOCCOCCOCCOCCOCCOCCOCCOCCOCCOCCOCCOCCOCCNC(=O)CCN2C(=O)C=CC2=O,O=C(CCN1C(=O)C=CC1=O)NCCOCCOCCOCCOCCOCCOCCOCCOCCOCCOCCOCCOCCOCCOCCOCCNC(=O)CCN1C(=O)C=CC1=O,Maleimide,O=C1C=CC(=O)N1
Bis-Maleimide-PEG6 ,C1=CC(=O)N(C1=O)CCC(=O)NCCOCCOCCOCCOCCOCCOCCOCCOCCOCCOCCOCCOCCOCCOCCOCCOCCOCCOCCNC(=O)CCN2C(=O)C=CC2=O,O=C(CCN1C(=O)C=CC1=O)NCCOCCOCCOCCOCCOCCOCCOCCOCCOCCOCCOCCOCCOCCOCCOCCOCCOCCOCCNC(=O)CCN1C(=O)C=CC1=O,Maleimide,O=C1C=CC(=O)N1
Bis-Maleimide-PEG7 ,C1=CC(=O)N(C1=O)CCC(=O)NCCOCCOCCOCCOCCOCCOCCOCCOCCOCCOCCOCCOCCOCCOCCOCCOCCOCCOCCOCCOCCOCCNC(=O)CCN2C(=O)C=CC2=O,O=C(CCN1C(=O)C=CC1=O)NCCOCCOCCOCCOCCOCCOCCOCCOCCOCCOCCOCCOCCOCCOCCOCCOCCOCCOCCOCCOCCOCCNC(=O)CCN1C(=O)C=CC1=O,Maleimide,O=C1C=CC(=O)N1
Bis-Maleimide-PEG8 ,C1=CC(=O)N(C1=O)CCC(=O)NCCOCCOCCOCCOCCOCCOCCOCCOCCOCCOCCOCCOCCOCCOCCOCCOCCOCCOCCOCCOCCOCCOCCOCCOCCNC(=O)CCN2C(=O)C=CC2=O,O=C(CCN1C(=O)C=CC1=O)NCCOCCOCCOCCOCCOCCOCCOCCOCCOCCOCCOCCOCCOCCOCCOCCOCCOCCOCCOCCOCCOCCOCCOCCOCCNC(=O)CCN1C(=O)C=CC1=O,Maleimide,O=C1C=CC(=O)N1
Bis-Maleimide-PEG9 ,C1=CC(=O)N(C1=O)CCC(=O)NCCOCCOCCOCCOCCOCCOCCOCCOCCOCCOCCOCCOCCOCCOCCOCCOCCOCCOCCOCCOCCOCCOCCOCCOCCOCCOCCOCCNC(=O)CCN2C(=O)C=CC2=O,O=C(CCN1C(=O)C=CC1=O)NCCOCCOCCOCCOCCOCCOCCOCCOCCOCCOCCOCCOCCOCCOCCOCCOCCOCCOCCOCCOCCOCCOCCOCCOCCOCCOCCOCCNC(=O)CCN1C(=O)C=CC1=O,Maleimide,O=C1C=CC(=O)N1
"3,4-Dibromo-Maleimide-PEG2-Amine TFA salt",C(COCCOCCN1C(=O)C(=C(C1=O)Br)Br)N,NCCOCCOCCN1C(=O)C(Br)=C(Br)C1=O,Maleimide,O=C1C=CC(=O)N1
TCO-PEG4-DBCO,C1C/C=C\CCC(C1)OC(=O)NCCOCCOCCOCCOCCC(=O)NCCC(=O)N2CC3=CC=CC=C3C#CC4=CC=CC=C42,O=C(O)NCCOCCOCCOCCOCCC(=O)NCCC(=O)N1Cc2ccccc2C#Cc2ccccc21,DBCO,N1Cc2ccccc2C#Cc2ccccc21
TCO-PEG9-maleimide,C1C/C=C\CCC(C1)OC(=O)NCCOCCOCCOCCOCCOCCOCCOCCOCCOCCNC(=O)CCN2C(=O)C=CC2=O,O=C(O)NCCOCCOCCOCCOCCOCCOCCOCCOCCOCCNC(=O)CCN1C(=O)C=CC1=O,Maleimide,O=C1C=CC(=O)N1
Methyltetrazine-PEG5-alkyne,CC1=NN=C(N=N1)C2=CC=C(C=C2)OCCOCCOCCOCCOCC#C,C#CCOCCOCCOCCOCCOc1ccc(-c2nnc(C)nn2)cc1,Alkyne,C#C
Methyltetrazine-amido-PEG5-alkyne,CC1=NN=C(N=N1)C2=CC=C(C=C2)CNC(=O)CCOCCOCCOCCOCCOCC#C,C#CCOCCOCCOCCOCCOCCC(=O)NCc1ccc(-c2nnc(C)nn2)cc1,Alkyne,C#C
Methyltetrazine-PEG4-N3,CC1=NN=C(N=N1)C2=CC=C(C=C2)OCCOCCOCCOCCN=[N+]=[N-],Cc1nnc(-c2ccc(OCCOCCOCCOCCN=[N+]=[N-])cc2)nn1,Azide,[N-]=[N+]=N
Methyltetrazine-amido-PEG7-N3,CC1=NN=C(N=N1)C2=CC=C(C=C2)CNC(=O)CCOCCOCCOCCOCCOCCOCCOCCN=[N+]=[N-],Cc1nnc(-c2ccc(CNC(=O)CCOCCOCCOCCOCCOCCOCCOCCN=[N+]=[N-])cc2)nn1,Azide,[N-]=[N+]=N
Methyltetrazine-DBCO,CC1=NN=C(N=N1)C2=CC=C(C=C2)OCCCNC(=O)C(CNC(=O)CCC(=O)N3CC4=CC=CC=C4C#CC5=CC=CC=C53)S(=O)(=O)O,Cc1nnc(-c2ccc(OCCCNC(=O)C(CNC(=O)CCC(=O)N3Cc4ccccc4C#Cc4ccccc43)S(=O)(=O)O)cc2)nn1,DBCO,N1Cc2ccccc2C#Cc2ccccc21
Methyltetrazine-PEG4-maleimide,CC1=NN=C(N=N1)C2=CC=C(C=C2)OCCOCCOCCOCCNC(=O)CCN3C(=O)C=CC3=O,Cc1nnc(-c2ccc(OCCOCCOCCOCCNC(=O)CCN3C(=O)C=CC3=O)cc2)nn1,Maleimide,O=C1C=CC(=O)N1
Bromoacetamido-PEG2-Boc-amine,CC(C)(C)OC(=O)NCCOCCOCCNC(=O)CBr,NCCOCCOCCNC(=O)CBr,Bromoacetamide,NC(=O)CBr
t-Boc-N-amido-PEG5-alkyne ,CC(C)(C)OC(=O)NCCOCCOCCOCCOCCOCCOCCOCCOCCOCCOCC#C,C#CCOCCOCCOCCOCCOCCOCCOCCOCCOCCOCCN,Alkyne,C#C
t-Boc-N-amido-PEG6-alkyne ,CC(C)(C)OC(=O)NCCOCCOCCOCCOCCOCCOCCOCCOCCOCCOCCOCCOCC#C,C#CCOCCOCCOCCOCCOCCOCCOCCOCCOCCOCCOCCOCCN,Alkyne,C#C
t-Boc-N-amido-PEG7-alkyne ,CC(C)(C)OC(=O)NCCOCCOCCOCCOCCOCCOCCOCCOCCOCCOCCOCCOCCOCCOCC#C,C#CCOCCOCCOCCOCCOCCOCCOCCOCCOCCOCCOCCOCCOCCOCCN,Alkyne,C#C
t-Boc-N-amido-PEG8-alkyne ,CC(C)(C)OC(=O)NCCOCCOCCOCCOCCOCCOCCOCCOCCOCCOCCOCCOCCOCCOCCOCCOCC#C,C#CCOCCOCCOCCOCCOCCOCCOCCOCCOCCOCCOCCOCCOCCOCCOCCOCCN,Alkyne,C#C
t-Boc-N-amido-PEG9-alkyne ,CC(C)(C)OC(=O)NCCOCCOCCOCCOCCOCCOCCOCCOCCOCCOCCOCCOCCOCCOCCOCCOCCOCCOCC#C,C#CCOCCOCCOCCOCCOCCOCCOCCOCCOCCOCCOCCOCCOCCOCCOCCOCCOCCOCCN,Alkyne,C#C
N3-PEG3-(CH2)3OH,C(CO)COCCOCCOCCN=[N+]=[N-],[N-]=[N+]=NCCOCCOCCOCCCO,Azide,[N-]=[N+]=N
Hydroxy-Amino-bis(PEG2-alkyne),C#CCOCCOCCN(CCO)CCOCCOCC#C,C#CCOCCOCCN(CCO)CCOCCOCC#C,Alkyne,C#C
N-(alkyne-PEG2)-N-bis(PEG1-alcohol),C#CCOCCOCCN(CCOCCO)CCOCCO,C#CCOCCOCCN(CCOCCO)CCOCCO,Alkyne,C#C
"2-(N3-PEG2-amido)-1,3-propandiol",C(COCCOCCN=[N+]=[N-])C(=O)NC(CO)CO,[N-]=[N+]=NCCOCCOCCC(=O)NC(CO)CO,Azide,[N-]=[N+]=N
Thiol-PEG3-N3,C(COCCOCCOCCS)N=[N+]=[N-],[N-]=[N+]=NCCOCCOCCOCCS,Azide,[N-]=[N+]=N
Lipoamido-PEG3-N3,C1CSSC1CCCCC(=O)NCCOCCOCCOCCN=[N+]=[N-],[N-]=[N+]=NCCOCCOCCOCCNC(=O)CCCCC1CCSS1,Azide,[N-]=[N+]=N
Lipoamido-PEG3-maleimide,C1CSSC1CCCCC(=O)NCCCOCCOCCOCCCNC(=O)CCN2C(=O)C=CC2=O,O=C(CCCCC1CCSS1)NCCCOCCOCCOCCCNC(=O)CCN1C(=O)C=CC1=O,Maleimide,O=C1C=CC(=O)N1
S-acetyl-PEG4-alkyne,CC(=O)SCCOCCOCCOCCOCC#C,C#CCOCCOCCOCCOCCSC(C)=O,Alkyne,C#C
S-acetyl-PEG3-N3,CC(=O)SCCOCCOCCOCCN=[N+]=[N-],CC(=O)SCCOCCOCCOCCN=[N+]=[N-],Azide,[N-]=[N+]=N
(2-pyridyldithio)-PEG4-alcohol,C1=CC=NC(=C1)SSCCOCCOCCOCCO,OCCOCCOCCOCCSSc1ccccn1,Pyridyldisulfanyl,SSc1ccccn1
(2-pyridyldithio)-PEG4-alkyne,C#CCOCCOCCOCCOCCSSC1=CC=CC=N1,C#CCOCCOCCOCCOCCSSc1ccccn1,Alkyne,C#C
N-(Aminooxy-PEG2)-N-bis(PEG3-alkyne),C#CCOCCOCCOCCN(CCOCCOCCOCC#C)CCOCCOCCON,C#CCOCCOCCOCCN(CCOCCOCCON)CCOCCOCCOCC#C,Alkyne,C#C
Methyl-PEG3-ONHBoc,CC(C)(C)OC(=O)NOCCOCCOCCOC,COCCOCCOCCON,Oxyamine,CON
APN-PEG4-tetrazine,C1=CC(=CC=C1CNC(=O)CCOCCOCCOCCOCCNC(=O)C2=CC=C(C=C2)C#CC#N)C3=NN=CN=N3,N#CC#Cc1ccc(C(=O)NCCOCCOCCOCCOCCC(=O)NCc2ccc(-c3nncnn3)cc2)cc1,Alkyne,C#C
APN-PEG4-DBCO,C1C2=CC=CC=C2C#CC3=CC=CC=C3N1C(=O)CCC(=O)NCCOCCOCCOCCOCCC(=O)NC4=CC=C(C=C4)C#CC#N,N#CC#Cc1ccc(NC(=O)CCOCCOCCOCCOCCNC(=O)CCC(=O)N2Cc3ccccc3C#Cc3ccccc32)cc1,DBCO,N1Cc2ccccc2C#Cc2ccccc21
APN-PEG4-BCN,C1C[C@@H]2[C@@H](C2COC(=O)NCCOCCOCCOCCOCCC(=O)NC3=CC=C(C=C3)C#CC#N)CCC#C1,N#CC#Cc1ccc(NC(=O)CCOCCOCCOCCOCCNC(=O)O)cc1,Alkyne,C#C
PTAD-PEG4-N3,COC1=C(C=CC(=C1)N2C(=O)NNC2=O)OCCNC(=O)CCOCCOCCOCCOCCN=[N+]=[N-],COc1cc(-n2c(=O)[nH][nH]c2=O)ccc1OCCNC(=O)CCOCCOCCOCCOCCN=[N+]=[N-],Azide,[N-]=[N+]=N
PTAD-PEG4-alkyne,COC1=C(C=CC(=C1)N2C(=O)NNC2=O)OCCNC(=O)CCOCCOCCOCCOCC#C,C#CCOCCOCCOCCOCCC(=O)NCCOc1ccc(-n2c(=O)[nH][nH]c2=O)cc1OC,Alkyne,C#C
Mal-PEG4-bis-PEG3-DBCO,C1C2=CC=CC=C2C#CC3=CC=CC=C3N1C(=O)CCC(=O)NCCOCCOCCOCCNC(=O)CCOCC(COCCC(=O)NCCOCCOCCOCCNC(=O)CCC(=O)N4CC5=CC=CC=C5C#CC6=CC=CC=C64)NC(=O)CCOCCOCCOCCOCCNC(=O)CCN7C(=O)C=CC7=O,O=C(CCOCC(COCCC(=O)NCCOCCOCCOCCNC(=O)CCC(=O)N1Cc2ccccc2C#Cc2ccccc21)NC(=O)CCOCCOCCOCCOCCNC(=O)CCN1C(=O)C=CC1=O)NCCOCCOCCOCCNC(=O)CCC(=O)N1Cc2ccccc2C#Cc2ccccc21,DBCO,N1Cc2ccccc2C#Cc2ccccc21
Amino-bis-PEG3-DBCO,C1C2=CC=CC=C2C#CC3=CC=CC=C3N1C(=O)CCC(=O)NCCOCCOCCOCCNC(=O)CCOCC(COCCC(=O)NCCOCCOCCOCCNC(=O)CCC(=O)N4CC5=CC=CC=C5C#CC6=CC=CC=C64)N,NC(COCCC(=O)NCCOCCOCCOCCNC(=O)CCC(=O)N1Cc2ccccc2C#Cc2ccccc21)COCCC(=O)NCCOCCOCCOCCNC(=O)CCC(=O)N1Cc2ccccc2C#Cc2ccccc21,DBCO,N1Cc2ccccc2C#Cc2ccccc21
Mal-bis-PEG3-DBCO,C1C2=CC=CC=C2C#CC3=CC=CC=C3N1C(=O)CCC(=O)NCCOCCOCCOCCNC(=O)CCOCC(COCCC(=O)NCCOCCOCCOCCNC(=O)CCC(=O)N4CC5=CC=CC=C5C#CC6=CC=CC=C64)NC(=O)CCN7C(=O)C=CC7=O,O=C(CCOCC(COCCC(=O)NCCOCCOCCOCCNC(=O)CCC(=O)N1Cc2ccccc2C#Cc2ccccc21)NC(=O)CCN1C(=O)C=CC1=O)NCCOCCOCCOCCNC(=O)CCC(=O)N1Cc2ccccc2C#Cc2ccccc21,DBCO,N1Cc2ccccc2C#Cc2ccccc21
Mal-PEG4-(PEG3-DBCO)-(PEG3-TCO),C1C/C=C/CC[C@H](C1)OC(=O)NCCOCCOCCOCCN(CCOCCOCCOCCNC(=O)CCC(=O)N2CC3=CC=CC=C3C#CC4=CC=CC=C42)C(=O)CCOCCOCCOCCOCCNC(=O)CCN5C(=O)C=CC5=O,O=C(O)NCCOCCOCCOCCN(CCOCCOCCOCCNC(=O)CCC(=O)N1Cc2ccccc2C#Cc2ccccc21)C(=O)CCOCCOCCOCCOCCNC(=O)CCN1C(=O)C=CC1=O,DBCO,N1Cc2ccccc2C#Cc2ccccc21
Mal-PEG4-bis-PEG3-methyltetrazine,CC1=NN=C(N=N1)C2=CC=C(C=C2)CC(=O)NCCOCCOCCOCCNC(=O)CCOCC(COCCC(=O)NCCOCCOCCOCCNC(=O)CC3=CC=C(C=C3)C4=NN=C(N=N4)C)NC(=O)CCOCCOCCOCCOCCNC(=O)CCN5C(=O)C=CC5=O,Cc1nnc(-c2ccc(CC(=O)NCCOCCOCCOCCNC(=O)CCOCC(COCCC(=O)NCCOCCOCCOCCNC(=O)Cc3ccc(-c4nnc(C)nn4)cc3)NC(=O)CCOCCOCCOCCOCCNC(=O)CCN3C(=O)C=CC3=O)cc2)nn1,Maleimide,O=C1C=CC(=O)N1
Aminooxy-PEG2-bis-PEG3-DBCO,C1C[C@@H]2[C@@H](C2COC(=O)NCCOCCOCCOCCNC(=O)CCOCC(COCCC(=O)NCCOCCOCCOCCNC(=O)OCC3[C@H]4[C@@H]3CCC#CCC4)NC(=O)CCOCCOCCON)CCC#C1,NOCCOCCOCCC(=O)NC(COCCC(=O)NCCOCCOCCOCCNC(=O)O)COCCC(=O)NCCOCCOCCOCCNC(=O)O,Oxyamine,CON
Mal-PEG2-bis-PEG3-BCN,C1C[C@@H]2[C@@H](C2COC(=O)NCCOCCOCCOCCNC(=O)CCOCC(COCCC(=O)NCCOCCOCCOCCNC(=O)OCC3[C@H]4[C@@H]3CCC#CCC4)NC(=O)CCOCCOCCNC(=O)CCN5C(=O)C=CC5=O)CCC#C1,O=C(O)NCCOCCOCCOCCNC(=O)CCOCC(COCCC(=O)NCCOCCOCCOCCNC(=O)O)NC(=O)CCOCCOCCNC(=O)CCN1C(=O)C=CC1=O,Maleimide,O=C1C=CC(=O)N1
Biotin-PEG3-aldehyde,C1[C@H]2[C@@H]([C@@H](S1)CCCCC(=O)NCCOCCOCCOCCNC(=O)C3=CC=C(C=C3)C=O)NC(=O)N2,O=Cc1ccc(C(=O)NCCOCCOCCOCCNC(=O)CCCC[C@@H]2SC[C@@H]3NC(=O)N[C@@H]32)cc1,Aldehyde,C=O
Biotin-PEG3-Mal,C1[C@H]2[C@@H]([C@@H](S1)CCCCC(=O)NCCOCCOCCOCCNC(=O)CCN3C(=O)C=CC3=O)NC(=O)N2,O=C(CCCC[C@@H]1SC[C@@H]2NC(=O)N[C@@H]21)NCCOCCOCCOCCNC(=O)CCN1C(=O)C=CC1=O,Maleimide,O=C1C=CC(=O)N1
DBCO-PEG4-HyNic,CC(=NNC1=NC=C(C=C1)C(=O)NCCOCCOCCOCCOCCC(=O)NCCC(=O)N2CC3=CC=CC=C3C#CC4=CC=CC=C42)C,CC(C)=NNc1ccc(C(=O)NCCOCCOCCOCCOCCC(=O)NCCC(=O)N2Cc3ccccc3C#Cc3ccccc32)cn1,DBCO,N1Cc2ccccc2C#Cc2ccccc21
DBCO-PEG3-oxyamine,C1C2=CC=CC=C2C#CC3=CC=CC=C3N1C(=O)CCC(=O)NCCOCCOCCOCCNC(=O)CON,NOCC(=O)NCCOCCOCCOCCNC(=O)CCC(=O)N1Cc2ccccc2C#Cc2ccccc21,DBCO,N1Cc2ccccc2C#Cc2ccccc21
HyNic-PEG4-alkyne,CC(=NNC1=NC=C(C=C1)C(=O)NCCOCCOCCOCCOCC#C)C,C#CCOCCOCCOCCOCCNC(=O)c1ccc(NN=C(C)C)nc1,Alkyne,C#C
N3-PEG5-aldehyde,C1=CC(=CC=C1C=O)C(=O)NCCOCCOCCOCCOCCOCCN=[N+]=[N-],[N-]=[N+]=NCCOCCOCCOCCOCCOCCNC(=O)c1ccc(C=O)cc1,Azide,[N-]=[N+]=N
Methyltetrazine-PEG4-aldehyde,CC1=NN=C(N=N1)C2=CC=C(C=C2)CNC(=O)CCOCCOCCOCCOCCNC(=O)C3=CC=C(C=C3)C=O,Cc1nnc(-c2ccc(CNC(=O)CCOCCOCCOCCOCCNC(=O)c3ccc(C=O)cc3)cc2)nn1,Aldehyde,C=O
TCO-PEG3-oxyamine,C1C/C=C/CC[C@H](C1)OC(=O)NCCOCCOCCOCCNC(=O)CON,NOCC(=O)NCCOCCOCCOCCNC(=O)O,Oxyamine,CON
Methyltetrazine-PEG4-oxyamine,CC1=NN=C(N=N1)C2=CC=C(C=C2)CNC(=O)CCOCCOCCOCCOCCNC(=O)CON,Cc1nnc(-c2ccc(CNC(=O)CCOCCOCCOCCOCCNC(=O)CON)cc2)nn1,Oxyamine,CON
Boc-amino-PEG3-SSPy,CC(C)(C)OC(=O)NCCOCCOCCOCCSSC1=CC=CC=N1,NCCOCCOCCOCCSSc1ccccn1,Pyridyldisulfanyl,SSc1ccccn1
DBCO-SS-aldehyde,C1C2=CC=CC=C2C#CC3=CC=CC=C3N1C(=O)CCNC(=O)CCSSCCNC(=O)C4=CC=C(C=C4)C=O,O=Cc1ccc(C(=O)NCCSSCCC(=O)NCCC(=O)N2Cc3ccccc3C#Cc3ccccc32)cc1,DBCO,N1Cc2ccccc2C#Cc2ccccc21
DBCO-SS-amine,C1C2=CC=CC=C2C#CC3=CC=CC=C3N1C(=O)CCC(=O)NCCSSCCN,NCCSSCCNC(=O)CCC(=O)N1Cc2ccccc2C#Cc2ccccc21,DBCO,N1Cc2ccccc2C#Cc2ccccc21
DBCO-PEG4-SS-TCO,C1C/C=C/CC[C@H](C1)OC(=O)NCCSSCCNC(=O)CCOCCOCCOCCOCCNC(=O)CCC(=O)N2CC3=CC=CC=C3C#CC4=CC=CC=C42,O=C(O)NCCSSCCNC(=O)CCOCCOCCOCCOCCNC(=O)CCC(=O)N1Cc2ccccc2C#Cc2ccccc21,DBCO,N1Cc2ccccc2C#Cc2ccccc21
DBCO-PEG3-TCO,C1C/C=C/CC[C@H](C1)OC(=O)NCCOCCOCCOCCNC(=O)CCC(=O)N2CC3=CC=CC=C3C#CC4=CC=CC=C42,O=C(O)NCCOCCOCCOCCNC(=O)CCC(=O)N1Cc2ccccc2C#Cc2ccccc21,DBCO,N1Cc2ccccc2C#Cc2ccccc21
DBCO-SS-PEG4-Biotin,C1[C@H]2[C@@H]([C@@H](S1)CCCCCC(=O)NCCOCCOCCOCCOCCC(=O)NCCSSCCNC(=O)CCC(=O)N3CC4=CC=CC=C4C#CC5=CC=CC=C53)NC(=O)N2,O=C(CCCCC[C@@H]1SC[C@@H]2NC(=O)N[C@@H]21)NCCOCCOCCOCCOCCC(=O)NCCSSCCNC(=O)CCC(=O)N1Cc2ccccc2C#Cc2ccccc21,DBCO,N1Cc2ccccc2C#Cc2ccccc21
Bromoacetyl-PEG3-DBCO,C1C2=CC=CC=C2C#CC3=CC=CC=C3N1C(=O)CCC(=O)NCCOCCOCCOCCNC(=O)CBr,O=C(CBr)NCCOCCOCCOCCNC(=O)CCC(=O)N1Cc2ccccc2C#Cc2ccccc21,DBCO,N1Cc2ccccc2C#Cc2ccccc21
Alkyne-PEG4-SS-PEG4-alkyne,C#CCOCCOCCOCCOCCSSCCOCCOCCOCCOCC#C,C#CCOCCOCCOCCOCCSSCCOCCOCCOCCOCC#C,Alkyne,C#C
Methyltetrazine-PEG4-SSPy,CC1=NN=C(N=N1)C2=CC=C(C=C2)CNC(=O)CCOCCOCCOCCOCCNC(=O)CCSSC3=CC=CC=N3,Cc1nnc(-c2ccc(CNC(=O)CCOCCOCCOCCOCCNC(=O)CCSSc3ccccn3)cc2)nn1,Pyridyldisulfanyl,SSc1ccccn1
Methyltetrazine-PEG4-hydrazone-DBCO,CC1=NN=C(N=N1)C2=CC=C(C=C2)CNC(=O)CCOCCOCCOCCOCCNC(=O)C3=CC=C(C=C3)/C=N\NC(=O)CCC(=O)N4CC5=CC=CC=C5C#CC6=CC=CC=C64,Cc1nnc(-c2ccc(CNC(=O)CCOCCOCCOCCOCCNC(=O)c3ccc(/C=N\NC(=O)CCC(=O)N4Cc5ccccc5C#Cc5ccccc54)cc3)cc2)nn1,DBCO,N1Cc2ccccc2C#Cc2ccccc21
BCN-PEG3-Mal,C1C[C@@H]2[C@@H](C2COC(=O)NCCOCCOCCOCCNC(=O)CCN3C(=O)C=CC3=O)CCC#C1,O=C(O)NCCOCCOCCOCCNC(=O)CCN1C(=O)C=CC1=O,Maleimide,O=C1C=CC(=O)N1
BCN-PEG4-alkyne,C#CCOCCOCCOCCOCCNC(=O)OCC1[C@H]2[C@@H]1CCC#CCC2,C#CCOCCOCCOCCOCCNC(=O)O,Alkyne,C#C
DBCO-PEG4-alkyne,C#CCOCCOCCOCCOCCNC(=O)CCC(=O)N1CC2=CC=CC=C2C#CC3=CC=CC=C31,C#CCOCCOCCOCCOCCNC(=O)CCC(=O)N1Cc2ccccc2C#Cc2ccccc21,DBCO,N1Cc2ccccc2C#Cc2ccccc21
N3-PEG3-N3,C(COCCOCCOCCN=[N+]=[N-])N=[N+]=[N-],[N-]=[N+]=NCCOCCOCCOCCN=[N+]=[N-],Azide,[N-]=[N+]=N
Amino-PEG4-bis-PEG3-N3,C(COCCOCCOCCOCCN)C(=O)NC(COCCC(=O)NCCOCCOCCOCCN=[N+]=[N-])COCCC(=O)NCCOCCOCCOCCN=[N+]=[N-],[N-]=[N+]=NCCOCCOCCOCCNC(=O)CCOCC(COCCC(=O)NCCOCCOCCOCCN=[N+]=[N-])NC(=O)CCOCCOCCOCCOCCN,Azide,[N-]=[N+]=N
Alkyne-PEG4-Maleimide,C#CCOCCOCCOCCOCCNC(=O)CCN1C(=O)C=CC1=O,C#CCOCCOCCOCCOCCNC(=O)CCN1C(=O)C=CC1=O,Maleimide,O=C1C=CC(=O)N1
TCO-PEG5-Maleimide,C1C/C=C/CC[C@H](C1)OC(=O)NCCOCCOCCOCCOCCOCCNC(=O)CCN2C(=O)C=CC2=O,O=C(O)NCCOCCOCCOCCOCCOCCNC(=O)CCN1C(=O)C=CC1=O,Maleimide,O=C1C=CC(=O)N1
TCO-PEG3-aldehyde,C1C/C=C/CC[C@H](C1)OC(=O)NCCOCCOCCOCCNC(=O)C2=CC=C(C=C2)C=O,O=Cc1ccc(C(=O)NCCOCCOCCOCCNC(=O)O)cc1,Aldehyde,C=O
TCO-PEG3-CH2-aldehyde,C1C/C=C/CCC(C1)OC(=O)NCCOCCOCCOCC=O,O=CCOCCOCCOCCNC(=O)O,Aldehyde,C=O
TCO-PEG3-Maleimide,C1C/C=C/CCC(C1)OC(=O)NCCCOCCOCCOCCCNC(=O)CCN2C(=O)C=CC2=O,O=C(O)NCCCOCCOCCOCCCNC(=O)CCN1C(=O)C=CC1=O,Maleimide,O=C1C=CC(=O)N1
Methyltetrazine-PEG6-Maleimide,CC1=NN=C(N=N1)C2=CC=C(C=C2)CNC(=O)CCOCCOCCOCCOCCOCCOCCNC(=O)CCN3C(=O)C=CC3=O,Cc1nnc(-c2ccc(CNC(=O)CCOCCOCCOCCOCCOCCOCCNC(=O)CCN3C(=O)C=CC3=O)cc2)nn1,Maleimide,O=C1C=CC(=O)N1
Methyltetrazine-PEG8-N3,CC1=NN=C(N=N1)C2=CC=C(C=C2)CNC(=O)CCOCCOCCOCCOCCOCCOCCOCCOCCN=[N+]=[N-],Cc1nnc(-c2ccc(CNC(=O)CCOCCOCCOCCOCCOCCOCCOCCOCCN=[N+]=[N-])cc2)nn1,Azide,[N-]=[N+]=N
Methyltetrazine-Maleimide,CC1=NN=C(N=N1)C2=CC=C(C=C2)CNC(=O)CCN3C(=O)C=CC3=O,Cc1nnc(-c2ccc(CNC(=O)CCN3C(=O)C=CC3=O)cc2)nn1,Maleimide,O=C1C=CC(=O)N1
Biotin-NH-CH2CH2-S-S-Pyr,C1[C@H]2[C@@H]([C@@H](S1)CCCCC(=O)NCCSSC3=CC=CC=N3)NC(=O)N2,O=C(CCCC[C@@H]1SC[C@@H]2NC(=O)N[C@@H]21)NCCSSc1ccccn1,Pyridyldisulfanyl,SSc1ccccn1
Benzaldehyde-PEG4-N3,C1=CC(=CC=C1C=O)OCCOCCOCCOCCN=[N+]=[N-],[N-]=[N+]=NCCOCCOCCOCCOc1ccc(C=O)cc1,Azide,[N-]=[N+]=N
Biotin-PEG2-aldehyde,C1[C@H]2[C@@H]([C@@H](S1)CCCCC(=O)NCCOCCOCCC=O)NC(=O)N2,O=CCCOCCOCCNC(=O)CCCC[C@@H]1SC[C@@H]2NC(=O)N[C@@H]21,Aldehyde,C=O
Biotin-PEG2-CH2-aldehyde,C1[C@H]2[C@@H]([C@@H](S1)CCCCC(=O)NCCOCCOCC=O)NC(=O)N2,O=CCOCCOCCNC(=O)CCCC[C@@H]1SC[C@@H]2NC(=O)N[C@@H]21,Aldehyde,C=O
Bis-BCN-PEG1-diamide,C1CC2C(C2COCC(=O)NCCOCCNC(=O)COCC3C4C3CCC#CCC4)CCC#C1,O=C(COCC1C2CCC#CCCC21)NCCOCCNC(=O)COCC1C2CCC#CCCC21,BCN,CC1C2C1CCC#CCC2
HyNic-PEG2-Amino-DBCO,CC(=NNC1=NC=C(C=C1)C(=O)NCCOCCOCCC(=O)NCCC(=O)N2CC3=CC=CC=C3C#CC4=CC=CC=C42)C,CC(C)=NNc1ccc(C(=O)NCCOCCOCCC(=O)NCCC(=O)N2Cc3ccccc3C#Cc3ccccc32)cn1,DBCO,N1Cc2ccccc2C#Cc2ccccc21
Boc-HyNic-PEG2-Amino-DBCO,CC(C)(C)OC(=O)NNC1=NC=C(C=C1)C(=O)NCCOCCOCCC(=O)NCCC(=O)N2CC3=CC=CC=C3C#CC4=CC=CC=C42,NNc1ccc(C(=O)NCCOCCOCCC(=O)NCCC(=O)N2Cc3ccccc3C#Cc3ccccc32)cn1,DBCO,N1Cc2ccccc2C#Cc2ccccc21
Boc-HyNic-PEG2-N3,CC(C)(C)OC(=O)NNC1=NC=C(C=C1)C(=O)NCCOCCOCCN=[N+]=[N-],[N-]=[N+]=NCCOCCOCCNC(=O)c1ccc(NN)nc1,Azide,[N-]=[N+]=N
Boc-HyNic-PEG2-alkyne,CC(C)(C)OC(=O)NNC1=NC=C(C=C1)C(=O)NCCOCCOCC#C,C#CCOCCOCCNC(=O)c1ccc(NN)nc1,Alkyne,C#C
Bocaminooxyacetamide-PEG3-alkyne,CC(C)(C)OC(=O)NOCC(=O)NCCOCCOCCOCC#C,C#CCOCCOCCOCCNC(=O)CON,Alkyne,C#C
Bromo-PEG6-N3,C(COCCOCCOCCOCCOCCOCCBr)N=[N+]=[N-],[N-]=[N+]=NCCOCCOCCOCCOCCOCCOCCBr,Azide,[N-]=[N+]=N
DBCO-Amine-PEG3-Fmoc,C1C2=CC=CC=C2C#CC3=CC=CC=C3N1C(=O)CCNC(=O)CCOCCOCCOCCNC(=O)OCC4C5=CC=CC=C5C6=CC=CC=C46,NCCOCCOCCOCCC(=O)NCCC(=O)N1Cc2ccccc2C#Cc2ccccc21,DBCO,N1Cc2ccccc2C#Cc2ccccc21
DBCO-PEG4-acetic-Val-Cit-PAB,CC(C)[C@@H](C(=O)N[C@@H](CCCNC(=O)N)C(=O)NC1=CC=C(C=C1)CO)NC(=O)COCCOCCOCCNC(=O)CCC(=O)N2CC3=CC=CC=C3C#CC4=CC=CC=C42,CC(C)[C@H](NC(=O)COCCOCCOCCNC(=O)CCC(=O)N1Cc2ccccc2C#Cc2ccccc21)C(=O)N[C@@H](CCCNC(N)=O)C(=O)Nc1ccc(CO)cc1,DBCO,N1Cc2ccccc2C#Cc2ccccc21
ANB-NOS Crosslinker,C1CC(=O)N(C1=O)OC(=O)C2=C(C=CC(=C2)N=[N+]=[N-])[N+](=O)[O-],[N-]=[N+]=Nc1ccc([N+](=O)[O-])c(C(=O)ON2C(=O)CCC2=O)c1,NHS_ester,C(=O)ON1C(=O)CCC1=O
N-(4-pentynoyl)-galactosamine tetraacylated (Ac4 GalNAl),CC(=O)OCC1C(C(C(C(O1)OC(=O)C)NC(=O)CCC#C)OC(=O)C)OC(=O)C,C#CCCC(=O)NC1C(O)OC(CO)C(O)C1O,Alkyne,C#C
N-azidoacetylmannosamine-tretraacylated (Ac4ManNAz),CC(=O)OC[C@@H]1[C@H]([C@@H]([C@@H](C(O1)OC(=O)C)NC(=O)CN=[N+]=[N-])OC(=O)C)OC(=O)C,[N-]=[N+]=NCC(=O)N[C@@H]1C(O)O[C@H](CO)[C@@H](O)[C@@H]1O,Azide,[N-]=[N+]=N
tert-butyl 3-(4-(2-cyanoethynyl)phenylcarbamoyl)propylcarbamate,CC(C)(C)OC(=O)NCCCC(=O)NC1=CC=C(C=C1)C#CC#N,N#CC#Cc1ccc(NC(=O)CCCN)cc1,Alkyne,C#C
AZD-Amido-Phenyl-Azide,C1CN(C1=O)C(=O)CCC2=CC=C(C=C2)NC(=O)C3=CC=C(C=C3)N=[N+]=[N-],[N-]=[N+]=Nc1ccc(C(=O)Nc2ccc(CCC(=O)N3CCC3=O)cc2)cc1,Azide,[N-]=[N+]=N
Ald-Ph-PEG2-amine TFA salt,C1=CC(=CC=C1C=O)C(=O)NCCOCCOCCN,NCCOCCOCCNC(=O)c1ccc(C=O)cc1,Aldehyde,C=O
Ald-CH2-PEG5-azide,C(COCCOCCOCCOCCOCC=O)N=[N+]=[N-],[N-]=[N+]=NCCOCCOCCOCCOCCOCC=O,Azide,[N-]=[N+]=N
Ald-CH2-PEG8-azide,C(COCCOCCOCCOCCOCCOCCOCCOCC=O)N=[N+]=[N-],[N-]=[N+]=NCCOCCOCCOCCOCCOCCOCCOCCOCC=O,Azide,[N-]=[N+]=N
Azido-PEG5-amine,C(COCCOCCOCCOCCOCCN=[N+]=[N-])N,[N-]=[N+]=NCCOCCOCCOCCOCCOCCN,Azide,[N-]=[N+]=N
Azido-PEG7-amine,C(COCCOCCOCCOCCOCCOCCOCCN=[N+]=[N-])N,[N-]=[N+]=NCCOCCOCCOCCOCCOCCOCCOCCN,Azide,[N-]=[N+]=N
Azido-PEG9-amine,C(COCCOCCOCCOCCOCCOCCOCCOCCOCCN=[N+]=[N-])N,[N-]=[N+]=NCCOCCOCCOCCOCCOCCOCCOCCOCCOCCN,Azide,[N-]=[N+]=N
Azido-PEG11-amine,C(COCCOCCOCCOCCOCCOCCOCCOCCOCCOCCOCCN=[N+]=[N-])N,[N-]=[N+]=NCCOCCOCCOCCOCCOCCOCCOCCOCCOCCOCCOCCN,Azide,[N-]=[N+]=N
Azido-PEG23 amine,C(COCCOCCOCCOCCOCCOCCOCCOCCOCCOCCOCCOCCOCCOCCOCCOCCOCCOCCOCCOCCOCCOCCOCCN=[N+]=[N-])N,[N-]=[N+]=NCCOCCOCCOCCOCCOCCOCCOCCOCCOCCOCCOCCOCCOCCOCCOCCOCCOCCOCCOCCOCCOCCOCCOCCN,Azide,[N-]=[N+]=N
Azido-PEG35 amine,C(COCCOCCOCCOCCOCCOCCOCCOCCOCCOCCOCCOCCOCCOCCOCCOCCOCCOCCOCCOCCOCCOCCOCCOCCOCCOCCOCCOCCOCCOCCOCCOCCOCCOCCOCCN=[N+]=[N-])N,[N-]=[N+]=NCCOCCOCCOCCOCCOCCOCCOCCOCCOCCOCCOCCOCCOCCOCCOCCOCCOCCOCCOCCOCCOCCOCCOCCOCCOCCOCCOCCOCCOCCOCCOCCOCCOCCOCCOCCN,Azide,[N-]=[N+]=N
Azido-PEG1-hydrazide,C(COCCN=[N+]=[N-])C(=O)NN,[N-]=[N+]=NCCOCCC(=O)NN,Azide,[N-]=[N+]=N
Azide-PEG4-Tos,CC1=CC=C(C=C1)S(=O)(=O)OCCOCCOCCOCCN=[N+]=[N-],Cc1ccc(S(=O)(=O)OCCOCCOCCOCCN=[N+]=[N-])cc1,Azide,[N-]=[N+]=N
Azide-PEG6-Tos,CC1=CC=C(C=C1)S(=O)(=O)OCCOCCOCCOCCOCCOCCN=[N+]=[N-],Cc1ccc(S(=O)(=O)OCCOCCOCCOCCOCCOCCN=[N+]=[N-])cc1,Azide,[N-]=[N+]=N
Azide-PEG12-Tos,CC1=CC=C(C=C1)S(=O)(=O)OCCOCCOCCOCCOCCOCCOCCOCCOCCOCCOCCOCCN=[N+]=[N-],Cc1ccc(S(=O)(=O)OCCOCCOCCOCCOCCOCCOCCOCCOCCOCCOCCOCCN=[N+]=[N-])cc1,Azide,[N-]=[N+]=N
Azide-PEG2-Ms,CS(=O)(=O)OCCOCCN=[N+]=[N-],CS(=O)(=O)OCCOCCN=[N+]=[N-],Azide,[N-]=[N+]=N
Bromo-PEG2-azide,C(COCCOCCBr)N=[N+]=[N-],[N-]=[N+]=NCCOCCOCCBr,Azide,[N-]=[N+]=N
Bromo-PEG3-azide,C(COCCOCCOCCBr)N=[N+]=[N-],[N-]=[N+]=NCCOCCOCCOCCBr,Azide,[N-]=[N+]=N
Bromo-PEG4-azide,C(COCCOCCOCCOCCBr)N=[N+]=[N-],[N-]=[N+]=NCCOCCOCCOCCOCCBr,Azide,[N-]=[N+]=N
Bromo-PEG5-azide,C(COCCOCCOCCOCCOCCBr)N=[N+]=[N-],[N-]=[N+]=NCCOCCOCCOCCOCCOCCBr,Azide,[N-]=[N+]=N
Bromoacetamido-PEG3-azide,C(COCCOCCOCCN=[N+]=[N-])NC(=O)CBr,[N-]=[N+]=NCCOCCOCCOCCNC(=O)CBr,Azide,[N-]=[N+]=N
Bromoacetamido-PEG5-azide,C(COCCOCCOCCOCCOCCN=[N+]=[N-])NC(=O)CBr,[N-]=[N+]=NCCOCCOCCOCCOCCOCCNC(=O)CBr,Azide,[N-]=[N+]=N
Thalidomide-O-PEG4-Azide,C1CC(=O)NC(=O)C1N2C(=O)C3=C(C2=O)C(=CC=C3)OCCOCCOCCOCCOCCN=[N+]=[N-],[N-]=[N+]=NCCOCCOCCOCCOCCOc1cccc2c1C(=O)N(C1CCC(=O)NC1=O)C2=O,Azide,[N-]=[N+]=N
"1,1,1-Trifluoroethyl-PEG2-azide",C(COCCOCC(F)(F)F)N=[N+]=[N-],[N-]=[N+]=NCCOCCOCC(F)(F)F,Azide,[N-]=[N+]=N
"1,1,1-Trifluoroethyl-PEG4-azide",C(COCCOCCOCCOCC(F)(F)F)N=[N+]=[N-],[N-]=[N+]=NCCOCCOCCOCCOCC(F)(F)F,Azide,[N-]=[N+]=N
Azido-PEG5-triethoxysilane,CCO[Si](CCCNC(=O)CCOCCOCCOCCOCCOCCN=[N+]=[N-])(OCC)OCC,CCO[Si](CCCNC(=O)CCOCCOCCOCCOCCOCCN=[N+]=[N-])(OCC)OCC,Azide,[N-]=[N+]=N
Iodoacetamide-PEG3-azide,C(COCCOCCOCCN=[N+]=[N-])NC(=O)CI,[N-]=[N+]=NCCOCCOCCOCCNC(=O)CI,Azide,[N-]=[N+]=N
Trityl-PEG10-azide,C1=CC=C(C=C1)C(C2=CC=CC=C2)(C3=CC=CC=C3)OCCOCCOCCOCCOCCOCCOCCOCCOCCOCCN=[N+]=[N-],[N-]=[N+]=NCCOCCOCCOCCOCCOCCOCCOCCOCCOCCOC(c1ccccc1)(c1ccccc1)c1ccccc1,Azide,[N-]=[N+]=N
DMTr-PEG12-Azide,COC1=CC=C(C=C1)C(C2=CC=CC=C2)(C3=CC=C(C=C3)OC)OCCOCCOCCOCCOCCOCCOCCOCCOCCOCCOCCOCCN=[N+]=[N-],COc1ccc(C(OCCOCCOCCOCCOCCOCCOCCOCCOCCOCCOCCOCCN=[N+]=[N-])(c2ccccc2)c2ccc(OC)cc2)cc1,Azide,[N-]=[N+]=N
Mal-PEG3-alcohol,C1=CC(=O)N(C1=O)CCOCCOCCO,O=C1C=CC(=O)N1CCOCCOCCO,Maleimide,O=C1C=CC(=O)N1
Mal-PEG4-amine TFA salt,C1=CC(=O)N(C1=O)CCOCCOCCOCCOCCN,NCCOCCOCCOCCOCCN1C(=O)C=CC1=O,Maleimide,O=C1C=CC(=O)N1
Mal-PEG5-amine TFA salt,C1=CC(=O)N(C1=O)CCOCCOCCOCCOCCOCCN,NCCOCCOCCOCCOCCOCCN1C(=O)C=CC1=O,Maleimide,O=C1C=CC(=O)N1
Bis-Mal-PEG11,C1=CC(=O)N(C1=O)CCC(=O)NCCOCCOCCOCCOCCOCCOCCOCCOCCOCCOCCOCCNC(=O)CCN2C(=O)C=CC2=O,O=C(CCN1C(=O)C=CC1=O)NCCOCCOCCOCCOCCOCCOCCOCCOCCOCCOCCOCCNC(=O)CCN1C(=O)C=CC1=O,Maleimide,O=C1C=CC(=O)N1
Bis-Mal-PEG19,C1=CC(=O)N(C1=O)CCC(=O)NCCOCCOCCOCCOCCOCCOCCOCCOCCOCCOCCOCCOCCOCCOCCOCCOCCOCCOCCOCCNC(=O)CCN2C(=O)C=CC2=O,O=C(CCN1C(=O)C=CC1=O)NCCOCCOCCOCCOCCOCCOCCOCCOCCOCCOCCOCCOCCOCCOCCOCCOCCOCCOCCOCCNC(=O)CCN1C(=O)C=CC1=O,Maleimide,O=C1C=CC(=O)N1
Tri(Mal-PEG2-amide)-amine,C1=CC(=O)N(C1=O)CCC(=O)NCCOCCOCCC(=O)NCCN(CCNC(=O)CCOCCOCCNC(=O)CCN2C(=O)C=CC2=O)CCNC(=O)CCOCCOCCNC(=O)CCN3C(=O)C=CC3=O,O=C(CCOCCOCCNC(=O)CCN1C(=O)C=CC1=O)NCCN(CCNC(=O)CCOCCOCCNC(=O)CCN1C(=O)C=CC1=O)CCNC(=O)CCOCCOCCNC(=O)CCN1C(=O)C=CC1=O,Maleimide,O=C1C=CC(=O)N1
N-(Mal-PEG6)-N-bis(PEG7-TCO),C1CC(CC/C=C\C1)OC(=O)NCCOCCOCCOCCOCCC(=O)NCCOCCOCCOCCN(C(=O)CCOCCOCCOCCOCCOCCOCCNC(=O)CCN2C(=O)C=CC2=O)CCOCCOCCOCCNC(=O)CCOCCOCCOCCOCCNC(=O)OC3CC/C=C\CCC3,O=C(O)NCCOCCOCCOCCOCCC(=O)NCCOCCOCCOCCN(CCOCCOCCOCCNC(=O)CCOCCOCCOCCOCCNC(=O)O)C(=O)CCOCCOCCOCCOCCOCCOCCNC(=O)CCN1C(=O)C=CC1=O,Maleimide,O=C1C=CC(=O)N1
N-Mal-N-bis(PEG4-NH-Boc),CC(C)(C)OC(=O)NCCOCCOCCOCCOCCN(CCOCCOCCOCCOCCNC(=O)OC(C)(C)C)C(=O)CCN1C(=O)C=CC1=O,NCCOCCOCCOCCOCCN(CCOCCOCCOCCOCCN)C(=O)CCN1C(=O)C=CC1=O,Maleimide,O=C1C=CC(=O)N1
SPDP-Val-Cit-PAB-OH,CC(C)[C@@H](C(=O)N[C@@H](CCCNC(=O)N)C(=O)NC1=CC=C(C=C1)CO)NC(=O)CCSSC2=CC=CC=N2,CC(C)[C@H](NC(=O)CCSSc1ccccn1)C(=O)N[C@@H](CCCNC(N)=O)C(=O)Nc1ccc(CO)cc1,Pyridyldisulfanyl,SSc1ccccn1
Mal-amido-PEG8-val-gly-PAB-OH,CC(C)[C@@H](C(=O)NCC(=O)NC1=CC=C(C=C1)CO)NC(=O)CCOCCOCCOCCOCCOCCOCCOCCOCCNC(=O)CCN2C(=O)C=CC2=O,CC(C)[C@H](NC(=O)CCOCCOCCOCCOCCOCCOCCOCCOCCNC(=O)CCN1C(=O)C=CC1=O)C(=O)NCC(=O)Nc1ccc(CO)cc1,Maleimide,O=C1C=CC(=O)N1
Azido-PEG5-Ala-Ala-Asn-PAB,C[C@@H](C(=O)N[C@@H](C)C(=O)N[C@@H](CC(=O)N)C(=O)NC1=CC=C(C=C1)CO)NC(=O)CCOCCOCCOCCOCCOCCN=[N+]=[N-],C[C@H](NC(=O)CCOCCOCCOCCOCCOCCN=[N+]=[N-])C(=O)N[C@@H](C)C(=O)N[C@@H](CC(N)=O)C(=O)Nc1ccc(CO)cc1,Azide,[N-]=[N+]=N
Azido-PEG4-Ala-Ala-Asn(Trt)-PAB,C[C@@H](C(=O)N[C@@H](C)C(=O)N[C@@H](CC(=O)NC(C1=CC=CC=C1)(C2=CC=CC=C2)C3=CC=CC=C3)C(=O)NC4=CC=C(C=C4)CO)NC(=O)CCOCCOCCOCCOCCN=[N+]=[N-],C[C@H](NC(=O)CCOCCOCCOCCOCCN=[N+]=[N-])C(=O)N[C@@H](C)C(=O)N[C@@H](CC(N)=O)C(=O)Nc1ccc(CO)cc1,Azide,[N-]=[N+]=N
Propargyl-PEG3-phosphonic acid,C#CCOCCOCCOCCP(=O)(O)O,C#CCOCCOCCOCCP(=O)(O)O,Alkyne,C#C
Propargyl-PEG3-phosphonic acid ethyl ester,CCOP(=O)(CCOCCOCCOCC#C)OCC,C#CCOCCOCCOCCP(=O)(OCC)OCC,Alkyne,C#C
Propargyl-PEG3-triethoxysilane,CCO[Si](CCCNC(=O)CCOCCOCCOCC#C)(OCC)OCC,C#CCOCCOCCOCCC(=O)NCCC[Si](OCC)(OCC)OCC,Alkyne,C#C
Mal-PEG4-Val-Cit-PAB-OH,CC(C)[C@@H](C(=O)N[C@@H](CCCNC(=O)N)C(=O)NC1=CC=C(C=C1)CO)NC(=O)CCOCCOCCOCCOCCN2C(=O)C=CC2=O,CC(C)[C@H](NC(=O)CCOCCOCCOCCOCCN1C(=O)C=CC1=O)C(=O)N[C@@H](CCCNC(N)=O)C(=O)Nc1ccc(CO)cc1,Maleimide,O=C1C=CC(=O)N1
Azido-PEG4-Val-Cit-PAB-OH,CC(C)[C@@H](C(=O)N[C@@H](CCCNC(=O)N)C(=O)NC1=CC=C(C=C1)CO)NC(=O)CCOCCOCCOCCOCCN=[N+]=[N-],CC(C)[C@H](NC(=O)CCOCCOCCOCCOCCN=[N+]=[N-])C(=O)N[C@@H](CCCNC(N)=O)C(=O)Nc1ccc(CO)cc1,Azide,[N-]=[N+]=N
DBCO-C3-alcohol,C1C2=CC=CC=C2C#CC3=CC=CC=C3N1C(=O)CCC(=O)NCCCO,O=C(CCC(=O)N1Cc2ccccc2C#Cc2ccccc21)NCCCO,DBCO,N1Cc2ccccc2C#Cc2ccccc21
DBCO-PEG2-amine TFA salt,C1C2=CC=CC=C2C#CC3=CC=CC=C3N1C(=O)CCC(=O)NCCOCCOCCN,NCCOCCOCCNC(=O)CCC(=O)N1Cc2ccccc2C#Cc2ccccc21,DBCO,N1Cc2ccccc2C#Cc2ccccc21
DBCO-PEG4-amine TFA salt,C1C2=CC=CC=C2C#CC3=CC=CC=C3N1C(=O)CCC(=O)NCCOCCOCCOCCOCCN,NCCOCCOCCOCCOCCNC(=O)CCC(=O)N1Cc2ccccc2C#Cc2ccccc21,DBCO,N1Cc2ccccc2C#Cc2ccccc21
DBCO-PEG6-amine TFA salt,C1C2=CC=CC=C2C#CC3=CC=CC=C3N1C(=O)CCC(=O)NCCOCCOCCOCCOCCOCCOCCN,NCCOCCOCCOCCOCCOCCOCCNC(=O)CCC(=O)N1Cc2ccccc2C#Cc2ccccc21,DBCO,N1Cc2ccccc2C#Cc2ccccc21
DBCO-PEG9-amine TFA salt,C1C2=CC=CC=C2C#CC3=CC=CC=C3N1C(=O)CCC(=O)NCCOCCOCCOCCOCCOCCOCCOCCOCCOCCN,NCCOCCOCCOCCOCCOCCOCCOCCOCCOCCNC(=O)CCC(=O)N1Cc2ccccc2C#Cc2ccccc21,DBCO,N1Cc2ccccc2C#Cc2ccccc21
DBCO-PEG23-amine TFA salt,C1C2=CC=CC=C2C#CC3=CC=CC=C3N1C(=O)CCC(=O)NCCOCCOCCOCCOCCOCCOCCOCCOCCOCCOCCOCCOCCOCCOCCOCCOCCOCCOCCOCCOCCOCCOCCOCCN,NCCOCCOCCOCCOCCOCCOCCOCCOCCOCCOCCOCCOCCOCCOCCOCCOCCOCCOCCOCCOCCOCCOCCOCCNC(=O)CCC(=O)N1Cc2ccccc2C#Cc2ccccc21,DBCO,N1Cc2ccccc2C#Cc2ccccc21
DBCO-PEG1-NH-Boc,CC(C)(C)OC(=O)NCCOCCNC(=O)CCC(=O)N1CC2=CC=CC=C2C#CC3=CC=CC=C31,NCCOCCNC(=O)CCC(=O)N1Cc2ccccc2C#Cc2ccccc21,DBCO,N1Cc2ccccc2C#Cc2ccccc21
BDP FL DBCO,[B-]1(N2C(=CC(=C2C=C3[N+]1=C(C=C3)CCC(=O)NCCC(=O)N4CC5=CC=CC=C5C#CC6=CC=CC=C64)C)C)(F)F,Cc1cc(C)n2c1C=C1C=CC(CCC(=O)NCCC(=O)N3Cc4ccccc4C#Cc4ccccc43)=[N+]1[B-]2(F)F,DBCO,N1Cc2ccccc2C#Cc2ccccc21
DBCO-PEG5-DBCO,C1C2=CC=CC=C2C#CC3=CC=CC=C3N1C(=O)CCNC(=O)CCOCCOCCOCCOCCOCCC(=O)NCCC(=O)N4CC5=CC=CC=C5C#CC6=CC=CC=C64,O=C(CCOCCOCCOCCOCCOCCC(=O)NCCC(=O)N1Cc2ccccc2C#Cc2ccccc21)NCCC(=O)N1Cc2ccccc2C#Cc2ccccc21,DBCO,N1Cc2ccccc2C#Cc2ccccc21
DBCO-PEG9-DBCO,C1C2=CC=CC=C2C#CC3=CC=CC=C3N1C(=O)CCNC(=O)CCOCCOCCOCCOCCOCCOCCOCCOCCOCCC(=O)NCCC(=O)N4CC5=CC=CC=C5C#CC6=CC=CC=C64,O=C(CCOCCOCCOCCOCCOCCOCCOCCOCCOCCC(=O)NCCC(=O)N1Cc2ccccc2C#Cc2ccccc21)NCCC(=O)N1Cc2ccccc2C#Cc2ccccc21,DBCO,N1Cc2ccccc2C#Cc2ccccc21
DBCO-PEG10-DBCO,C1C2=CC=CC=C2C#CC3=CC=CC=C3N1C(=O)CCNC(=O)CCOCCOCCOCCOCCOCCOCCOCCOCCOCCOCCC(=O)NCCC(=O)N4CC5=CC=CC=C5C#CC6=CC=CC=C64,O=C(CCOCCOCCOCCOCCOCCOCCOCCOCCOCCOCCC(=O)NCCC(=O)N1Cc2ccccc2C#Cc2ccccc21)NCCC(=O)N1Cc2ccccc2C#Cc2ccccc21,DBCO,N1Cc2ccccc2C#Cc2ccccc21
DBCO-PEG13-DBCO,C1C2=CC=CC=C2C#CC3=CC=CC=C3N1C(=O)CCNC(=O)CCOCCOCCOCCOCCOCCOCCOCCOCCOCCOCCOCCOCCOCCC(=O)NCCC(=O)N4CC5=CC=CC=C5C#CC6=CC=CC=C64,O=C(CCOCCOCCOCCOCCOCCOCCOCCOCCOCCOCCOCCOCCOCCC(=O)NCCC(=O)N1Cc2ccccc2C#Cc2ccccc21)NCCC(=O)N1Cc2ccccc2C#Cc2ccccc21,DBCO,N1Cc2ccccc2C#Cc2ccccc21
DBCO-Maleimide,C1C2=CC=CC=C2C#CC3=CC=CC=C3N1C(=O)CCNC(=O)CCN4C(=O)C=CC4=O,O=C(CCN1C(=O)C=CC1=O)NCCC(=O)N1Cc2ccccc2C#Cc2ccccc21,DBCO,N1Cc2ccccc2C#Cc2ccccc21
Sulfo DBCO-Maleimide,C1C2=CC=CC=C2C#CC3=CC=CC=C3N1C(=O)CCNC(=O)C(CNC(=O)CCN4C(=O)C=CC4=O)S(=O)(=O)O,O=C(CCN1C(=O)C=CC1=O)NCC(C(=O)NCCC(=O)N1Cc2ccccc2C#Cc2ccccc21)S(=O)(=O)O,DBCO,N1Cc2ccccc2C#Cc2ccccc21
TCO-PEG12-DBCO,C1C/C=C/CCC(C1)OC(=O)NCCOCCOCCOCCOCCOCCOCCOCCOCCOCCOCCOCCOCCC(=O)NCCC(=O)N2CC3=CC=CC=C3C#CC4=CC=CC=C42,O=C(O)NCCOCCOCCOCCOCCOCCOCCOCCOCCOCCOCCOCCOCCC(=O)NCCC(=O)N1Cc2ccccc2C#Cc2ccccc21,DBCO,N1Cc2ccccc2C#Cc2ccccc21
m-PEG8-DBCO,COCCOCCOCCOCCOCCOCCOCCOCCNC(=O)CCC(=O)N1CC2=CC=CC=C2C#CC3=CC=CC=C31,COCCOCCOCCOCCOCCOCCOCCOCCNC(=O)CCC(=O)N1Cc2ccccc2C#Cc2ccccc21,DBCO,N1Cc2ccccc2C#Cc2ccccc21
m-PEG12-DBCO,COCCOCCOCCOCCOCCOCCOCCOCCOCCOCCOCCOCCNC(=O)CCC(=O)N1CC2=CC=CC=C2C#CC3=CC=CC=C31,COCCOCCOCCOCCOCCOCCOCCOCCOCCOCCOCCOCCNC(=O)CCC(=O)N1Cc2ccccc2C#Cc2ccccc21,DBCO,N1Cc2ccccc2C#Cc2ccccc21
Azido-PEG11-alcohol,C(COCCOCCOCCOCCOCCOCCOCCOCCOCCOCCO)N=[N+]=[N-],[N-]=[N+]=NCCOCCOCCOCCOCCOCCOCCOCCOCCOCCOCCO,Azide,[N-]=[N+]=N
Azido-PEG12-alcohol,C(COCCOCCOCCOCCOCCOCCOCCOCCOCCOCCOCCOCCO)N=[N+]=[N-],[N-]=[N+]=NCCOCCOCCOCCOCCOCCOCCOCCOCCOCCOCCOCCOCCO,Azide,[N-]=[N+]=N
Azido-PEG20-alcohol,C(COCCOCCOCCOCCOCCOCCOCCOCCOCCOCCOCCOCCOCCOCCOCCOCCOCCOCCOCCO)N=[N+]=[N-],[N-]=[N+]=NCCOCCOCCOCCOCCOCCOCCOCCOCCOCCOCCOCCOCCOCCOCCOCCOCCOCCOCCOCCO,Azide,[N-]=[N+]=N
Az4ido-PEG2-alcohol,C(COCCOCCOCCOCCOCCOCCOCCOCCOCCOCCOCCO)N=[N+]=[N-],[N-]=[N+]=NCCOCCOCCOCCOCCOCCOCCOCCOCCOCCOCCOCCO,Azide,[N-]=[N+]=N
Azido-PEG36-alcohol,C(COCCOCCOCCOCCOCCOCCOCCOCCOCCOCCOCCOCCOCCOCCOCCOCCOCCOCCOCCOCCOCCOCCOCCOCCOCCOCCOCCOCCOCCOCCOCCOCCOCCOCCOCCO)N=[N+]=[N-],[N-]=[N+]=NCCOCCOCCOCCOCCOCCOCCOCCOCCOCCOCCOCCOCCOCCOCCOCCOCCOCCOCCOCCOCCOCCOCCOCCOCCOCCOCCOCCOCCOCCOCCOCCOCCOCCOCCOCCO,Azide,[N-]=[N+]=N
Azido-PEG4-(CH2)3OH,C(CO)COCCOCCOCCOCCN=[N+]=[N-],[N-]=[N+]=NCCOCCOCCOCCOCCCO,Azide,[N-]=[N+]=N
Azido-PEG4-Amido-Tris,C(COCCOCCOCCOCCN=[N+]=[N-])C(=O)NC(CO)(CO)CO,[N-]=[N+]=NCCOCCOCCOCCOCCC(=O)NC(CO)(CO)CO,Azide,[N-]=[N+]=N
m-PEG11-azide,COCCOCCOCCOCCOCCOCCOCCOCCOCCOCCOCCN=[N+]=[N-],COCCOCCOCCOCCOCCOCCOCCOCCOCCOCCOCCN=[N+]=[N-],Azide,[N-]=[N+]=N
m-PEG12-azide,COCCOCCOCCOCCOCCOCCOCCOCCOCCOCCOCCOCCN=[N+]=[N-],COCCOCCOCCOCCOCCOCCOCCOCCOCCOCCOCCOCCN=[N+]=[N-],Azide,[N-]=[N+]=N
m-PEG16-azide,COCCOCCOCCOCCOCCOCCOCCOCCOCCOCCOCCOCCOCCOCCOCCOCCN=[N+]=[N-],COCCOCCOCCOCCOCCOCCOCCOCCOCCOCCOCCOCCOCCOCCOCCOCCN=[N+]=[N-],Azide,[N-]=[N+]=N
m-PEG24-azide,COCCOCCOCCOCCOCCOCCOCCOCCOCCOCCOCCOCCOCCOCCOCCOCCOCCOCCOCCOCCOCCOCCOCCOCCN=[N+]=[N-],COCCOCCOCCOCCOCCOCCOCCOCCOCCOCCOCCOCCOCCOCCOCCOCCOCCOCCOCCOCCOCCOCCOCCOCCN=[N+]=[N-],Azide,[N-]=[N+]=N
m-PEG36-azide,COCCOCCOCCOCCOCCOCCOCCOCCOCCOCCOCCOCCOCCOCCOCCOCCOCCOCCOCCOCCOCCOCCOCCOCCOCCOCCOCCOCCOCCOCCOCCOCCOCCOCCOCCOCCN=[N+]=[N-],COCCOCCOCCOCCOCCOCCOCCOCCOCCOCCOCCOCCOCCOCCOCCOCCOCCOCCOCCOCCOCCOCCOCCOCCOCCOCCOCCOCCOCCOCCOCCOCCOCCOCCOCCOCCN=[N+]=[N-],Azide,[N-]=[N+]=N
m-PEG6-Mal,COCCOCCOCCOCCOCCOCCNC(=O)CCN1C(=O)C=CC1=O,COCCOCCOCCOCCOCCOCCNC(=O)CCN1C(=O)C=CC1=O,Maleimide,O=C1C=CC(=O)N1
m-PEG8-Mal,COCCOCCOCCOCCOCCOCCOCCOCCNC(=O)CCN1C(=O)C=CC1=O,COCCOCCOCCOCCOCCOCCOCCOCCNC(=O)CCN1C(=O)C=CC1=O,Maleimide,O=C1C=CC(=O)N1
m-PEG12-Mal,COCCOCCOCCOCCOCCOCCOCCOCCOCCOCCOCCOCCNC(=O)CCN1C(=O)C=CC1=O,COCCOCCOCCOCCOCCOCCOCCOCCOCCOCCOCCOCCNC(=O)CCN1C(=O)C=CC1=O,Maleimide,O=C1C=CC(=O)N1
m-PEG24-Mal,COCCOCCOCCOCCOCCOCCOCCOCCOCCOCCOCCOCCOCCOCCOCCOCCOCCOCCOCCOCCOCCOCCOCCOCCNC(=O)CCN1C(=O)C=CC1=O,COCCOCCOCCOCCOCCOCCOCCOCCOCCOCCOCCOCCOCCOCCOCCOCCOCCOCCOCCOCCOCCOCCOCCOCCNC(=O)CCN1C(=O)C=CC1=O,Maleimide,O=C1C=CC(=O)N1
m-PEG36-Mal,COCCOCCOCCOCCOCCOCCOCCOCCOCCOCCOCCOCCOCCOCCOCCOCCOCCOCCOCCOCCOCCOCCOCCOCCOCCOCCOCCOCCOCCOCCOCCOCCOCCOCCOCCOCCNC(=O)CCN1C(=O)C=CC1=O,COCCOCCOCCOCCOCCOCCOCCOCCOCCOCCOCCOCCOCCOCCOCCOCCOCCOCCOCCOCCOCCOCCOCCOCCOCCOCCOCCOCCOCCOCCOCCOCCOCCOCCOCCOCCNC(=O)CCN1C(=O)C=CC1=O,Maleimide,O=C1C=CC(=O)N1
m-PEG48-Mal,COCCOCCOCCOCCOCCOCCOCCOCCOCCOCCOCCOCCOCCOCCOCCOCCOCCOCCOCCOCCOCCOCCOCCOCCOCCOCCOCCOCCOCCOCCOCCOCCOCCOCCOCCOCCOCCOCCOCCOCCOCCOCCOCCOCCOCCOCCOCCOCCNC(=O)CCN1C(=O)C=CC1=O,COCCOCCOCCOCCOCCOCCOCCOCCOCCOCCOCCOCCOCCOCCOCCOCCOCCOCCOCCOCCOCCOCCOCCOCCOCCOCCOCCOCCOCCOCCOCCOCCOCCOCCOCCOCCOCCOCCOCCOCCOCCOCCOCCOCCOCCOCCOCCOCCNC(=O)CCN1C(=O)C=CC1=O,Maleimide,O=C1C=CC(=O)N1
m-PEG4-aldehyde,COCCOCCOCCOCCC=O,COCCOCCOCCOCCC=O,Aldehyde,C=O
m-PEG8-aldehyde,COCCOCCOCCOCCOCCOCCOCCOCCC=O,COCCOCCOCCOCCOCCOCCOCCOCCC=O,Aldehyde,C=O
m-PEG4-CH2-aldehyde,COCCOCCOCCOCCOCC=O,COCCOCCOCCOCCOCC=O,Aldehyde,C=O
Mal-PEG4-Lys(t-Boc)-NH-m-PEG24,CC(C)(C)OC(=O)NCCCCC(C(=O)NCCOCCOCCOCCOCCOCCOCCOCCOCCOCCOCCOCCOCCOCCOCCOCCOCCOCCOCCOCCOCCOCCOCCOCCOC)NC(=O)CCOCCOCCOCCOCCNC(=O)CCN1C(=O)C=CC1=O,COCCOCCOCCOCCOCCOCCOCCOCCOCCOCCOCCOCCOCCOCCOCCOCCOCCOCCOCCOCCOCCOCCOCCOCCNC(=O)C(CCCCN)NC(=O)CCOCCOCCOCCOCCNC(=O)CCN1C(=O)C=CC1=O,Maleimide,O=C1C=CC(=O)N1
Propargyl-PEG3-alcohol,C#CCOCCOCCO,C#CCOCCOCCO,Alkyne,C#C
Propargyl-PEG5-alcohol,C#CCOCCOCCOCCOCCO,C#CCOCCOCCOCCOCCO,Alkyne,C#C
Propargyl-PEG7-alcohol,C#CCOCCOCCOCCOCCOCCOCCO,C#CCOCCOCCOCCOCCOCCOCCO,Alkyne,C#C
Propargyl-PEG9-alcohol,C#CCOCCOCCOCCOCCOCCOCCOCCOCCO,C#CCOCCOCCOCCOCCOCCOCCOCCOCCO,Alkyne,C#C
Propargyl-PEG13-alcohol,C#CCOCCOCCOCCOCCOCCOCCOCCOCCOCCOCCOCCOCCO,C#CCOCCOCCOCCOCCOCCOCCOCCOCCOCCOCCOCCOCCO,Alkyne,C#C
Propargyl-PEG24-amine,C#CCOCCOCCOCCOCCOCCOCCOCCOCCOCCOCCOCCOCCOCCOCCOCCOCCOCCOCCOCCOCCOCCOCCOCCOCCN,C#CCOCCOCCOCCOCCOCCOCCOCCOCCOCCOCCOCCOCCOCCOCCOCCOCCOCCOCCOCCOCCOCCOCCOCCOCCN,Alkyne,C#C
Propargyl-PEG4-bromide,C#CCOCCOCCOCCOCCBr,C#CCOCCOCCOCCOCCBr,Alkyne,C#C
Propargyl-PEG8-bromide,C#CCOCCOCCOCCOCCOCCOCCOCCOCCBr,C#CCOCCOCCOCCOCCOCCOCCOCCOCCBr,Alkyne,C#C
Propargyl-PEG13-bromide,C#CCOCCOCCOCCOCCOCCOCCOCCOCCOCCOCCOCCOCCOCCBr,C#CCOCCOCCOCCOCCOCCOCCOCCOCCOCCOCCOCCOCCOCCBr,Alkyne,C#C
Bis-propargyl-PEG2,C#CCOCCOCCOCC#C,C#CCOCCOCCOCC#C,Alkyne,C#C
Bis-propargyl-PEG5,C#CCOCCOCCOCCOCCOCC#C,C#CCOCCOCCOCCOCCOCC#C,Alkyne,C#C
Bis-propargyl-PEG7,C#CCOCCOCCOCCOCCOCCOCCOCC#C,C#CCOCCOCCOCCOCCOCCOCCOCC#C,Alkyne,C#C
Bis-propargyl-PEG8,C#CCOCCOCCOCCOCCOCCOCCOCCOCCOCC#C,C#CCOCCOCCOCCOCCOCCOCCOCCOCCOCC#C,Alkyne,C#C
Bis-propargyl-PEG13,C#CCOCCOCCOCCOCCOCCOCCOCCOCCOCCOCCOCCOCCOCC#C,C#CCOCCOCCOCCOCCOCCOCCOCCOCCOCCOCCOCCOCCOCC#C,Alkyne,C#C
Propargyl-PEG6-Ms,CS(=O)(=O)OCCOCCOCCOCCOCCOCC#C,C#CCOCCOCCOCCOCCOCCOS(C)(=O)=O,Alkyne,C#C
Propargyl-PEG5-methane,COCCOCCOCCOCCOCC#C,C#CCOCCOCCOCCOCCOC,Alkyne,C#C
Propargyl-PEG17-methane,COCCOCCOCCOCCOCCOCCOCCOCCOCCOCCOCCOCCOCCOCCOCCOCCOCC#C,C#CCOCCOCCOCCOCCOCCOCCOCCOCCOCCOCCOCCOCCOCCOCCOCCOCCOC,Alkyne,C#C
1-(t-Boc-Aminooxy)-3-aminooxy-propane,CC(C)(C)OC(=O)NOCCCON,NOCCCON,Oxyamine,CON
t-Boc-Aminooxy-PEG7-bromide,CC(C)(C)OC(=O)NOCCOCCOCCOCCOCCOCCOCCOCCBr,NOCCOCCOCCOCCOCCOCCOCCOCCBr,Oxyamine,CON
t-Boc-Aminooxy-PEG8-Ms,CC(C)(C)OC(=O)NOCCOCCOCCOCCOCCOCCOCCOCCOS(=O)(=O)C,CS(=O)(=O)OCCOCCOCCOCCOCCOCCOCCOCCON,Oxyamine,CON
"1,1,1-Trifluoroethyl-PEG4-aminooxy",C(COCCOCC(F)(F)F)OCCOCCON,NOCCOCCOCCOCCOCC(F)(F)F,Oxyamine,CON
Biotin-PEG11-Mal,C1[C@H]2[C@@H]([C@@H](S1)CCCCC(=O)NCCOCCOCCOCCOCCOCCOCCOCCOCCOCCOCCOCCNC(=O)CCN3C(=O)C=CC3=O)NC(=O)N2,O=C(CCCC[C@@H]1SC[C@@H]2NC(=O)N[C@@H]21)NCCOCCOCCOCCOCCOCCOCCOCCOCCOCCOCCOCCNC(=O)CCN1C(=O)C=CC1=O,Maleimide,O=C1C=CC(=O)N1
Biotin-PEG3-azide,C1[C@H]2[C@@H]([C@@H](S1)CCCCC(=O)NCCOCCOCCOCCN=[N+]=[N-])NC(=O)N2,[N-]=[N+]=NCCOCCOCCOCCNC(=O)CCCC[C@@H]1SC[C@@H]2NC(=O)N[C@@H]21,Azide,[N-]=[N+]=N
Biotin-PEG4-azide,C1[C@H]2[C@@H]([C@@H](S1)CCCCC(=O)NCCOCCOCCOCCOCCN=[N+]=[N-])NC(=O)N2,[N-]=[N+]=NCCOCCOCCOCCOCCNC(=O)CCCC[C@@H]1SC[C@@H]2NC(=O)N[C@@H]21,Azide,[N-]=[N+]=N
Biotin-PEG5-azide,C1[C@H]2[C@@H]([C@@H](S1)CCCCC(=O)NCCOCCOCCOCCOCCOCCN=[N+]=[N-])NC(=O)N2,[N-]=[N+]=NCCOCCOCCOCCOCCOCCNC(=O)CCCC[C@@H]1SC[C@@H]2NC(=O)N[C@@H]21,Azide,[N-]=[N+]=N
Biotin-PEG6-azide,C1[C@H]2[C@@H]([C@@H](S1)CCCCC(=O)NCCOCCOCCOCCOCCOCCOCCN=[N+]=[N-])NC(=O)N2,[N-]=[N+]=NCCOCCOCCOCCOCCOCCOCCNC(=O)CCCC[C@@H]1SC[C@@H]2NC(=O)N[C@@H]21,Azide,[N-]=[N+]=N
Biotin-PEG7-azide,C1[C@H]2[C@@H]([C@@H](S1)CCCCC(=O)NCCOCCOCCOCCOCCOCCOCCOCCN=[N+]=[N-])NC(=O)N2,[N-]=[N+]=NCCOCCOCCOCCOCCOCCOCCOCCNC(=O)CCCC[C@@H]1SC[C@@H]2NC(=O)N[C@@H]21,Azide,[N-]=[N+]=N
Biotin-PEG8-azide,C1[C@H]2[C@@H]([C@@H](S1)CCCCC(=O)NCCOCCOCCOCCOCCOCCOCCOCCOCCN=[N+]=[N-])NC(=O)N2,[N-]=[N+]=NCCOCCOCCOCCOCCOCCOCCOCCOCCNC(=O)CCCC[C@@H]1SC[C@@H]2NC(=O)N[C@@H]21,Azide,[N-]=[N+]=N
Biotin-PEG11-azide,C1[C@H]2[C@@H]([C@@H](S1)CCCCC(=O)NCCOCCOCCOCCOCCOCCOCCOCCOCCOCCOCCOCCN=[N+]=[N-])NC(=O)N2,[N-]=[N+]=NCCOCCOCCOCCOCCOCCOCCOCCOCCOCCOCCOCCNC(=O)CCCC[C@@H]1SC[C@@H]2NC(=O)N[C@@H]21,Azide,[N-]=[N+]=N
Biotin-PEG23-azide,C1[C@H]2[C@@H]([C@@H](S1)CCCCC(=O)NCCOCCOCCOCCOCCOCCOCCOCCOCCOCCOCCOCCOCCOCCOCCOCCOCCOCCOCCOCCOCCOCCOCCOCCN=[N+]=[N-])NC(=O)N2,[N-]=[N+]=NCCOCCOCCOCCOCCOCCOCCOCCOCCOCCOCCOCCOCCOCCOCCOCCOCCOCCOCCOCCOCCOCCOCCOCCNC(=O)CCCC[C@@H]1SC[C@@H]2NC(=O)N[C@@H]21,Azide,[N-]=[N+]=N
Biotin-Azide,C1[C@H]2[C@@H]([C@@H](S1)CCCCC(=O)NCCOCCOCCOCCOCCC(=O)NCCCCCCN=[N+]=[N-])NC(=O)N2,[N-]=[N+]=NCCCCCCNC(=O)CCOCCOCCOCCOCCNC(=O)CCCC[C@@H]1SC[C@@H]2NC(=O)N[C@@H]21,Azide,[N-]=[N+]=N
Biotin-Alkyne,C#CCNC(=O)CCOCCOCCOCCOCCNC(=O)CCCC[C@H]1[C@@H]2[C@H](CS1)NC(=O)N2,C#CCNC(=O)CCOCCOCCOCCOCCNC(=O)CCCC[C@@H]1SC[C@@H]2NC(=O)N[C@@H]21,Alkyne,C#C
Biotin-PEG11-oxyamine HCl salt,C1[C@H]2[C@@H]([C@@H](S1)CCCCC(=O)NCCOCCOCCOCCOCCOCCOCCOCCOCCOCCOCCOCCON)NC(=O)N2,NOCCOCCOCCOCCOCCOCCOCCOCCOCCOCCOCCOCCNC(=O)CCCC[C@@H]1SC[C@@H]2NC(=O)N[C@@H]21,Oxyamine,CON
Biotin-PEG3-SS-azide,C1[C@H]2[C@@H]([C@@H](S1)CCCCC(=O)NCCOCCOCCOCCC(=O)NCCSSCCC(=O)NCCCN=[N+]=[N-])NC(=O)N2,[N-]=[N+]=NCCCNC(=O)CCSSCCNC(=O)CCOCCOCCOCCNC(=O)CCCC[C@@H]1SC[C@@H]2NC(=O)N[C@@H]21,Azide,[N-]=[N+]=N
Bromoacetamido-PEG3-Boc-amine,CC(C)(C)OC(=O)NCCOCCOCCOCCNC(=O)CBr,NCCOCCOCCOCCNC(=O)CBr,Bromoacetamide,NC(=O)CBr
Bis-Bromoacetamido-PEG11,C(COCCOCCOCCOCCOCCOCCOCCOCCOCCOCCOCCNC(=O)CBr)NC(=O)CBr,O=C(CBr)NCCOCCOCCOCCOCCOCCOCCOCCOCCOCCOCCOCCNC(=O)CBr,Bromoacetamide,NC(=O)CBr
5-(tetrahydro-2H-pyran-2-yloxy)pent-3-yn-1-PEG4-bromide,C1CCOC(C1)OCC#CCCOCCOCCOCCOCCBr,BrCCOCCOCCOCCOCCC#CCOC1CCCCO1,Alkyne,C#C
