18:31:26 <INFO> Started REINVENT 4.8.24 (C) AstraZeneca 2017, 2023 on 2026-07-02
18:31:26 <INFO> Command line: /usr/local/bin/reinvent -f json -d cpu -l reinvent.log /reinvent_runs/reinvent-0_20260702_203121_20513_ae3e9be2/reinvent_config.json
18:31:26 <INFO> Reading run configuration from /reinvent_runs/reinvent-0_20260702_203121_20513_ae3e9be2/reinvent_config.json using format json
18:31:26 <INFO> User root on host 25c4dd671c32
18:31:26 <INFO> Python version 3.12.3
18:31:26 <INFO> PyTorch version 2.12.0+cu130 git 7661cd9c6b841b62b7f411aa52ec51f05457263b
18:31:26 <INFO> PyTorch compiled with None
18:31:26 <INFO> RDKit version 2026.03.3
18:31:26 <INFO> Platform Linux-6.8.0-53-generic-x86_64-with-glibc2.39
18:31:26 <INFO> Using CPU x86_64
18:31:26 <INFO> Set seed for all random generators to 0
18:31:26 <INFO> Writing TensorBoard summary to /reinvent_runs/reinvent-0_20260702_203121_20513_ae3e9be2/tb_logs
18:31:26 <INFO> Starting 1 stage of Reinforcement Learning
18:31:26 <INFO> /reinvent_priors/linkinvent.prior has valid hash:
{ 'comments': ['prior from DOI:10.1039/D2DD00115B'],
  'creation_date': 1764760392.5203488,
  'date_format': 'UNIX epoch',
  'hash_id': 'ae4aaecbe62582ccfbdb29e7f874d88d',
  'hash_id_format': 'xxhash.xxh3_128_hex 3.5.0',
  'model_id': 'def39561b58f4271a2b6adc4492527de',
  'model_id_format': 'uuid.uuid4 3.12.12',
  'origina_data_source': 'ChEMBL 27',
  'updates': []}
18:31:26 <INFO> Number of network parameters: 23,686,180
18:31:26 <INFO> Network architecture:
EncoderDecoder(
  (_encoder): Encoder(
    (_embedding): Sequential(
      (0): Embedding(37, 512)
      (1): Dropout(p=0, inplace=False)
    )
    (_rnn): LSTM(512, 512, num_layers=3, batch_first=True, bidirectional=True)
  )
  (_decoder): Decoder(
    (_embedding): Sequential(
      (0): Embedding(36, 512)
      (1): Dropout(p=0, inplace=False)
    )
    (_rnn): LSTM(512, 512, num_layers=3, batch_first=True)
    (_attention): AttentionLayer(
      (_attention_linear): Sequential(
        (0): Linear(in_features=1024, out_features=512, bias=True)
        (1): Tanh()
      )
    )
    (_linear): Linear(in_features=512, out_features=36, bias=True)
  )
)
18:31:26 <INFO> /reinvent_priors/linkinvent.prior has valid hash:
{ 'comments': ['prior from DOI:10.1039/D2DD00115B'],
  'creation_date': 1764760392.5203488,
  'date_format': 'UNIX epoch',
  'hash_id': 'ae4aaecbe62582ccfbdb29e7f874d88d',
  'hash_id_format': 'xxhash.xxh3_128_hex 3.5.0',
  'model_id': 'def39561b58f4271a2b6adc4492527de',
  'model_id_format': 'uuid.uuid4 3.12.12',
  'origina_data_source': 'ChEMBL 27',
  'updates': []}
18:31:26 <INFO> Number of network parameters: 23,686,180
18:31:26 <INFO> Network architecture:
EncoderDecoder(
  (_encoder): Encoder(
    (_embedding): Sequential(
      (0): Embedding(37, 512)
      (1): Dropout(p=0, inplace=False)
    )
    (_rnn): LSTM(512, 512, num_layers=3, batch_first=True, bidirectional=True)
  )
  (_decoder): Decoder(
    (_embedding): Sequential(
      (0): Embedding(36, 512)
      (1): Dropout(p=0, inplace=False)
    )
    (_rnn): LSTM(512, 512, num_layers=3, batch_first=True)
    (_attention): AttentionLayer(
      (_attention_linear): Sequential(
        (0): Linear(in_features=1024, out_features=512, bias=True)
        (1): Tanh()
      )
    )
    (_linear): Linear(in_features=512, out_features=36, bias=True)
  )
)
18:31:26 <INFO> Using generator Linkinvent
18:31:26 <INFO> Prior read from .linkinvent
18:31:26 <INFO> Agent read from .linkinvent
18:31:26 <INFO> Input molecules/fragments read from file /reinvent_runs/reinvent-0_20260702_203121_20513_ae3e9be2/reinvent_inputs.smi
18:31:26 <INFO> Using reward strategy dap
18:31:26 <INFO> Using diversity filter IdenticalMurckoScaffold
18:31:26 <INFO> Diversity filter memories are retained between stages
18:31:26 <INFO> Registered scoring component ROCSSimilarity
18:31:26 <INFO> Registered scoring component GroupCount
18:31:26 <INFO> Registered scoring component FragmentQed
18:31:26 <INFO> Registered scoring component FragmentSlogP
18:31:26 <INFO> Registered scoring component FragmentMolecularWeight
18:31:26 <INFO> Registered scoring component FragmentTPSA
18:31:26 <INFO> Registered scoring component FragmentDistanceMatrix
18:31:26 <INFO> Registered scoring component FragmentNumAtomStereoCenters
18:31:26 <INFO> Registered scoring component FragmentHBondAcceptors
18:31:26 <INFO> Registered scoring component FragmentHBondDonors
18:31:26 <INFO> Registered scoring component FragmentNumRotBond
18:31:26 <INFO> Registered scoring component FragmentCsp3
18:31:26 <INFO> Registered scoring component Fragmentnumsp
18:31:26 <INFO> Registered scoring component Fragmentnumsp2
18:31:26 <INFO> Registered scoring component Fragmentnumsp3
18:31:26 <INFO> Registered scoring component FragmentEffectiveLength
18:31:26 <INFO> Registered scoring component FragmentGraphLength
18:31:26 <INFO> Registered scoring component FragmentLengthRatio
18:31:26 <INFO> Registered scoring component FragmentNumHeavyAtoms
18:31:26 <INFO> Registered scoring component FragmentNumHeteroAtoms
18:31:26 <INFO> Registered scoring component FragmentNumRings
18:31:26 <INFO> Registered scoring component FragmentNumAromaticRings
18:31:26 <INFO> Registered scoring component FragmentNumAliphaticRings
18:31:26 <INFO> Registered scoring component FragmentSlogP
18:31:26 <INFO> Registered scoring component MatchingSubstructure
18:31:26 <INFO> Registered scoring component MolVolume
18:31:26 <INFO> Registered scoring component Qed
18:31:26 <INFO> Registered scoring component LargestRingSize
18:31:26 <INFO> Registered scoring component MolecularWeight
18:31:26 <INFO> Registered scoring component GraphLength
18:31:26 <INFO> Registered scoring component NumAtomStereoCenters
18:31:26 <INFO> Registered scoring component HBondAcceptors
18:31:26 <INFO> Registered scoring component HBondDonors
18:31:26 <INFO> Registered scoring component NumRotBond
18:31:26 <INFO> Registered scoring component Csp3
18:31:26 <INFO> Registered scoring component numsp
18:31:26 <INFO> Registered scoring component numsp2
18:31:26 <INFO> Registered scoring component numsp3
18:31:26 <INFO> Registered scoring component NumHeavyAtoms
18:31:26 <INFO> Registered scoring component NumHeteroAtoms
18:31:26 <INFO> Registered scoring component NumRings
18:31:26 <INFO> Registered scoring component NumAromaticRings
18:31:26 <INFO> Registered scoring component NumAliphaticRings
18:31:26 <INFO> Registered scoring component SlogP
18:31:26 <INFO> Registered scoring component LargestRingSize
18:31:26 <INFO> Registered scoring component PMI
18:31:26 <INFO> Registered scoring component RDKitDescriptors
18:31:26 <INFO> Registered scoring component TanimotoSimilarity
18:31:26 <INFO> Registered scoring component TanimotoDistance
18:31:26 <INFO> Registered scoring component TPSA
18:31:26 <INFO> Registered scoring component SAScore
18:31:27 <ERRO> Component reinvent_plugins.components.comp_chemprop could not be imported: only Chemprop v1 supported
18:31:27 <INFO> Registered scoring component ChemProp2
18:31:27 <INFO> Registered scoring component CustomAlerts
18:31:27 <INFO> Registered scoring component DockStream
18:31:27 <INFO> Registered scoring component ExternalProcess
18:31:27 <INFO> Registered scoring component REST
18:31:27 <INFO> Registered scoring component Icolos
18:31:27 <INFO> Registered scoring component MMP
18:31:27 <INFO> Registered scoring component Qptuna
18:31:27 <INFO> Registered scoring component ReactionFilter
18:31:27 <INFO> Registered scoring component RingPrecedence
18:31:27 <INFO> Registered scoring component Maize
18:31:28 <INFO> Registered scoring component SynthSense
18:31:28 <INFO> Registered scoring component CAZP
18:31:28 <INFO> Creating scoring component FragmentSlogP
18:31:28 <INFO> Creating scoring component FragmentTPSA
18:31:28 <INFO> Creating scoring component FragmentMolecularWeight
18:31:28 <INFO> Creating scoring component FragmentNumRotBond
18:31:28 <INFO> Creating scoring component SAScore
18:31:28 <INFO> Creating filter component CustomAlerts
18:31:28 <INFO> Creating filter component CustomAlerts
18:31:28 <INFO> Writing tabular data for stage to /reinvent_runs/reinvent-0_20260702_203121_20513_ae3e9be2/rl_output_1.csv
18:31:28 <INFO> Starting stage 1 <<<
18:31:29 <INFO> Score: 0.02 Agent NLL: 7.51 Valid: 100% Step: 1
 | Agent Prior Target Score SMILES SMILES_state Warheads Linker Scaffold linker logP linker logP (raw) linker TPSA linker TPSA (raw) linker MW linker MW (raw) linker rotatable bonds linker rotatable bonds (raw) synthetic accessibility synthetic accessibility (raw) avoid cleavable motif (non-cleavable payload) avoid cleavable motif (non-cleavable payload) (raw) labile group alerts labile group alerts (raw) matchting_patterns (avoid cleavable motif (non-cleavable payload)) matchting_patterns (labile group alerts)
 | 3.9195 3.9195 -3.5307 0.0030373 NCC1CCC(CCNC(=O)N2Cc3ccccc3C#Cc3ccccc32)CC1 1 C1c2c(cccc2)C#Cc2c(cccc2)N1*|C1CC(CN)CCC1* C([*])(NCC[*])=O O=C(NCCC1CCCCC1)N1Cc2ccccc2C#Cc2ccccc21 0.9999319 0.0000 0.0000100 0.0000 0.0000000 0.0000 0.9999985 0.0000 0.2648346 3.3547 1.0000000 1.0000 1.0000000 1.0000 [] []
 | 3.0638 3.0638 -3.0638 0.0000000 NCC1CCC(CCNC(=O)N2Cc3ccccc3C#Cc3ccccc32)CC1 2 C1c2c(cccc2)C#Cc2c(cccc2)N1*|C1CC(CN)CCC1* [*]C(=O)NCC[*] O=C(NCCC1CCCCC1)N1Cc2ccccc2C#Cc2ccccc21 0.0000000 0.0000 0.0000000 0.0000 0.0000000 0.0000 0.0000000 0.0000 0.0000000 3.3547 0.0000000 1.0000 0.0000000 1.0000 [] []
 | 7.3502 7.3502 -6.8366 0.0040131 NCC1CCC(CCCCC(=O)N2Cc3ccccc3C#Cc3ccccc32)CC1 1 C1c2c(cccc2)C#Cc2c(cccc2)N1*|C1CC(CN)CCC1* C(C(=O)[*])CCC[*] O=C(CCCCC1CCCCC1)N1Cc2ccccc2C#Cc2ccccc21 0.9868153 1.3755 0.0001166 17.0700 0.0000000 86.1340 0.8720069 3.0000 0.3028379 3.2897 1.0000000 1.0000 1.0000000 1.0000 [] []
 | 5.2083 5.2083 -4.8125 0.0030921 NCC1CCC(CCCC(=O)N2Cc3ccccc3C#Cc3ccccc32)CC1 1 C1c2c(cccc2)C#Cc2c(cccc2)N1*|C1CC(CN)CCC1* O=C([*])CCC[*] O=C(CCCC1CCCCC1)N1Cc2ccccc2C#Cc2ccccc21 0.9999319 0.0000 0.0000100 0.0000 0.0000000 0.0000 0.9999985 0.0000 0.2865302 3.3170 1.0000000 1.0000 1.0000000 1.0000 [] []
 | 3.7208 3.7208 -3.3255 0.0030886 NCC1CCC(CCCN2Cc3ccccc3C#Cc3ccccc32)CC1 1 C1c2c(cccc2)C#Cc2c(cccc2)N1*|C1CC(CN)CCC1* [*]CCC[*] C1#Cc2ccccc2N(CCCC2CCCCC2)Cc2ccccc21 0.9999319 0.0000 0.0000100 0.0000 0.0000000 0.0000 0.9999985 0.0000 0.2850722 3.3194 1.0000000 1.0000 1.0000000 1.0000 [] []
 | 3.0792 3.0792 -3.0792 0.0000000 NCC1CCC(CCNC(=O)N2Cc3ccccc3C#Cc3ccccc32)CC1 2 C1c2c(cccc2)C#Cc2c(cccc2)N1*|C1CC(CN)CCC1* [*]C(NCC[*])=O O=C(NCCC1CCCCC1)N1Cc2ccccc2C#Cc2ccccc21 0.0000000 0.0000 0.0000000 0.0000 0.0000000 0.0000 0.0000000 0.0000 0.0000000 3.3547 0.0000000 1.0000 0.0000000 1.0000 [] []
 | 4.1444 4.1444 -4.1444 0.0000000 NCC1CCC(CCCC(=O)N2Cc3ccccc3C#Cc3ccccc32)CC1 2 C1c2c(cccc2)C#Cc2c(cccc2)N1*|C1CC(CN)CCC1* [*]C(=O)CCC[*] O=C(CCCC1CCCCC1)N1Cc2ccccc2C#Cc2ccccc21 0.0000000 0.0000 0.0000000 0.0000 0.0000000 0.0000 0.0000000 0.0000 0.0000000 3.3170 0.0000000 1.0000 0.0000000 1.0000 [] []
 | 18.4982 18.4982 14.2165 0.2555840 CC1(C(=O)N2Cc3ccccc3C#Cc3ccccc32)CCCCC1n1nnc(C2CCC(CN)CC2)n1 1 C1c2c(cccc2)C#Cc2c(cccc2)N1*|C1CC(CN)CCC1* n1(C2CCCCC2(C)C([*])=O)nnc([*])n1 O=C(C1CCCCC1n1nnc(C2CCCCC2)n1)N1Cc2ccccc2C#Cc2ccccc21 0.9969263 0.9934 0.0583150 60.6700 1.0000000 194.2380 0.9968477 2.0000 0.0102998 4.5861 1.0000000 1.0000 1.0000000 1.0000 [] []
 | 5.4437 5.4437 -5.4437 0.0000000 NCC1CCC(CCNC(=O)N2Cc3ccccc3C#Cc3ccccc32)CC1 2 C1c2c(cccc2)C#Cc2c(cccc2)N1*|C1CC(CN)CCC1* C(CNC([*])=O)[*] O=C(NCCC1CCCCC1)N1Cc2ccccc2C#Cc2ccccc21 0.0000000 0.0000 0.0000000 0.0000 0.0000000 0.0000 0.0000000 0.0000 0.0000000 3.3547 0.0000000 1.0000 0.0000000 1.0000 [] []
 | 11.5873 11.5873 -11.0314 0.0043427 NCC1CCC(CC(=O)N2CCCC2C(=O)N2Cc3ccccc3C#Cc3ccccc32)CC1 1 C1c2c(cccc2)C#Cc2c(cccc2)N1*|C1CC(CN)CCC1* C1(C(=O)[*])CCCN1C(=O)C[*] O=C(C1CCCN1C(=O)CC1CCCCC1)N1Cc2ccccc2C#Cc2ccccc21 0.9998553 0.1962 0.0021643 37.3800 0.0000000 141.1700 0.9999319 1.0000 0.0868129 3.8176 1.0000000 1.0000 1.0000000 1.0000 [] []
18:31:30 <INFO> Score: 0.10 Agent NLL: 10.96 Valid:  97% Step: 2
 | Agent Prior Target Score SMILES SMILES_state Warheads Linker Scaffold linker logP linker logP (raw) linker TPSA linker TPSA (raw) linker MW linker MW (raw) linker rotatable bonds linker rotatable bonds (raw) synthetic accessibility synthetic accessibility (raw) avoid cleavable motif (non-cleavable payload) avoid cleavable motif (non-cleavable payload) (raw) labile group alerts labile group alerts (raw) matchting_patterns (avoid cleavable motif (non-cleavable payload)) matchting_patterns (labile group alerts)
 | 5.5100 7.3189 -6.9587 0.0028140 CN(C1CCC(CN)CC1)C1CCN(C(=O)N2Cc3ccccc3C#Cc3ccccc32)CC1 1 c1cccc2c1C#Cc1c(cccc1)CN2*|C1CC(CN)CCC1* O=C([*])N1CCC(N([*])C)CC1 O=C(N1CCC(NC2CCCCC2)CC1)N1Cc2ccccc2C#Cc2ccccc21 0.9999319 0.0000 0.0000100 0.0000 0.0000000 0.0000 0.9999985 0.0000 0.1892502 3.5055 1.0000000 1.0000 1.0000000 1.0000 [] []
 | 4.7661 2.8599 -2.4711 0.0030373 NCC1CCC(CCNC(=O)N2Cc3ccccc3C#Cc3ccccc32)CC1 1 c1cccc2c1C#Cc1c(cccc1)CN2*|C1CC(CN)CCC1* [*]C(NCC[*])=O O=C(NCCC1CCCCC1)N1Cc2ccccc2C#Cc2ccccc21 0.9999319 0.0000 0.0000100 0.0000 0.0000000 0.0000 0.9999985 0.0000 0.2648346 3.3547 1.0000000 1.0000 1.0000000 1.0000 [] []
 | 12.9480 16.8068 62.2974 0.6180013 NCC1CCC(N2CCN(C(=O)c3cn(CC(=O)N4Cc5ccccc5C#Cc5ccccc54)nn3)CC2)CC1 1 c1cccc2c1C#Cc1c(cccc1)CN2*|C1CC(CN)CCC1* C(=O)(c1cn(CC(=O)[*])nn1)N1CCN([*])CC1 O=C(c1cn(CC(=O)N2Cc3ccccc3C#Cc3ccccc32)nn1)N1CCN(C2CCCCC2)CC1 0.9999998 -1.4776 0.5043173 80.1200 1.0000000 223.2360 0.8720069 3.0000 0.1916609 3.5000 1.0000000 1.0000 1.0000000 1.0000 [] []
 | 8.8180 9.8627 -9.2120 0.0050841 NCC1CCC(c2noc(N3Cc4ccccc4C#Cc4ccccc43)n2)CC1 1 c1cccc2c1C#Cc1c(cccc1)CN2*|C1CC(CN)CCC1* c1([*])nc([*])no1 C1#Cc2ccccc2N(c2nc(C3CCCCC3)no2)Cc2ccccc21 0.9999110 0.0696 0.0026998 38.9200 0.0000000 70.0510 0.9999985 0.0000 0.1554945 3.5879 1.0000000 1.0000 1.0000000 1.0000 [] []
 | 5.6185 6.8552 -6.2186 0.0049729 NCC1CCC(N2CCC(C(=O)N3Cc4ccccc4C#Cc4ccccc43)CC2)CC1 1 c1cccc2c1C#Cc1c(cccc1)CN2*|C1CC(CN)CCC1* C1C(C(=O)[*])CCN([*])C1 O=C(C1CCN(C2CCCCC2)CC1)N1Cc2ccccc2C#Cc2ccccc21 0.9998615 0.1849 0.0006584 29.1000 0.0000000 113.1600 0.9999319 1.0000 0.2857181 3.3183 1.0000000 1.0000 1.0000000 1.0000 [] []
 | 11.8716 12.7567 -12.2492 0.0039647 NCC1CCC(c2ccc(C(=O)N3Cc4ccccc4C#Cc4ccccc43)c(Cl)c2)CC1 1 c1cccc2c1C#Cc1c(cccc1)CN2*|C1CC(CN)CCC1* c1cc(C(=O)[*])c(Cl)cc1[*] O=C(c1ccc(C2CCCCC2)cc1)N1Cc2ccccc2C#Cc2ccccc21 0.7914323 2.1525 0.0001166 17.0700 0.0000000 140.5690 0.9999319 1.0000 0.3164648 3.2675 1.0000000 1.0000 1.0000000 1.0000 [] []
 | 3.9594 4.6143 -4.2217 0.0030670 NCC1CCC(N2CCC(N3Cc4ccccc4C#Cc4ccccc43)CC2)CC1 1 c1cccc2c1C#Cc1c(cccc1)CN2*|C1CC(CN)CCC1* C1CC([*])CCN1[*] C1#Cc2ccccc2N(C2CCN(C3CCCCC3)CC2)Cc2ccccc21 0.9999319 0.0000 0.0000100 0.0000 0.0000000 0.0000 0.9999985 0.0000 0.2764185 3.3343 1.0000000 1.0000 1.0000000 1.0000 [] []
 | 9.4891 11.5100 -10.5100 0.0078127 NCC1CCC(Nc2nc(N3Cc4ccccc4C#Cc4ccccc43)nn3ccnc23)CC1 1 c1cccc2c1C#Cc1c(cccc1)CN2*|C1CC(CN)CCC1* [*]c1nn2c(c(N[*])n1)ncc2 C1#Cc2ccccc2N(c2nc(NC3CCCCC3)c3nccn3n2)Cc2ccccc21 0.9999779 -0.2935 0.1724109 69.1000 0.0000000 135.1300 0.9999985 0.0000 0.1288434 3.6640 1.0000000 1.0000 1.0000000 1.0000 [] []
 | 7.6862 8.8024 -8.4145 0.0030308 NCC1CCC(N2CCN(C(=O)N3Cc4ccccc4C#Cc4ccccc43)CC2)CC1 1 c1cccc2c1C#Cc1c(cccc1)CN2*|C1CC(CN)CCC1* C1N(C(=O)[*])CCN([*])C1 O=C(N1CCN(C2CCCCC2)CC1)N1Cc2ccccc2C#Cc2ccccc21 0.9999319 0.0000 0.0000100 0.0000 0.0000000 0.0000 0.9999985 0.0000 0.2623573 3.3592 1.0000000 1.0000 1.0000000 1.0000 [] []
 | 18.8329 24.2022 26.4737 0.3959057 NCC1CCC(N2CCCC(n3nnc(C(=O)N4Cc5ccccc5C#Cc5ccccc54)n3)C2)CC1 1 c1cccc2c1C#Cc1c(cccc1)CN2*|C1CC(CN)CCC1* O=C([*])c1nnn(C2CN([*])CCC2)n1 O=C(c1nnn(C2CCCN(C3CCCCC3)C2)n1)N1Cc2ccccc2C#Cc2ccccc21 0.9999929 -0.5899 0.2591186 72.7000 1.0000000 181.1990 0.9968477 2.0000 0.0334111 4.1691 1.0000000 1.0000 1.0000000 1.0000 [] []
18:31:31 <INFO> Score: 0.13 Agent NLL: 11.81 Valid:  97% Step: 3
 | Agent Prior Target Score SMILES SMILES_state Warheads Linker Scaffold linker logP linker logP (raw) linker TPSA linker TPSA (raw) linker MW linker MW (raw) linker rotatable bonds linker rotatable bonds (raw) synthetic accessibility synthetic accessibility (raw) avoid cleavable motif (non-cleavable payload) avoid cleavable motif (non-cleavable payload) (raw) labile group alerts labile group alerts (raw) matchting_patterns (avoid cleavable motif (non-cleavable payload)) matchting_patterns (labile group alerts)
 | 17.0377 21.0661 35.0004 0.4380200 NCC1CCC(N2CCN(Cc3cnc4c(N5Cc6ccccc6C#Cc6ccccc65)ncnn34)CC2)CC1 1 c1ccc2c(c1)CN(*)c1c(cccc1)C#C2|C1(*)CCC(CN)CC1 [*]c1ncnn2c(CN3CCN([*])CC3)cnc12 C1#Cc2ccccc2N(c2ncnn3c(CN4CCN(C5CCCCC5)CC4)cnc23)Cc2ccccc21 0.9999888 -0.4705 0.0424649 58.3500 1.0000000 218.2640 0.9968477 2.0000 0.1287649 3.6643 1.0000000 1.0000 1.0000000 1.0000 [] []
 | 3.6739 5.4691 -5.0812 0.0030308 NCC1CCC(N2CCN(C(=O)N3Cc4ccccc4C#Cc4ccccc43)CC2)CC1 1 c1ccc2c(c1)CN(*)c1c(cccc1)C#C2|C1(*)CCC(CN)CC1 [*]C(=O)N1CCN([*])CC1 O=C(N1CCN(C2CCCCC2)CC1)N1Cc2ccccc2C#Cc2ccccc21 0.9999319 0.0000 0.0000100 0.0000 0.0000000 0.0000 0.9999985 0.0000 0.2623573 3.3592 1.0000000 1.0000 1.0000000 1.0000 [] []
 | 17.0854 23.7882 2.3564 0.2042551 CC1(C)CCC(N(C(=O)N2Cc3ccccc3C#Cc3ccccc32)C2CCN(C3CCC(CN)CC3)CC2)C1 1 c1ccc2c(c1)CN(*)c1c(cccc1)C#C2|C1(*)CCC(CN)CC1 C1CC(N(C([*])=O)C2CCN([*])CC2)CC1(C)C O=C(N1Cc2ccccc2C#Cc2ccccc21)N(C1CCCC1)C1CCN(C2CCCCC2)CC1 0.9416059 1.7755 0.0010490 32.3400 1.0000000 224.3480 0.8720069 3.0000 0.0342000 4.1607 1.0000000 1.0000 1.0000000 1.0000 [] []
 | 7.5471 13.1508 33.7105 0.3661039 NCC1CCC(N2CCC(n3cc(CN4Cc5ccccc5C#Cc5ccccc54)nn3)CC2)CC1 1 c1ccc2c(c1)CN(*)c1c(cccc1)C#C2|C1(*)CCC(CN)CC1 C1C(n2nnc(C[*])c2)CCN([*])C1 C1#Cc2ccccc2N(Cc2cn(C3CCN(C4CCCCC4)CC3)nn2)Cc2ccccc21 0.9995160 0.5110 0.0046689 42.7400 1.0000000 166.2280 0.9999319 1.0000 0.1759896 3.5364 1.0000000 1.0000 1.0000000 1.0000 [] []
 | 10.2664 17.4276 44.5486 0.4841890 Cc1nc(NC2CCC(CN)CC2)nn1C1(CC#N)CN(C(=O)N2Cc3ccccc3C#Cc3ccccc32)C1 1 c1ccc2c(c1)CN(*)c1c(cccc1)C#C2|C1(*)CCC(CN)CC1 n1(C2(CC#N)CN(C(=O)[*])C2)nc(N[*])nc1C O=C(N1CC(n2cnc(NC3CCCCC3)n2)C1)N1Cc2ccccc2C#Cc2ccccc21 0.9999962 -0.7503 0.9524691 100.8300 1.0000000 220.2360 0.8720069 3.0000 0.0476622 4.0405 1.0000000 1.0000 1.0000000 1.0000 [] []
 | 4.5097 6.7629 -6.7629 0.0000000 NCC1CCC(N2CCN(C(=O)N3Cc4ccccc4C#Cc4ccccc43)CC2)CC1 2 c1ccc2c(c1)CN(*)c1c(cccc1)C#C2|C1(*)CCC(CN)CC1 C1CN(C([*])=O)CCN1[*] O=C(N1CCN(C2CCCCC2)CC1)N1Cc2ccccc2C#Cc2ccccc21 0.0000000 0.0000 0.0000000 0.0000 0.0000000 0.0000 0.0000000 0.0000 0.0000000 3.3592 0.0000000 1.0000 0.0000000 1.0000 [] []
 | 5.8290 8.4626 -7.9876 0.0037106 CC1CN(C(=O)N2Cc3ccccc3C#Cc3ccccc32)CCN1C1CCC(CN)CC1 1 c1ccc2c(c1)CN(*)c1c(cccc1)C#C2|C1(*)CCC(CN)CC1 [*]C(N1CCN([*])C(C)C1)=O O=C(N1CCN(C2CCCCC2)CC1)N1Cc2ccccc2C#Cc2ccccc21 0.9999922 -0.5635 0.0010490 32.3400 0.0000000 128.1750 0.9999319 1.0000 0.0623981 3.9415 1.0000000 1.0000 1.0000000 1.0000 [] []
 | 7.4312 9.3736 -8.9988 0.0029283 NCC1CCC(N2CCC(OC(=O)N3Cc4ccccc4C#Cc4ccccc43)CC2)CC1 1 c1ccc2c(c1)CN(*)c1c(cccc1)C#C2|C1(*)CCC(CN)CC1 C1CC(OC([*])=O)CCN1[*] O=C(OC1CCN(C2CCCCC2)CC1)N1Cc2ccccc2C#Cc2ccccc21 0.9999319 0.0000 0.0000100 0.0000 0.0000000 0.0000 0.9999985 0.0000 0.2254837 3.4287 1.0000000 1.0000 1.0000000 1.0000 [] []
 | 14.0470 12.7428 37.7357 0.3943628 NCC1CCC(Nc2ccc(OCC(O)CN3Cc4ccccc4C#Cc4ccccc43)cc2)CC1 1 c1ccc2c(c1)CN(*)c1c(cccc1)C#C2|C1(*)CCC(CN)CC1 c1(OCC(O)C[*])ccc(N[*])cc1 C1#Cc2ccccc2N(CCCOc2ccc(NC3CCCCC3)cc2)Cc2ccccc21 0.9964859 1.0284 0.0285062 55.4800 1.0000000 167.2080 0.8720069 3.0000 0.1120812 3.7191 1.0000000 1.0000 1.0000000 1.0000 [] []
 | 11.9859 12.7080 -12.7080 0.0000000 c1nc([*])no1[*] 0 c1ccc2c(c1)CN(*)c1c(cccc1)C#C2|C1(*)CCC(CN)CC1 c1nc([*])no1[*] -- 0.0000000 0.0000 0.0000000 0.0000 0.0000000 0.0000 0.0000000 0.0000 0.0000000 0.0000 0.0000000 0.0000 0.0000000 0.0000 None None
18:31:32 <INFO> Score: 0.14 Agent NLL: 15.49 Valid:  75% Step: 4
 | Agent Prior Target Score SMILES SMILES_state Warheads Linker Scaffold linker logP linker logP (raw) linker TPSA linker TPSA (raw) linker MW linker MW (raw) linker rotatable bonds linker rotatable bonds (raw) synthetic accessibility synthetic accessibility (raw) avoid cleavable motif (non-cleavable payload) avoid cleavable motif (non-cleavable payload) (raw) labile group alerts labile group alerts (raw) matchting_patterns (avoid cleavable motif (non-cleavable payload)) matchting_patterns (labile group alerts)
 | 16.6163 30.3059 12.2502 0.3324698 N#CCC1(n2cc(Cl)c(NC3CCC(CN)CC3)n2)CN(C(=O)N2Cc3ccccc3C#Cc3ccccc32)O1 1 c12ccccc1CN(*)c1c(cccc1)C#C2|C1CC(*)CCC1CN c1(Cl)cn(C2(CC#N)CN(C([*])=O)O2)nc1N[*] O=C(N1CC(n2ccc(NC3CCCCC3)n2)O1)N1Cc2ccccc2C#Cc2ccccc21 0.9999042 0.0888 0.9220809 97.1700 1.0000000 241.6380 0.8720069 3.0000 0.0092661 4.6232 1.0000000 1.0000 1.0000000 1.0000 [] []
 | 11.0611 14.1816 -13.4527 0.0056945 NCC1CCC(c2cnnn2CC(=O)N2Cc3ccccc3C#Cc3ccccc32)CC1 1 c12ccccc1CN(*)c1c(cccc1)C#C2|C1CC(*)CCC1CN c1nnn(CC(=O)[*])c1[*] O=C(Cn1nncc1C1CCCCC1)N1Cc2ccccc2C#Cc2ccccc21 0.9999908 -0.5230 0.0095954 47.7800 0.0000000 111.1040 0.9968477 2.0000 0.1362085 3.6418 1.0000000 1.0000 1.0000000 1.0000 [] []
 | 16.7953 19.5786 22.3342 0.3274437 Cn1nc(C2CCC(CN)CC2)n(C2CCC(CN3Cc4ccccc4C#Cc4ccccc43)CC2)c1=O 1 c12ccccc1CN(*)c1c(cccc1)C#C2|C1CC(*)CCC1CN n1n(C)c(=O)n(C2CCC(C[*])CC2)c1[*] O=c1[nH]nc(C2CCCCC2)n1C1CCC(CN2Cc3ccccc3C#Cc3ccccc32)CC1 0.9887773 1.3330 0.0030719 39.8200 1.0000000 195.2660 0.9999319 1.0000 0.1342216 3.6477 1.0000000 1.0000 1.0000000 1.0000 [] []
 | 15.6332 25.5651 -25.5651 0.0000000 c12c(n(C3CC3)n1)nc([*])nc2N1CCN([*])CC1 0 c12ccccc1CN(*)c1c(cccc1)C#C2|C1CC(*)CCC1CN c12c(n(C3CC3)n1)nc([*])nc2N1CCN([*])CC1 -- 0.0000000 0.0000 0.0000000 0.0000 0.0000000 0.0000 0.0000000 0.0000 0.0000000 0.0000 0.0000000 0.0000 0.0000000 0.0000 None None
 | 9.5757 26.7768 15.0575 0.3268299 N#CCC1(n2ncc(C(=O)N3CCN(C4CCC(CN)CC4)CC3)n2)CN(C(=O)N2Cc3ccccc3C#Cc3ccccc32)C1 1 c12ccccc1CN(*)c1c(cccc1)C#C2|C1CC(*)CCC1CN O=C(c1cnn(C2(CC#N)CN(C(=O)[*])C2)n1)N1CCN([*])CC1 O=C(c1cnn(C2CN(C(=O)N3Cc4ccccc4C#Cc4ccccc43)C2)n1)N1CCN(C2CCCCC2)CC1 0.9999998 -1.5955 0.9802992 107.1500 1.0000000 303.3260 0.1279931 4.0000 0.0468672 4.0466 1.0000000 1.0000 1.0000000 1.0000 [] []
 | 9.4709 43.9689 -43.9689 0.0000000 n1(C2(CC#N)CN(C(=O)[*])C2)nnnc([*])n1 0 c12ccccc1CN(*)c1c(cccc1)C#C2|C1CC(*)CCC1CN n1(C2(CC#N)CN(C(=O)[*])C2)nnnc([*])n1 -- 0.0000000 0.0000 0.0000000 0.0000 0.0000000 0.0000 0.0000000 0.0000 0.0000000 0.0000 0.0000000 0.0000 0.0000000 0.0000 None None
 | 5.3537 17.3477 39.1296 0.4412294 N#CCC1(n2cc(C3CCC(CN)CC3)nn2)CN(C(=O)N2Cc3ccccc3C#Cc3ccccc32)C1 1 c12ccccc1CN(*)c1c(cccc1)C#C2|C1CC(*)CCC1CN c1n(C2(CC#N)CN(C(=O)[*])C2)nnc1[*] O=C(N1CC(n2cc(C3CCCCC3)nn2)C1)N1Cc2ccccc2C#Cc2ccccc21 0.9999942 -0.6409 0.3214968 74.8100 1.0000000 191.1940 0.8720069 3.0000 0.0545092 3.9914 1.0000000 1.0000 1.0000000 1.0000 [] []
 | 17.5669 43.5726 -43.5726 0.0000000 O(C)c1n(C2CCN(C([*])=O)CC2)nnn1)n1nnc([*])n1 0 c12ccccc1CN(*)c1c(cccc1)C#C2|C1CC(*)CCC1CN O(C)c1n(C2CCN(C([*])=O)CC2)nnn1)n1nnc([*])n1 -- 0.0000000 0.0000 0.0000000 0.0000 0.0000000 0.0000 0.0000000 0.0000 0.0000000 0.0000 0.0000000 0.0000 0.0000000 0.0000 None None
 | 14.8134 17.3151 -16.0946 0.0095356 NCC1CCC(Nc2ncnc(C(=O)N3Cc4ccccc4C#Cc4ccccc43)n2)CC1 1 c12ccccc1CN(*)c1c(cccc1)C#C2|C1CC(*)CCC1CN c1nc(C(=O)[*])nc(N[*])n1 O=C(c1ncnc(NC2CCCCC2)n1)N1Cc2ccccc2C#Cc2ccccc21 0.9999959 -0.7337 0.5629848 81.7600 0.0000000 124.1030 0.9999319 1.0000 0.1713570 3.5476 1.0000000 1.0000 1.0000000 1.0000 [] []
 | 27.3757 45.3255 -45.3255 0.0000000 O=c1c(=O)n(C(CC1CCC(C(=O)[*])CC1)C(O)=O)n1nnc([*])n1 0 c12ccccc1CN(*)c1c(cccc1)C#C2|C1CC(*)CCC1CN O=c1c(=O)n(C(CC1CCC(C(=O)[*])CC1)C(O)=O)n1nnc([*])n1 -- 0.0000000 0.0000 0.0000000 0.0000 0.0000000 0.0000 0.0000000 0.0000 0.0000000 0.0000 0.0000000 0.0000 0.0000000 0.0000 None None
18:31:33 <INFO> Score: 0.15 Agent NLL: 16.66 Valid:  81% Step: 5
 | Agent Prior Target Score SMILES SMILES_state Warheads Linker Scaffold linker logP linker logP (raw) linker TPSA linker TPSA (raw) linker MW linker MW (raw) linker rotatable bonds linker rotatable bonds (raw) synthetic accessibility synthetic accessibility (raw) avoid cleavable motif (non-cleavable payload) avoid cleavable motif (non-cleavable payload) (raw) labile group alerts labile group alerts (raw) matchting_patterns (avoid cleavable motif (non-cleavable payload)) matchting_patterns (labile group alerts)
 | 20.2500 51.4517 -43.5516 0.0617190 CC(C)=CCN(C(=O)N1Cc2ccccc2C#Cc2ccccc21)C1CCN(C(=O)c2nnn(-c3nnn(CC4CCC(CN)CC4)n3)n2)CC1 1 c1cccc2c1C#Cc1c(cccc1)N(*)C2|C1C(CN)CCC(*)C1 c1(C(N2CCC(N(CC=C(C)C)C([*])=O)CC2)=O)nn(-c2nnn(C[*])n2)nn1 O=C(c1nnn(-c2nnn(CC3CCCCC3)n2)n1)N1CCC(NC(=O)N2Cc3ccccc3C#Cc3ccccc32)CC1 0.9999967 -0.7850 0.9989748 127.8200 1.0000000 374.4090 0.0000681 6.0000 0.0267962 4.2481 1.0000000 1.0000 1.0000000 1.0000 [] []
 | 21.4045 65.2761 -65.2761 0.0000000 c1cnn(C2(C(=O)[*])CCN(C(c3n(C(=O)N4CCN([*])CC4)CCn4nnnn4)C3)CC2)n1 0 c1cccc2c1C#Cc1c(cccc1)N(*)C2|C1C(CN)CCC(*)C1 c1cnn(C2(C(=O)[*])CCN(C(c3n(C(=O)N4CCN([*])CC4)CCn4nnnn4)C3)CC2)n1 -- 0.0000000 0.0000 0.0000000 0.0000 0.0000000 0.0000 0.0000000 0.0000 0.0000000 0.0000 0.0000000 0.0000 0.0000000 0.0000 None None
 | 9.3695 27.4423 22.7336 0.3919995 NCC1CCC(N2CCC(n3nnc(C(=O)N4Cc5ccccc5C#Cc5ccccc54)n3)C2)CC1 1 c1cccc2c1C#Cc1c(cccc1)N(*)C2|C1C(CN)CCC(*)C1 c1(C(=O)[*])nnn(C2CN([*])CC2)n1 O=C(c1nnn(C2CCN(C3CCCCC3)C2)n1)N1Cc2ccccc2C#Cc2ccccc21 0.9999984 -0.9800 0.2591186 72.7000 1.0000000 167.1720 0.9968477 2.0000 0.0319846 4.1848 1.0000000 1.0000 1.0000000 1.0000 [] []
 | 11.4685 18.3776 31.9644 0.3932967 NCC1CCC(N2CCC(n3cc(C(=O)N4Cc5ccccc5C#Cc5ccccc54)cn3)CC2)CC1 1 c1cccc2c1C#Cc1c(cccc1)N(*)C2|C1C(CN)CCC(*)C1 [*]C(=O)c1cnn(C2CCN([*])CC2)c1 O=C(c1cnn(C2CCN(C3CCCCC3)CC2)c1)N1Cc2ccccc2C#Cc2ccccc21 0.9992646 0.6201 0.0084879 46.9200 1.0000000 179.2230 0.9968477 2.0000 0.1794418 3.5281 1.0000000 1.0000 1.0000000 1.0000 [] []
 | 11.1857 26.4296 -26.4296 0.0000000 NCC1CCC(c2nnn(CC(=O)N3CCN(C(=O)N4Cc5ccccc5C#Cc5ccccc54)CC3=O)n2)CC1 1 c1cccc2c1C#Cc1c(cccc1)N(*)C2|C1C(CN)CCC(*)C1 [*]C(N1CCN(C(=O)Cn2nnc([*])n2)C(=O)C1)=O O=C1CN(C(=O)N2Cc3ccccc3C#Cc3ccccc32)CCN1C(=O)Cn1nnc(C2CCCCC2)n1 0.0000000 0.0000 0.0000000 0.0000 0.0000000 0.0000 0.0000000 0.0000 0.0000000 0.0000 0.0000000 0.0000 0.0000000 0.0000 ['[NX3][CX4][CX3](=O)[NX3][CX3](=O)'] None
 | 9.3558 11.2965 -10.4308 0.0067627 NCC1CCC(c2nnc(C(=O)N3Cc4ccccc4C#Cc4ccccc43)o2)CC1 1 c1cccc2c1C#Cc1c(cccc1)N(*)C2|C1C(CN)CCC(*)C1 o1c(C(=O)[*])nnc1[*] O=C(c1nnc(C2CCCCC2)o1)N1Cc2ccccc2C#Cc2ccccc21 0.9999567 -0.1179 0.0306107 55.9900 0.0000000 98.0610 0.9999319 1.0000 0.1620505 3.5709 1.0000000 1.0000 1.0000000 1.0000 [] []
 | 7.9940 17.4861 -17.4861 0.0000000 NCC1CCC(N2CCC(n3cc(C(=O)N4Cc5ccccc5C#Cc5ccccc54)nn3)CC2)CC1 1 c1cccc2c1C#Cc1c(cccc1)N(*)C2|C1C(CN)CCC(*)C1 C1C(n2cc(C(=O)[*])nn2)CCN([*])C1 O=C(c1cn(C2CCN(C3CCCCC3)CC2)nn1)N1Cc2ccccc2C#Cc2ccccc21 0.9999278 0.0151 0.0518787 59.8100 1.0000000 180.2110 0.9968477 2.0000 0.1759565 3.5364 1.0000000 1.0000 1.0000000 1.0000 [] []
 | 16.6994 45.6800 -27.9968 0.1381499 CN(CC(=O)N1CCCC(n2cc(C(=O)N3CCN(C(=O)N4Cc5ccccc5C#Cc5ccccc54)CC3)nn2)C1)C1CCC(CN)CC1 1 c1cccc2c1C#Cc1c(cccc1)N(*)C2|C1C(CN)CCC(*)C1 c1c(C(N2CCN(C(=O)[*])CC2)=O)nnn1C1CN(C(CN(C)[*])=O)CCC1 O=C(CNC1CCCCC1)N1CCCC(n2cc(C(=O)N3CCN(C(=O)N4Cc5ccccc5C#Cc5ccccc54)CC3)nn2)C1 0.9999997 -1.4248 0.9679036 103.6700 1.0000000 363.4220 0.0031523 5.0000 0.0299130 4.2088 1.0000000 1.0000 1.0000000 1.0000 [] []
 | 13.9713 36.2604 -12.6324 0.1845936 NCC1CCC(c2nnn(C3C(O)C(O)C(n4nnc(N5Cc6ccccc6C#Cc6ccccc65)n4)C3n3cnnn3)n2)CC1 1 c1cccc2c1C#Cc1c(cccc1)N(*)C2|C1C(CN)CCC(*)C1 n1c([*])nn(C2C(O)C(O)C(n3nnc([*])n3)C2n2nnnc2)n1 C1#Cc2ccccc2N(c2nnn(C3CCC(n4nnc(C5CCCCC5)n4)C3n3cnnn3)n2)Cc2ccccc21 1.0000000 -3.5948 0.9999980 171.2600 1.0000000 306.2500 0.8720069 3.0000 0.0006682 5.5398 1.0000000 1.0000 1.0000000 1.0000 [] []
 | 12.4962 32.0306 10.1914 0.3298594 CC(C)(CN1CCN(C2CCC(CN)CC2)CC1)n1nnc(C(=O)N2Cc3ccccc3C#Cc3ccccc32)n1 1 c1cccc2c1C#Cc1c(cccc1)N(*)C2|C1C(CN)CCC(*)C1 c1(C(=O)[*])nnn(C(C)(C)CN2CCN([*])CC2)n1 O=C(c1nnn(CCN2CCN(C3CCCCC3)CC2)n1)N1Cc2ccccc2C#Cc2ccccc21 0.9999976 -0.8741 0.3579482 75.9400 1.0000000 238.2950 0.1279931 4.0000 0.0807737 3.8449 1.0000000 1.0000 1.0000000 1.0000 [] []
18:31:34 <INFO> Score: 0.20 Agent NLL: 10.62 Valid:  94% Step: 6
 | Agent Prior Target Score SMILES SMILES_state Warheads Linker Scaffold linker logP linker logP (raw) linker TPSA linker TPSA (raw) linker MW linker MW (raw) linker rotatable bonds linker rotatable bonds (raw) synthetic accessibility synthetic accessibility (raw) avoid cleavable motif (non-cleavable payload) avoid cleavable motif (non-cleavable payload) (raw) labile group alerts labile group alerts (raw) matchting_patterns (avoid cleavable motif (non-cleavable payload)) matchting_patterns (labile group alerts)
 | 18.5032 28.5910 28.0836 0.4427707 CN(C(=O)N1Cc2ccccc2C#Cc2ccccc21)c1nnc(N2CCN(C3CCC(CN)CC3)CC2)s1 1 c1cccc2c1CN(*)c1ccccc1C#C2|C1CC(CN)CCC1* c1(N(C(=O)[*])C)nnc(N2CCN([*])CC2)s1 O=C(Nc1nnc(N2CCN(C3CCCCC3)CC2)s1)N1Cc2ccccc2C#Cc2ccccc21 0.9999883 -0.4597 0.0640132 61.3600 1.0000000 227.2930 0.8720069 3.0000 0.1240479 3.6791 1.0000000 1.0000 1.0000000 1.0000 [] []
 | 5.5789 17.3015 46.4228 0.4978465 N#CCC1(n2cnc(NC3CCC(CN)CC3)n2)CN(C(=O)N2Cc3ccccc3C#Cc3ccccc32)C1 1 c1cccc2c1CN(*)c1ccccc1C#C2|C1CC(CN)CCC1* c1n(C2(CC#N)CN(C(=O)[*])C2)nc(N[*])n1 O=C(N1CC(n2cnc(NC3CCCCC3)n2)C1)N1Cc2ccccc2C#Cc2ccccc21 0.9999988 -1.0587 0.9524691 100.8300 1.0000000 206.2090 0.8720069 3.0000 0.0538675 3.9957 1.0000000 1.0000 1.0000000 1.0000 [] []
 | 19.3926 19.1540 -18.3056 0.0066276 NCC1CCC(Oc2ccnn3nc(N4Cc5ccccc5C#Cc5ccccc54)nc23)CC1 1 c1cccc2c1CN(*)c1ccccc1C#C2|C1CC(CN)CCC1* n1n2nc([*])nc2c(O[*])cc1 C1#Cc2ccccc2N(c2nc3c(OC4CCCCC4)ccnn3n2)Cc2ccccc21 0.9999645 -0.1701 0.0830292 63.3100 0.0000000 136.1140 0.9999985 0.0000 0.0900232 3.8037 1.0000000 1.0000 1.0000000 1.0000 [] []
 | 6.8869 21.6558 -21.6558 0.0000000 N#CCC1(n2nnc(NC3CCC(CN)CC3)n2)CN(C(=O)N2Cc3ccccc3C#Cc3ccccc32)C1 1 c1cccc2c1CN(*)c1ccccc1C#C2|C1CC(CN)CCC1* n1nn(C2(CC#N)CN(C(=O)[*])C2)nc1N[*] O=C(N1CC(n2nnc(NC3CCCCC3)n2)C1)N1Cc2ccccc2C#Cc2ccccc21 0.9999999 -1.6637 0.9922532 113.7200 1.0000000 207.1970 0.8720069 3.0000 0.0456547 4.0562 1.0000000 1.0000 1.0000000 1.0000 [] []
 | 45.3965 66.4579 -66.4579 0.0000000 O=S(=O)(=O)[*]n(CN1C(=O)c2c-1n(nn1)nc(O[*])n2)C(C)(C)C 0 c1cccc2c1CN(*)c1ccccc1C#C2|C1CC(CN)CCC1* O=S(=O)(=O)[*]n(CN1C(=O)c2c-1n(nn1)nc(O[*])n2)C(C)(C)C -- 0.0000000 0.0000 0.0000000 0.0000 0.0000000 0.0000 0.0000000 0.0000 0.0000000 0.0000 0.0000000 0.0000 0.0000000 0.0000 None None
 | 8.9466 24.4234 7.0976 0.2462579 NCC1CCC(c2nnn(C3OC(n4nnc(N5Cc6ccccc6C#Cc6ccccc65)n4)C(O)C3O)n2)CC1 1 c1cccc2c1CN(*)c1ccccc1C#C2|C1CC(CN)CCC1* [*]c1nn(C2C(O)C(O)C(n3nnc([*])n3)O2)nn1 C1#Cc2ccccc2N(c2nnn(C3CCC(n4nnc(C5CCCCC5)n4)O3)n2)Cc2ccccc21 1.0000000 -2.8910 0.9997219 136.8900 1.0000000 240.1830 0.9968477 2.0000 0.0021058 5.1405 1.0000000 1.0000 1.0000000 1.0000 [] []
 | 7.7834 7.8640 -6.8318 0.0080640 NCC1CCC(Nc2ncnc(N3Cc4ccccc4C#Cc4ccccc43)n2)CC1 1 c1cccc2c1CN(*)c1ccccc1C#C2|C1CC(CN)CCC1* n1c([*])ncnc1N[*] C1#Cc2ccccc2N(c2ncnc(NC3CCCCC3)n2)Cc2ccccc21 0.9999916 -0.5462 0.0994558 64.6900 0.0000000 96.0930 0.9999985 0.0000 0.1949919 3.4926 1.0000000 1.0000 1.0000000 1.0000 [] []
 | 9.8468 16.7861 31.2489 0.3752734 Cn1c(N2CCN(C3CCC(CN)CC3)CC2)nnc1N1Cc2ccccc2C#Cc2ccccc21 1 c1cccc2c1CN(*)c1ccccc1C#C2|C1CC(CN)CCC1* n1nc([*])n(C)c1N1CCN([*])CC1 C1#Cc2ccccc2N(c2nnc(N3CCN(C4CCCCC4)CC3)[nH]2)Cc2ccccc21 0.9999965 -0.7753 0.0074219 45.9800 1.0000000 167.2160 0.9999319 1.0000 0.1555610 3.5877 1.0000000 1.0000 1.0000000 1.0000 [] []
 | 6.1584 9.7374 -8.9977 0.0057796 NCC1CCC(c2nnc(N3Cc4ccccc4C#Cc4ccccc43)nn2)CC1 1 c1cccc2c1CN(*)c1ccccc1C#C2|C1CC(CN)CCC1* c1([*])nnc([*])nn1 C1#Cc2ccccc2N(c2nnc(C3CCCCC3)nn2)Cc2ccccc21 0.9999959 -0.7334 0.0164176 51.5600 0.0000000 82.0660 0.9999985 0.0000 0.1108389 3.7234 1.0000000 1.0000 1.0000000 1.0000 [] []
 | 10.3279 25.6291 45.9312 0.5590642 NCC1CCC(N2CCC(n3nnc(S(=O)(=O)N4Cc5ccccc5C#Cc5ccccc54)n3)CC2)CC1 1 c1cccc2c1CN(*)c1ccccc1C#C2|C1CC(CN)CCC1* [*]S(=O)(=O)c1nnn(C2CCN([*])CC2)n1 O=S(=O)(c1nnn(C2CCN(C3CCCCC3)CC2)n1)N1Cc2ccccc2C#Cc2ccccc21 0.9999997 -1.4321 0.8031367 89.7700 1.0000000 217.2540 0.9968477 2.0000 0.0866305 3.8184 1.0000000 1.0000 1.0000000 1.0000 [] []
18:31:35 <INFO> Score: 0.23 Agent NLL: 11.75 Valid:  91% Step: 7
 | Agent Prior Target Score SMILES SMILES_state Warheads Linker Scaffold linker logP linker logP (raw) linker TPSA linker TPSA (raw) linker MW linker MW (raw) linker rotatable bonds linker rotatable bonds (raw) synthetic accessibility synthetic accessibility (raw) avoid cleavable motif (non-cleavable payload) avoid cleavable motif (non-cleavable payload) (raw) labile group alerts labile group alerts (raw) matchting_patterns (avoid cleavable motif (non-cleavable payload)) matchting_patterns (labile group alerts)
 | 21.2103 43.7278 -43.7278 0.0000000 C1OCC1Cn1nnc([*])n1)N1CCN([*])S1(=O)=O 0 c1cc2c(cc1)N(*)Cc1ccccc1C#C2|C1CC(*)CCC1CN C1OCC1Cn1nnc([*])n1)N1CCN([*])S1(=O)=O -- 0.0000000 0.0000 0.0000000 0.0000 0.0000000 0.0000 0.0000000 0.0000 0.0000000 0.0000 0.0000000 0.0000 0.0000000 0.0000 None None
 | 10.2119 21.8047 -21.0676 0.0057591 CC(CNC1CCC(CN)CC1)n1nnc(N2Cc3ccccc3C#Cc3ccccc32)n1 1 c1cc2c(cc1)N(*)Cc1ccccc1C#C2|C1CC(*)CCC1CN n1nc([*])nn1C(C)CN[*] C1#Cc2ccccc2N(c2nnn(CCNC3CCCCC3)n2)Cc2ccccc21 0.9999969 -0.8072 0.1833518 69.6200 0.0000000 127.1510 0.9968477 2.0000 0.0327464 4.1763 1.0000000 1.0000 1.0000000 1.0000 [] []
 | 23.6940 46.7962 -46.7962 0.0000000 n1n(C2(CC#N)CN3C(CS3)C(=O)[*])nnc2c(N[*])nc1N1C(C)COCC1 0 c1cc2c(cc1)N(*)Cc1ccccc1C#C2|C1CC(*)CCC1CN n1n(C2(CC#N)CN3C(CS3)C(=O)[*])nnc2c(N[*])nc1N1C(C)COCC1 -- 0.0000000 0.0000 0.0000000 0.0000 0.0000000 0.0000 0.0000000 0.0000 0.0000000 0.0000 0.0000000 0.0000 0.0000000 0.0000 None None
 | 8.0598 16.0347 -15.1351 0.0070280 NCC1CCC(Nc2ccn(C(=O)N3Cc4ccccc4C#Cc4ccccc43)n2)CC1 1 c1cc2c(cc1)N(*)Cc1ccccc1C#C2|C1CC(*)CCC1CN c1cn(C([*])=O)nc1N[*] O=C(N1Cc2ccccc2C#Cc2ccccc21)n1ccc(NC2CCCCC2)n1 0.9999899 -0.4964 0.0602409 60.9100 0.0000000 111.1040 0.9999319 1.0000 0.1368197 3.6400 1.0000000 1.0000 1.0000000 1.0000 [] []
 | 7.3149 12.2884 -11.9741 0.0024557 NCC1CCC(c2nnn(C(=O)N3Cc4ccccc4C#Cc4ccccc43)n2)CC1 1 c1cc2c(cc1)N(*)Cc1ccccc1C#C2|C1CC(*)CCC1CN n1nn(C([*])=O)nc1[*] O=C(N1Cc2ccccc2C#Cc2ccccc21)n1nnc(C2CCCCC2)n1 0.9999319 0.0000 0.0000100 0.0000 0.0000000 0.0000 0.9999985 0.0000 0.1039416 3.7484 1.0000000 1.0000 1.0000000 1.0000 [] []
 | 9.5740 13.9001 -12.8354 0.0083178 NCC1CCC(Nc2nnc(C(=O)N3Cc4ccccc4C#Cc4ccccc43)s2)CC1 1 c1cc2c(cc1)N(*)Cc1ccccc1C#C2|C1CC(*)CCC1CN s1c(C(=O)[*])nnc1N[*] O=C(c1nnc(NC2CCCCC2)s1)N1Cc2ccccc2C#Cc2ccccc21 0.9999474 -0.0672 0.1677392 68.8700 0.0000000 129.1440 0.9999319 1.0000 0.1720973 3.5458 1.0000000 1.0000 1.0000000 1.0000 [] []
 | 8.3354 12.8618 -11.7305 0.0088381 NCC1CCC(Nc2ccc(C(=O)N3Cc4ccccc4C#Cc4ccccc43)nn2)CC1 1 c1cc2c(cc1)N(*)Cc1ccccc1C#C2|C1CC(*)CCC1CN [*]C(c1ccc(N[*])nn1)=O O=C(c1ccc(NC2CCCCC2)nn1)N1Cc2ccccc2C#Cc2ccccc21 0.9999585 -0.1287 0.1677392 68.8700 0.0000000 123.1150 0.9999319 1.0000 0.2247483 3.4302 1.0000000 1.0000 1.0000000 1.0000 [] []
 | 7.1993 10.7160 69.2892 0.6250404 NCC1CCC(Nc2ccc(S(=O)(=O)N3Cc4ccccc4C#Cc4ccccc43)cn2)CC1 1 c1cc2c(cc1)N(*)Cc1ccccc1C#C2|C1CC(*)CCC1CN c1c(S([*])(=O)=O)ccc(N[*])n1 O=S(=O)(c1ccc(NC2CCCCC2)nc1)N1Cc2ccccc2C#Cc2ccccc21 0.9999833 -0.3659 0.2689050 73.0500 1.0000000 158.1820 0.9999319 1.0000 0.2439102 3.3931 1.0000000 1.0000 1.0000000 1.0000 [] []
 | 7.1047 23.4196 38.9785 0.4874851 N#CCC1(n2cc(NC3CCC(CN)CC3)nn2)CN(C(=O)N2Cc3ccccc3C#Cc3ccccc32)C1 1 c1cc2c(cc1)N(*)Cc1ccccc1C#C2|C1CC(*)CCC1CN c1n(C2(CC#N)CN(C(=O)[*])C2)nnc1N[*] O=C(N1CC(n2cc(NC3CCCCC3)nn2)C1)N1Cc2ccccc2C#Cc2ccccc21 0.9999988 -1.0587 0.9524691 100.8300 1.0000000 206.2090 0.8720069 3.0000 0.0491063 4.0296 1.0000000 1.0000 1.0000000 1.0000 [] []
 | 6.4086 19.8539 -19.0919 0.0059533 NCC1CCC(c2nnn(C3(C(=O)N4Cc5ccccc5C#Cc5ccccc54)CC3)n2)CC1 1 c1cc2c(cc1)N(*)Cc1ccccc1C#C2|C1CC(*)CCC1CN n1n(C2(C([*])=O)CC2)nnc1[*] O=C(N1Cc2ccccc2C#Cc2ccccc21)C1(n2nnc(C3CCCCC3)n2)CC1 0.9999942 -0.6389 0.0583150 60.6700 0.0000000 138.1300 0.9968477 2.0000 0.0671872 3.9140 1.0000000 1.0000 1.0000000 1.0000 [] []
18:31:36 <INFO> Score: 0.15 Agent NLL: 10.80 Valid:  88% Step: 8
 | Agent Prior Target Score SMILES SMILES_state Warheads Linker Scaffold linker logP linker logP (raw) linker TPSA linker TPSA (raw) linker MW linker MW (raw) linker rotatable bonds linker rotatable bonds (raw) synthetic accessibility synthetic accessibility (raw) avoid cleavable motif (non-cleavable payload) avoid cleavable motif (non-cleavable payload) (raw) labile group alerts labile group alerts (raw) matchting_patterns (avoid cleavable motif (non-cleavable payload)) matchting_patterns (labile group alerts)
 | 7.2121 19.6502 -19.0460 0.0047202 NCC1CCC(N2CCC(n3nnc(N4Cc5ccccc5C#Cc5ccccc54)n3)C2)CC1 1 C1#Cc2ccccc2CN(*)c2ccccc21|C1C(CN)CCC(*)C1 [*]c1nn(C2CCN([*])C2)nn1 C1#Cc2ccccc2N(c2nnn(C3CCN(C4CCCCC4)C3)n2)Cc2ccccc21 0.9999967 -0.7925 0.0291102 55.6300 0.0000000 139.1620 0.9999319 1.0000 0.0341529 4.1612 1.0000000 1.0000 1.0000000 1.0000 [] []
 | 12.8207 34.2042 -34.2042 0.0000000 n1(C2CC2)nc([*])nn1C(=O)N1CCN([*])CC1 0 C1#Cc2ccccc2CN(*)c2ccccc21|C1C(CN)CCC(*)C1 n1(C2CC2)nc([*])nn1C(=O)N1CCN([*])CC1 -- 0.0000000 0.0000 0.0000000 0.0000 0.0000000 0.0000 0.0000000 0.0000 0.0000000 0.0000 0.0000000 0.0000 0.0000000 0.0000 None None
 | 10.4282 19.0063 31.3128 0.3931185 NCC1CCC(CC(=O)ON2CCN(C(=O)N3Cc4ccccc4C#Cc4ccccc43)CC2)CC1 1 C1#Cc2ccccc2CN(*)c2ccccc21|C1C(CN)CCC(*)C1 N1(C([*])=O)CCN(OC(=O)C[*])CC1 O=C(CC1CCCCC1)ON1CCN(C(=O)N2Cc3ccccc3C#Cc3ccccc32)CC1 0.9999963 -0.7615 0.0128823 49.8500 1.0000000 172.1840 0.9968477 2.0000 0.1452587 3.6158 1.0000000 1.0000 1.0000000 1.0000 [] []
 | 3.9979 14.6922 -14.6922 0.0000000 NCC1CCC(N2CCC(n3nnc(N4Cc5ccccc5C#Cc5ccccc54)n3)CC2)CC1 1 C1#Cc2ccccc2CN(*)c2ccccc21|C1C(CN)CCC(*)C1 [*]c1nn(C2CCN([*])CC2)nn1 C1#Cc2ccccc2N(c2nnn(C3CCN(C4CCCCC4)CC3)n2)Cc2ccccc21 0.9999855 -0.4024 0.0291102 55.6300 0.9999835 153.1890 0.9999319 1.0000 0.1202220 3.6915 1.0000000 1.0000 1.0000000 1.0000 [] []
 | 7.8077 19.3724 20.0814 0.3082329 NCC1CCC(c2cn(C3CCCN(C(=O)N4Cc5ccccc5C#Cc5ccccc54)C3)nn2)CC1 1 C1#Cc2ccccc2CN(*)c2ccccc21|C1C(CN)CCC(*)C1 c1n(C2CCCN(C(=O)[*])C2)nnc1[*] O=C(N1CCCC(n2cc(C3CCCCC3)nn2)C1)N1Cc2ccccc2C#Cc2ccccc21 0.9999104 0.0714 0.0152088 51.0200 1.0000000 180.2110 0.9968477 2.0000 0.0458452 4.0547 1.0000000 1.0000 1.0000000 1.0000 [] []
 | 8.7390 23.1763 34.1547 0.4478987 NCC1CCC(N2CCC(n3ncc(C(=O)N4Cc5ccccc5C#Cc5ccccc54)n3)CC2)CC1 1 C1#Cc2ccccc2CN(*)c2ccccc21|C1C(CN)CCC(*)C1 c1(C([*])=O)cnn(C2CCN([*])CC2)n1 O=C(c1cnn(C2CCN(C3CCCCC3)CC2)n1)N1Cc2ccccc2C#Cc2ccccc21 0.9999278 0.0151 0.0518787 59.8100 1.0000000 180.2110 0.9968477 2.0000 0.1285174 3.6650 1.0000000 1.0000 1.0000000 1.0000 [] []
 | 13.4786 33.4041 -33.4041 0.0000000 n1nc([*])nn(CN2CCN([*])CC2)n1 0 C1#Cc2ccccc2CN(*)c2ccccc21|C1C(CN)CCC(*)C1 n1nc([*])nn(CN2CCN([*])CC2)n1 -- 0.0000000 0.0000 0.0000000 0.0000 0.0000000 0.0000 0.0000000 0.0000 0.0000000 0.0000 0.0000000 0.0000 0.0000000 0.0000 None None
 | 14.8806 20.2320 -20.2320 0.0000000 n1oc(C([*])=O)nn1CC[*] 0 C1#Cc2ccccc2CN(*)c2ccccc21|C1C(CN)CCC(*)C1 n1oc(C([*])=O)nn1CC[*] -- 0.0000000 0.0000 0.0000000 0.0000 0.0000000 0.0000 0.0000000 0.0000 0.0000000 0.0000 0.0000000 0.0000 0.0000000 0.0000 None None
 | 26.2701 53.0475 -51.1152 0.0150956 NCC1CCC(N2CCN(Cn3nnc(Nc4nc(NC(=O)N5Cc6ccccc6C#Cc6ccccc65)n(Cc5nn[nH]n5)n4)n3)CC2)CC1 1 C1#Cc2ccccc2CN(*)c2ccccc21|C1C(CN)CCC(*)C1 n1n(Cc2n[nH]nn2)c(NC([*])=O)nc1Nc1nn(CN2CCN([*])CC2)nn1 O=C(Nc1nc(Nc2nnn(CN3CCN(C4CCCCC4)CC3)n2)nn1Cc1nn[nH]n1)N1Cc2ccccc2C#Cc2ccccc21 1.0000000 -2.9994 0.9999998 185.1700 1.0000000 375.3610 0.0000001 8.0000 0.0308455 4.1978 1.0000000 1.0000 1.0000000 1.0000 [] []
 | 4.7382 13.6944 -13.3439 0.0027383 NCC1CCC(Nc2nnn(CC(=O)N3Cc4ccccc4C#Cc4ccccc43)n2)CC1 1 C1#Cc2ccccc2CN(*)c2ccccc21|C1C(CN)CCC(*)C1 n1nn(CC(=O)[*])nc1N[*] O=C(Cn1nnc(NC2CCCCC2)n1)N1Cc2ccccc2C#Cc2ccccc21 0.9999319 0.0000 0.0000100 0.0000 0.0000000 0.0000 0.9999985 0.0000 0.1678730 3.5562 1.0000000 1.0000 1.0000000 1.0000 [] []
18:31:38 <INFO> Score: 0.18 Agent NLL: 11.31 Valid:  94% Step: 9
 | Agent Prior Target Score SMILES SMILES_state Warheads Linker Scaffold linker logP linker logP (raw) linker TPSA linker TPSA (raw) linker MW linker MW (raw) linker rotatable bonds linker rotatable bonds (raw) synthetic accessibility synthetic accessibility (raw) avoid cleavable motif (non-cleavable payload) avoid cleavable motif (non-cleavable payload) (raw) labile group alerts labile group alerts (raw) matchting_patterns (avoid cleavable motif (non-cleavable payload)) matchting_patterns (labile group alerts)
 | 15.7294 31.5314 17.6357 0.3841180 NCC1CCC(N2CCN(CC3CN(c4cnc(N5Cc6ccccc6C#Cc6ccccc65)cn4)C(=O)O3)CC2)CC1 1 c12ccccc1C#Cc1ccccc1N(*)C2|C1C(*)CCC(CN)C1 c1c([*])ncc(N2C(=O)OC(CN3CCN([*])CC3)C2)n1 O=C1OC(CN2CCN(C3CCCCC3)CC2)CN1c1cnc(N2Cc3ccccc3C#Cc3ccccc32)cn1 0.9999779 -0.2930 0.2051832 70.5900 1.0000000 263.3010 0.8720069 3.0000 0.0370779 4.1316 1.0000000 1.0000 1.0000000 1.0000 [] []
 | 5.4834 19.4426 -19.1249 0.0024823 NCC1CCC(N2CCN(C(=O)n3nnc(N4Cc5ccccc5C#Cc5ccccc54)n3)CC2)CC1 1 c12ccccc1C#Cc1ccccc1N(*)C2|C1C(*)CCC(CN)C1 n1nc([*])nn1C(=O)N1CCN([*])CC1 O=C(N1CCN(C2CCCCC2)CC1)n1nnc(N2Cc3ccccc3C#Cc3ccccc32)n1 0.9999319 0.0000 0.0000100 0.0000 0.0000000 0.0000 0.9999985 0.0000 0.1089873 3.7300 1.0000000 1.0000 1.0000000 1.0000 [] []
 | 6.6580 15.7877 -14.8940 0.0069823 NCC1CCC(Cn2nnc(C(=O)N3Cc4ccccc4C#Cc4ccccc43)n2)CC1 1 c12ccccc1C#Cc1ccccc1N(*)C2|C1C(*)CCC(CN)C1 O=C([*])c1nnn(C[*])n1 O=C(c1nnn(CC2CCCCC2)n1)N1Cc2ccccc2C#Cc2ccccc21 0.9999984 -0.9774 0.0583150 60.6700 0.0000000 112.0920 0.9999319 1.0000 0.1351223 3.6450 1.0000000 1.0000 1.0000000 1.0000 [] []
 | 12.6714 22.9971 42.5332 0.5119556 CN(c1nnc(S(=O)(=O)N2Cc3ccccc3C#Cc3ccccc32)n1C)C1CCC(CN)CC1 1 c12ccccc1C#Cc1ccccc1N(*)C2|C1C(*)CCC(CN)C1 O=S([*])(c1nnc(N(C)[*])n1C)=O O=S(=O)(c1nnc(NC2CCCCC2)[nH]1)N1Cc2ccccc2C#Cc2ccccc21 0.9999992 -1.1729 0.3895975 76.8800 1.0000000 176.2010 0.9968477 2.0000 0.0844401 3.8281 1.0000000 1.0000 1.0000000 1.0000 [] []
 | 14.3547 22.3535 6.0326 0.2217665 NCC1CCC(N2CCC(Oc3ccc(Cl)c(NC(=O)N4Cc5ccccc5C#Cc5ccccc54)c3)C2)CC1 1 c12ccccc1C#Cc1ccccc1N(*)C2|C1C(*)CCC(CN)C1 c1cc(Cl)c(NC(=O)[*])cc1OC1CCN([*])C1 O=C(Nc1cccc(OC2CCN(C3CCCCC3)C2)c1)N1Cc2ccccc2C#Cc2ccccc21 0.9632379 1.6490 0.0138498 50.3600 1.0000000 240.6900 0.1279931 4.0000 0.0743051 3.8764 1.0000000 1.0000 1.0000000 1.0000 [] []
 | 8.9778 26.6664 20.7820 0.3706910 NCC1CCC(N2CCN(c3nn(C(=O)N4Cc5ccccc5C#Cc5ccccc54)cc3Cl)CC2)CC1 1 c12ccccc1C#Cc1ccccc1N(*)C2|C1C(*)CCC(CN)C1 c1(Cl)cn(C(=O)[*])nc1N1CCN([*])CC1 O=C(N1Cc2ccccc2C#Cc2ccccc21)n1ccc(N2CCN(C3CCCCC3)CC2)n1 0.9999358 -0.0156 0.0134621 50.1600 1.0000000 214.6560 0.9968477 2.0000 0.1097383 3.7273 1.0000000 1.0000 1.0000000 1.0000 [] []
 | 8.0036 31.9725 -31.7320 0.0018786 NCC1CCC(N2CCC(n3nnc(C(=O)N4Cc5ccccc5C#Cc5ccccc54)n3)C2)CC1 1 c12ccccc1C#Cc1ccccc1N(*)C2|C1C(*)CCC(CN)C1 C(=O)([*])c1nnn(C2CN([*])CC2)n1 O=C(c1nnn(C2CCN(C3CCCCC3)C2)n1)N1Cc2ccccc2C#Cc2ccccc21 0.9999319 0.0000 0.0000100 0.0000 0.0000000 0.0000 0.9999985 0.0000 0.0319846 4.1848 1.0000000 1.0000 1.0000000 1.0000 [] []
 | 6.6869 13.5074 -12.5659 0.0073559 NCC1CCC(Nc2nc(N3Cc4ccccc4C#Cc4ccccc43)no2)CC1 1 c12ccccc1C#Cc1ccccc1N(*)C2|C1C(*)CCC(CN)C1 o1nc([*])nc1N[*] C1#Cc2ccccc2N(c2noc(NC3CCCCC3)n2)Cc2ccccc21 0.9999821 -0.3482 0.1027249 64.9400 0.0000000 85.0660 0.9999985 0.0000 0.1280429 3.6665 1.0000000 1.0000 1.0000000 1.0000 [] []
 | 16.0294 45.6596 26.2824 0.5620472 NCC1CCC(N2CCN(c3nnc4c(N5CCN(C(=O)N6Cc7ccccc7C#Cc7ccccc76)CC5)ncnn34)CC2)CC1 1 c12ccccc1C#Cc1ccccc1N(*)C2|C1C(*)CCC(CN)C1 C([*])(N1CCN(c2ncnn3c2nnc3N2CCN([*])CC2)CC1)=O O=C(N1CCN(c2ncnn3c(N4CCN(C5CCCCC5)CC4)nnc23)CC1)N1Cc2ccccc2C#Cc2ccccc21 0.9999999 -1.7927 0.8936380 94.7900 1.0000000 317.3570 0.8720069 3.0000 0.0948313 3.7838 1.0000000 1.0000 1.0000000 1.0000 [] []
 | 15.3245 33.5534 31.8880 0.5112607 NCC1CCC(c2nc(-n3nnc(N4Cc5ccccc5C#Cc5ccccc54)n3)ccc2O)CC1 1 c12ccccc1C#Cc1ccccc1N(*)C2|C1C(*)CCC(CN)C1 [*]c1nnn(-c2ccc(O)c([*])n2)n1 C1#Cc2ccccc2N(c2nnn(-c3cccc(C4CCCCC4)n3)n2)Cc2ccccc21 0.9999726 -0.2371 0.3841359 76.7200 1.0000000 163.1400 0.9999319 1.0000 0.0842991 3.8287 1.0000000 1.0000 1.0000000 1.0000 [] []
18:31:39 <INFO> Score: 0.29 Agent NLL: 11.68 Valid: 100% Step: 10
 | Agent Prior Target Score SMILES SMILES_state Warheads Linker Scaffold linker logP linker logP (raw) linker TPSA linker TPSA (raw) linker MW linker MW (raw) linker rotatable bonds linker rotatable bonds (raw) synthetic accessibility synthetic accessibility (raw) avoid cleavable motif (non-cleavable payload) avoid cleavable motif (non-cleavable payload) (raw) labile group alerts labile group alerts (raw) matchting_patterns (avoid cleavable motif (non-cleavable payload)) matchting_patterns (labile group alerts)
 | 9.7569 11.4682 -10.7001 0.0060004 NCC1CCC(Oc2ccc(N3Cc4ccccc4C#Cc4ccccc43)nn2)CC1 1 N1(*)c2c(cccc2)C#Cc2ccccc2C1|*C1CCC(CN)CC1 c1([*])ccc(O[*])nn1 C1#Cc2ccccc2N(c2ccc(OC3CCCCC3)nn2)Cc2ccccc21 0.9998629 0.1822 0.0074538 46.0100 0.0000000 96.0890 0.9999985 0.0000 0.1940329 3.4948 1.0000000 1.0000 1.0000000 1.0000 [] []
 | 6.4334 24.8219 -24.8219 0.0000000 NCC1CCC(N2CCN(c3nnn(C(=O)N4Cc5ccccc5C#Cc5ccccc54)n3)CC2)CC1 1 N1(*)c2c(cccc2)C#Cc2ccccc2C1|*C1CCC(CN)CC1 n1n(C(=O)[*])nnc1N1CCN([*])CC1 O=C(N1Cc2ccccc2C#Cc2ccccc21)n1nnc(N2CCN(C3CCCCC3)CC2)n1 0.9999319 0.0000 0.0000100 0.0000 0.0000000 0.0000 0.9999985 0.0000 0.1144043 3.7110 1.0000000 1.0000 1.0000000 1.0000 [] []
 | 9.7972 17.8000 44.9609 0.4903190 NCC1CCC(N2CCN(c3ccc(NC(=O)N4Cc5ccccc5C#Cc5ccccc54)cn3)CC2)CC1 1 N1(*)c2c(cccc2)C#Cc2ccccc2C1|*C1CCC(CN)CC1 N1(c2ccc(NC([*])=O)cn2)CCN([*])CC1 O=C(Nc1ccc(N2CCN(C3CCCCC3)CC2)nc1)N1Cc2ccccc2C#Cc2ccccc21 0.9999144 0.0595 0.0365250 57.2600 1.0000000 206.2490 0.8720069 3.0000 0.2572648 3.3684 1.0000000 1.0000 1.0000000 1.0000 [] []
 | 7.1964 14.4021 49.4463 0.4988158 NCC1CCC(N2CCN(c3ncc(C(=O)N4Cc5ccccc5C#Cc5ccccc54)cn3)CC2)CC1 1 N1(*)c2c(cccc2)C#Cc2ccccc2C1|*C1CCC(CN)CC1 c1(C(=O)[*])cnc(N2CCN([*])CC2)nc1 O=C(c1cnc(N2CCN(C3CCCCC3)CC2)nc1)N1Cc2ccccc2C#Cc2ccccc21 0.9999785 -0.3013 0.0411392 58.1200 1.0000000 192.2220 0.9968477 2.0000 0.2317674 3.4164 1.0000000 1.0000 1.0000000 1.0000 [] []
 | 13.3848 24.1063 19.5500 0.3410652 NCC1CCC(N2CCN(c3cnc(OC4CN(C(=O)N5Cc6ccccc6C#Cc6ccccc65)C4)cn3)CC2)CC1 1 N1(*)c2c(cccc2)C#Cc2ccccc2C1|*C1CCC(CN)CC1 c1(OC2CN(C([*])=O)C2)ncc(N2CCN([*])CC2)nc1 O=C(N1CC(Oc2cnc(N3CCN(C4CCCCC4)CC3)cn2)C1)N1Cc2ccccc2C#Cc2ccccc21 0.9999978 -0.8944 0.2051832 70.5900 1.0000000 263.3010 0.1279931 4.0000 0.1235797 3.6806 1.0000000 1.0000 1.0000000 1.0000 [] []
 | 8.3843 16.8469 60.4027 0.6035122 NCC1CCC(N2CCN(C(=O)Oc3ccc(NC(=O)N4Cc5ccccc5C#Cc5ccccc54)cc3)CC2)CC1 1 N1(*)c2c(cccc2)C#Cc2ccccc2C1|*C1CCC(CN)CC1 c1cc(NC(=O)[*])ccc1OC(N1CCN([*])CC1)=O O=C(Oc1ccc(NC(=O)N2Cc3ccccc3C#Cc3ccccc32)cc1)N1CCN(C2CCCCC2)CC1 0.9991466 0.6589 0.2070672 70.6700 1.0000000 249.2700 0.8720069 3.0000 0.2696907 3.3461 1.0000000 1.0000 1.0000000 1.0000 [] []
 | 19.7069 23.7371 32.7195 0.4410670 NCC1CCC(N2CC(C(=O)O)N(C(=O)C(=O)N3Cc4ccccc4C#Cc4ccccc43)C2)CC1 1 N1(*)c2c(cccc2)C#Cc2ccccc2C1|*C1CCC(CN)CC1 N1(C(=O)C(=O)[*])C(C(O)=O)CN([*])C1 O=C(C(=O)N1Cc2ccccc2C#Cc2ccccc21)N1CCN(C2CCCCC2)C1 0.9999999 -1.9722 0.7242509 86.7100 1.0000000 172.1400 0.9968477 2.0000 0.0321447 4.1830 1.0000000 1.0000 1.0000000 1.0000 [] []
 | 7.9424 17.3883 -16.2658 0.0087702 NCC1CCC(Nc2nnn(C(=O)N3Cc4ccccc4C#Cc4ccccc43)n2)CC1 1 N1(*)c2c(cccc2)C#Cc2ccccc2C1|*C1CCC(CN)CC1 n1n(C([*])=O)nnc1N[*] O=C(N1Cc2ccccc2C#Cc2ccccc21)n1nnc(NC2CCCCC2)n1 0.9999999 -1.7064 0.7236758 86.6900 0.0000000 113.0800 0.9999319 1.0000 0.1045896 3.7460 1.0000000 1.0000 1.0000000 1.0000 [] []
 | 35.0710 74.7688 -73.7952 0.0076058 CC(=O)N(CCN1CCC(N2CCC(n3nnc(NC4CCC(CN)CC4)n3)CC2)NC(C(=O)O)C1)c1nnn(C(=O)N2Cc3ccccc3C#Cc3ccccc32)n1 1 N1(*)c2c(cccc2)C#Cc2ccccc2C1|*C1CCC(CN)CC1 n1n(C2CCN(C(NC(C(=O)O)CN3CCN(c4nnn(C(=O)[*])n4)C(=O)C)CC3)CC2)nnc1N[*] O=C(N1Cc2ccccc2C#Cc2ccccc21)n1nnc(NCCN2CCNC(N3CCC(n4nnc(NC5CCCCC5)n4)CC3)CC2)n1 1.0000000 -2.9553 1.0000000 206.4100 1.0000000 491.5170 0.0000001 8.0000 0.0015110 5.2561 1.0000000 1.0000 1.0000000 1.0000 [] []
 | 6.9270 17.9420 54.5832 0.5666028 NCC1CCC(N2CCN(C(=O)Oc3ccc(OC(=O)N4Cc5ccccc5C#Cc5ccccc54)cc3)CC2)CC1 1 N1(*)c2c(cccc2)C#Cc2ccccc2C1|*C1CCC(CN)CC1 c1c(OC([*])=O)ccc(OC(=O)N2CCN([*])CC2)c1 O=C(Oc1ccc(OC(=O)N2Cc3ccccc3C#Cc3ccccc32)cc1)N1CCN(C2CCCCC2)CC1 0.9992484 0.6258 0.1485971 67.8700 1.0000000 250.2540 0.8720069 3.0000 0.2411460 3.3983 1.0000000 1.0000 1.0000000 1.0000 [] []
18:31:40 <INFO> Score: 0.27 Agent NLL: 12.86 Valid:  97% Step: 11
 | Agent Prior Target Score SMILES SMILES_state Warheads Linker Scaffold linker logP linker logP (raw) linker TPSA linker TPSA (raw) linker MW linker MW (raw) linker rotatable bonds linker rotatable bonds (raw) synthetic accessibility synthetic accessibility (raw) avoid cleavable motif (non-cleavable payload) avoid cleavable motif (non-cleavable payload) (raw) labile group alerts labile group alerts (raw) matchting_patterns (avoid cleavable motif (non-cleavable payload)) matchting_patterns (labile group alerts)
 | 13.5960 28.8135 -28.8135 0.0000000 C1CN(S([*])(=O)=O)C1=O)N1CCN([*])CC1 0 c1cc2c(cc1)C#Cc1c(cccc1)CN2*|C(N)C1CCC(*)CC1 C1CN(S([*])(=O)=O)C1=O)N1CCN([*])CC1 -- 0.0000000 0.0000 0.0000000 0.0000 0.0000000 0.0000 0.0000000 0.0000 0.0000000 0.0000 0.0000000 0.0000 0.0000000 0.0000 None None
 | 4.6934 14.3616 35.0625 0.3861262 NCC1CCC(N2CCN(S(=O)(=O)N3Cc4ccccc4C#Cc4ccccc43)CC2)CC1 1 c1cc2c(cc1)C#Cc1c(cccc1)CN2*|C(N)C1CCC(*)CC1 C1CN(S(=O)(=O)[*])CCN1[*] O=S(=O)(N1CCN(C2CCCCC2)CC1)N1Cc2ccccc2C#Cc2ccccc21 0.9999998 -1.5820 0.0121014 49.4100 0.6684421 150.2030 0.9999319 1.0000 0.2066108 3.4675 1.0000000 1.0000 1.0000000 1.0000 [] []
 | 12.4395 33.1418 15.2884 0.3783611 NCC1CCC(N2CCN(c3nnn(CN4CCN(C(=O)N5Cc6ccccc6C#Cc6ccccc65)CC4)n3)CC2)CC1 1 c1cc2c(cc1)C#Cc1c(cccc1)CN2*|C(N)C1CCC(*)CC1 n1nn(CN2CCN(C([*])=O)CC2)nc1N1CCN([*])CC1 O=C(N1CCN(Cn2nnc(N3CCN(C4CCCCC4)CC3)n2)CC1)N1Cc2ccccc2C#Cc2ccccc21 1.0000000 -2.1858 0.5861970 82.4200 1.0000000 280.3360 0.1279931 4.0000 0.1154246 3.7075 1.0000000 1.0000 1.0000000 1.0000 [] []
 | 9.4412 21.0788 20.6965 0.3263688 NCC1CCC(N2CCN(N3CCN(C(=O)N4Cc5ccccc5C#Cc5ccccc54)CC3)CC2)CC1 1 c1cc2c(cc1)C#Cc1c(cccc1)CN2*|C(N)C1CCC(*)CC1 N1(C(=O)[*])CCN(N2CCN([*])CC2)CC1 O=C(N1CCN(N2CCN(C3CCCCC3)CC2)CC1)N1Cc2ccccc2C#Cc2ccccc21 0.9999997 -1.4194 0.0026613 38.8200 1.0000000 198.2700 0.9968477 2.0000 0.1409308 3.6280 1.0000000 1.0000 1.0000000 1.0000 [] []
 | 8.2070 31.0550 27.1000 0.4543357 NCC1CCC(N2CCN(c3cn(C4CN(C(=O)N5Cc6ccccc6C#Cc6ccccc65)C4)nn3)CC2)CC1 1 c1cc2c(cc1)C#Cc1c(cccc1)CN2*|C(N)C1CCC(*)CC1 c1n(C2CN(C([*])=O)C2)nnc1N1CCN([*])CC1 O=C(N1CC(n2cc(N3CCN(C4CCCCC4)CC3)nn2)C1)N1Cc2ccccc2C#Cc2ccccc21 0.9999995 -1.2992 0.1220641 66.2900 1.0000000 236.2790 0.8720069 3.0000 0.1006229 3.7610 1.0000000 1.0000 1.0000000 1.0000 [] []
 | 10.1916 12.5975 -12.0606 0.0041939 NCC1CCC(N2CCC(OC(=O)N3Cc4ccccc4C#Cc4ccccc43)C2)CC1 1 c1cc2c(cc1)C#Cc1c(cccc1)CN2*|C(N)C1CCC(*)CC1 [*]C(=O)OC1CCN([*])C1 O=C(OC1CCN(C2CCCCC2)C1)N1Cc2ccccc2C#Cc2ccccc21 0.9999892 -0.4787 0.0024805 38.3300 0.0000000 115.1320 0.9968477 2.0000 0.0697430 3.9001 1.0000000 1.0000 1.0000000 1.0000 [] []
 | 11.1926 36.9081 29.3651 0.5177595 NCC1CCC(N2CCN(CC(=O)N3CC(S(=O)(=O)N4Cc5ccccc5C#Cc5ccccc54)C3)CC2)CC1 1 c1cc2c(cc1)C#Cc1c(cccc1)CN2*|C(N)C1CCC(*)CC1 O=S([*])(=O)C1CN(C(=O)CN2CCN([*])CC2)C1 O=C(CN1CCN(C2CCCCC2)CC1)N1CC(S(=O)(=O)N2Cc3ccccc3C#Cc3ccccc32)C1 1.0000000 -2.2862 0.1855164 69.7200 1.0000000 247.3200 0.8720069 3.0000 0.1450456 3.6164 1.0000000 1.0000 1.0000000 1.0000 [] []
 | 7.1169 25.9695 -25.3653 0.0047203 NCC1CCC(N2CC(n3ncc(N4Cc5ccccc5C#Cc5ccccc54)n3)C2)CC1 1 c1cc2c(cc1)C#Cc1c(cccc1)CN2*|C(N)C1CCC(*)CC1 [*]c1cnn(C2CN([*])C2)n1 C1#Cc2ccccc2N(c2cnn(C3CN(C4CCCCC4)C3)n2)Cc2ccccc21 0.9999925 -0.5776 0.0046689 42.7400 0.0000000 124.1470 0.9999319 1.0000 0.0852851 3.8243 1.0000000 1.0000 1.0000000 1.0000 [] []
 | 12.5493 41.2967 -3.6149 0.2943888 NCC1CCC(N2CCN(C(=O)NC3CCN(CC(=O)N4CCN(S(=O)(=O)N5Cc6ccccc6C#Cc6ccccc65)CC4)C3=O)CC2)CC1 1 c1cc2c(cc1)C#Cc1c(cccc1)CN2*|C(N)C1CCC(*)CC1 [*]S(=O)(N1CCN(C(CN2C(=O)C(NC(=O)N3CCN([*])CC3)CC2)=O)CC1)=O O=C(CN1CCC(NC(=O)N2CCN(C3CCCCC3)CC2)C1=O)N1CCN(S(=O)(=O)N2Cc3ccccc3C#Cc3ccccc32)CC1 1.0000000 -3.1273 0.9977567 122.3700 1.0000000 402.4770 0.1279931 4.0000 0.0293274 4.2158 1.0000000 1.0000 1.0000000 1.0000 [] []
 | 12.6663 28.8048 11.1416 0.3120816 NCC1CCC(N2CCC(n3cc(OC(=O)N4Cc5ccccc5C#Cc5ccccc54)cn3)C2)CC1 1 c1cc2c(cc1)C#Cc1c(cccc1)CN2*|C(N)C1CCC(*)CC1 c1c(OC(=O)[*])cn(C2CN([*])CC2)n1 O=C(Oc1cnn(C2CCN(C3CCCCC3)C2)c1)N1Cc2ccccc2C#Cc2ccccc21 0.9999432 -0.0473 0.0313014 56.1500 1.0000000 181.1950 0.8720069 3.0000 0.0380675 4.1221 1.0000000 1.0000 1.0000000 1.0000 [] []
18:31:41 <INFO> Score: 0.29 Agent NLL: 10.64 Valid: 100% Step: 12
 | Agent Prior Target Score SMILES SMILES_state Warheads Linker Scaffold linker logP linker logP (raw) linker TPSA linker TPSA (raw) linker MW linker MW (raw) linker rotatable bonds linker rotatable bonds (raw) synthetic accessibility synthetic accessibility (raw) avoid cleavable motif (non-cleavable payload) avoid cleavable motif (non-cleavable payload) (raw) labile group alerts labile group alerts (raw) matchting_patterns (avoid cleavable motif (non-cleavable payload)) matchting_patterns (labile group alerts)
 | 8.5059 32.8565 -32.4963 0.0028138 NCC1CCC(N2CCN(CC(=O)N3CCN(S(=O)(=O)N4Cc5ccccc5C#Cc5ccccc54)CC3)CC2)CC1 1 c1c2c(ccc1)C#Cc1ccccc1N(*)C2|C(N)C1CCC(*)CC1 C1CN(S(=O)([*])=O)CCN1C(=O)CN1CCN([*])CC1 O=C(CN1CCN(C2CCCCC2)CC1)N1CCN(S(=O)(=O)N2Cc3ccccc3C#Cc3ccccc32)CC1 0.9999319 0.0000 0.0000100 0.0000 0.0000000 0.0000 0.9999985 0.0000 0.1892065 3.5056 1.0000000 1.0000 1.0000000 1.0000 [] []
 | 12.1735 36.1032 31.6457 0.5292882 NCC1CCC(N2CCN(c3ncc(N4CCN(S(=O)(=O)N5Cc6ccccc6C#Cc6ccccc65)C4)cn3)CC2)CC1 1 c1c2c(ccc1)C#Cc1ccccc1N(*)C2|C(N)C1CCC(*)CC1 O=S([*])(=O)N1CCN(c2cnc(N3CCN([*])CC3)nc2)C1 O=S(=O)(N1CCN(c2cnc(N3CCN(C4CCCCC4)CC3)nc2)C1)N1Cc2ccccc2C#Cc2ccccc21 0.9999998 -1.5079 0.5597955 81.6700 1.0000000 298.3720 0.8720069 3.0000 0.0919948 3.7955 1.0000000 1.0000 1.0000000 1.0000 [] []
 | 14.1501 31.0880 23.0854 0.4232303 NCC1CCC(N2CCCC(n3nnc(S(=O)(=O)N4Cc5ccccc5C#Cc5ccccc54)n3)C2)CC1 1 c1c2c(ccc1)C#Cc1ccccc1N(*)C2|C(N)C1CCC(*)CC1 O=S(=O)([*])c1nn(C2CN([*])CCC2)nn1 O=S(=O)(c1nnn(C2CCCN(C3CCCCC3)C2)n1)N1Cc2ccccc2C#Cc2ccccc21 0.9999997 -1.4321 0.8031367 89.7700 1.0000000 217.2540 0.9968477 2.0000 0.0254552 4.2664 1.0000000 1.0000 1.0000000 1.0000 [] []
 | 12.0973 20.7034 -20.7034 0.0000000 NCC1CCC(N2CCC(n3cc(C(=O)N4Cc5ccccc5C#Cc5ccccc54)nn3)CC2)CC1 1 c1c2c(ccc1)C#Cc1ccccc1N(*)C2|C(N)C1CCC(*)CC1 [*]C(=O)c1cn(C2CCN([*])CC2)nn1 O=C(c1cn(C2CCN(C3CCCCC3)CC2)nn1)N1Cc2ccccc2C#Cc2ccccc21 0.9999278 0.0151 0.0518787 59.8100 1.0000000 180.2110 0.9968477 2.0000 0.1759565 3.5364 1.0000000 1.0000 1.0000000 1.0000 [] []
 | 6.1291 15.2773 -15.2773 0.0000000 NCC1CCC(N2CCN(c3ccc(NC(=O)N4Cc5ccccc5C#Cc5ccccc54)cc3)CC2)CC1 1 c1c2c(ccc1)C#Cc1ccccc1N(*)C2|C(N)C1CCC(*)CC1 c1cc(NC([*])=O)ccc1N1CCN([*])CC1 O=C(Nc1ccc(N2CCN(C3CCCCC3)CC2)cc1)N1Cc2ccccc2C#Cc2ccccc21 0.9999319 0.0000 0.0000100 0.0000 0.0000000 0.0000 0.9999985 0.0000 0.3201826 3.2616 1.0000000 1.0000 1.0000000 1.0000 [] []
 | 7.9050 29.6411 -29.6411 0.0000000 NCC1CCC(N2CCC(OC(=O)N3CCN(S(=O)(=O)N4Cc5ccccc5C#Cc5ccccc54)CC3)CC2)CC1 1 c1c2c(ccc1)C#Cc1ccccc1N(*)C2|C(N)C1CCC(*)CC1 [*]S(=O)(N1CCN(C(=O)OC2CCN([*])CC2)CC1)=O O=C(OC1CCN(C2CCCCC2)CC1)N1CCN(S(=O)(=O)N2Cc3ccccc3C#Cc3ccccc32)CC1 0.9999319 0.0000 0.0000100 0.0000 0.0000000 0.0000 0.9999985 0.0000 0.1520407 3.5971 1.0000000 1.0000 1.0000000 1.0000 [] []
 | 14.8566 37.4264 -14.9987 0.1752169 CN(C(=O)N1Cc2ccccc2C#Cc2ccccc21)C1CCN(C(=O)Cn2nnnc2N2CCN(C3CCC(CN)CC3)CC2)CC1 1 c1c2c(ccc1)C#Cc1ccccc1N(*)C2|C(N)C1CCC(*)CC1 n1nnn(CC(=O)N2CCC(N(C([*])=O)C)CC2)c1N1CCN([*])CC1 O=C(Cn1nnnc1N1CCN(C2CCCCC2)CC1)N1CCC(NC(=O)N2Cc3ccccc3C#Cc3ccccc32)CC1 0.9999999 -1.8381 0.9429366 99.4900 1.0000000 336.4000 0.0031523 5.0000 0.0862437 3.8201 1.0000000 1.0000 1.0000000 1.0000 [] []
 | 18.7189 50.0204 -16.1408 0.2646848 NCC1CCC(N2CCN(NS(=O)(=O)N3CCC(S(=O)(=O)N4Cc5ccccc5C#Cc5ccccc54)C3)CC2)CC1 1 c1c2c(ccc1)C#Cc1ccccc1N(*)C2|C(N)C1CCC(*)CC1 [*]S(=O)(=O)C1CN(S(=O)(NN2CCN([*])CC2)=O)CC1 O=S(=O)(NN1CCN(C2CCCCC2)CC1)N1CCC(S(=O)(=O)N2Cc3ccccc3C#Cc3ccccc32)C1 1.0000000 -2.6733 0.9375214 98.8200 1.0000000 298.3900 0.1279931 4.0000 0.0189474 4.3713 1.0000000 1.0000 1.0000000 1.0000 [] []
 | 6.0935 28.2030 -28.2030 0.0000000 NCC1CCC(N2CCC(OC(=O)N3CCN(S(=O)(=O)N4Cc5ccccc5C#Cc5ccccc54)CC3)CC2)CC1 2 c1c2c(ccc1)C#Cc1ccccc1N(*)C2|C(N)C1CCC(*)CC1 [*]S(=O)(=O)N1CCN(C(=O)OC2CCN([*])CC2)CC1 O=C(OC1CCN(C2CCCCC2)CC1)N1CCN(S(=O)(=O)N2Cc3ccccc3C#Cc3ccccc32)CC1 0.0000000 0.0000 0.0000000 0.0000 0.0000000 0.0000 0.0000000 0.0000 0.0000000 3.5971 0.0000000 1.0000 0.0000000 1.0000 [] []
 | 7.2669 19.5656 32.1557 0.4040731 NCC1CCC(N2CCN(C(=O)Oc3ccc(N4Cc5ccccc5C#Cc5ccccc54)cc3)CC2)CC1 1 c1c2c(ccc1)C#Cc1ccccc1N(*)C2|C(N)C1CCC(*)CC1 [*]c1ccc(OC(=O)N2CCN([*])CC2)cc1 O=C(Oc1ccc(N2Cc3ccccc3C#Cc3ccccc32)cc1)N1CCN(C2CCCCC2)CC1 0.9955428 1.0906 0.0039483 41.5700 1.0000000 206.2450 0.9999319 1.0000 0.2966106 3.3000 1.0000000 1.0000 1.0000000 1.0000 [] []
18:31:43 <INFO> Score: 0.23 Agent NLL: 11.36 Valid:  94% Step: 13
 | Agent Prior Target Score SMILES SMILES_state Warheads Linker Scaffold linker logP linker logP (raw) linker TPSA linker TPSA (raw) linker MW linker MW (raw) linker rotatable bonds linker rotatable bonds (raw) synthetic accessibility synthetic accessibility (raw) avoid cleavable motif (non-cleavable payload) avoid cleavable motif (non-cleavable payload) (raw) labile group alerts labile group alerts (raw) matchting_patterns (avoid cleavable motif (non-cleavable payload)) matchting_patterns (labile group alerts)
 | 9.0364 18.6375 -18.6375 0.0000000 NCC1CCC(N2CCN(c3ccc(S(=O)(=O)N4Cc5ccccc5C#Cc5ccccc54)cn3)CC2)CC1 1 c12ccccc1C#Cc1ccccc1CN2*|NCC1CCC(*)CC1 c1c(S([*])(=O)=O)cnc(N2CCN([*])CC2)c1 O=S(=O)(c1ccc(N2CCN(C3CCCCC3)CC2)nc1)N1Cc2ccccc2C#Cc2ccccc21 0.9999319 0.0000 0.0000100 0.0000 0.0000000 0.0000 0.9999985 0.0000 0.2368830 3.4064 1.0000000 1.0000 1.0000000 1.0000 [] []
 | 9.1553 31.2072 45.2468 0.5972965 NCC1CCC(N2CCN(S(=O)(=O)N3CCN(c4ncnc(N5Cc6ccccc6C#Cc6ccccc65)n4)CC3)CC2)CC1 1 c12ccccc1C#Cc1ccccc1CN2*|NCC1CCC(*)CC1 O=S(=O)(N1CCN(c2ncnc([*])n2)CC1)N1CCN([*])CC1 O=S(=O)(N1CCN(c2ncnc(N3Cc4ccccc4C#Cc4ccccc43)n2)CC1)N1CCN(C2CCCCC2)CC1 0.9999999 -1.8564 0.8904506 94.5600 1.0000000 313.3870 0.8720069 3.0000 0.1241547 3.6788 1.0000000 1.0000 1.0000000 1.0000 [] []
 | 8.2939 23.6066 40.0044 0.4969613 NCC1CCC(N2CCN(c3cnc(N4CCN(C(=O)N5Cc6ccccc6C#Cc6ccccc65)CC4)nc3)CC2)CC1 1 c12ccccc1C#Cc1ccccc1CN2*|NCC1CCC(*)CC1 C1N(c2cnc(N3CCN(C([*])=O)CC3)nc2)CCN([*])C1 O=C(N1CCN(c2ncc(N3CCN(C4CCCCC4)CC3)cn2)CC1)N1Cc2ccccc2C#Cc2ccccc21 0.9999973 -0.8354 0.0983017 64.6000 1.0000000 276.3440 0.8720069 3.0000 0.1663688 3.5599 1.0000000 1.0000 1.0000000 1.0000 [] []
 | 4.8346 25.0352 -25.0352 0.0000000 NCC1CCC(N2CCN(c3ccc(N4CCN(C(=O)N5Cc6ccccc6C#Cc6ccccc65)CC4)nn3)CC2)CC1 1 c12ccccc1C#Cc1ccccc1CN2*|NCC1CCC(*)CC1 c1c(N2CCN(C(=O)[*])CC2)nnc(N2CCN([*])CC2)c1 O=C(N1CCN(c2ccc(N3CCN(C4CCCCC4)CC3)nn2)CC1)N1Cc2ccccc2C#Cc2ccccc21 0.9999319 0.0000 0.0000100 0.0000 0.0000000 0.0000 0.9999985 0.0000 0.1854705 3.5141 1.0000000 1.0000 1.0000000 1.0000 [] []
 | 6.5796 19.2324 41.5126 0.4745704 NCC1CCC(N2CCN(C(=O)N3CCN(C(=O)N4Cc5ccccc5C#Cc5ccccc54)CC3)CC2)CC1 1 c12ccccc1C#Cc1ccccc1CN2*|NCC1CCC(*)CC1 O=C(N1CCN(C(=O)[*])CC1)N1CCN([*])CC1 O=C(N1CCN(C(=O)N2Cc3ccccc3C#Cc3ccccc32)CC1)N1CCN(C2CCCCC2)CC1 0.9999993 -1.2144 0.0301865 55.8900 1.0000000 226.2800 0.9999319 1.0000 0.2166920 3.4465 1.0000000 1.0000 1.0000000 1.0000 [] []
 | 9.6768 34.6995 11.4165 0.3602815 NCC1CCC(N2CCN(C(=O)N3CCC(n4cc(N5Cc6ccccc6C#Cc6ccccc65)nn4)C3)CC2)CC1 1 c12ccccc1C#Cc1ccccc1CN2*|NCC1CCC(*)CC1 [*]c1nnn(C2CN(C(=O)N3CCN([*])CC3)CC2)c1 O=C(N1CCN(C2CCCCC2)CC1)N1CCC(n2cc(N3Cc4ccccc4C#Cc4ccccc43)nn2)C1 0.9999879 -0.4499 0.1220641 66.2900 1.0000000 250.3060 0.9999319 1.0000 0.0320599 4.1839 1.0000000 1.0000 1.0000000 1.0000 [] []
 | 10.4721 40.0501 -40.0501 0.0000000 NCC1CCC(N2CCN(C(=O)n3nnc(N4CCN(C(=O)N5Cc6ccccc6C#Cc6ccccc65)CC4)n3)CC2)CC1 1 c12ccccc1C#Cc1ccccc1CN2*|NCC1CCC(*)CC1 C1N(C([*])=O)CCN(c2nnn(C(N3CCN([*])CC3)=O)n2)C1 O=C(N1CCN(c2nnn(C(=O)N3CCN(C4CCCCC4)CC3)n2)CC1)N1Cc2ccccc2C#Cc2ccccc21 1.0000000 -2.1752 0.9429366 99.4900 1.0000000 294.3190 0.9968477 2.0000 0.0933034 3.7901 1.0000000 1.0000 1.0000000 1.0000 [] []
 | 7.5661 16.9003 -16.5013 0.0031176 NCC1CCC(N2CCN(c3ccc(S(=O)(=O)N4Cc5ccccc5C#Cc5ccccc54)cc3)CC2)CC1 1 c12ccccc1C#Cc1ccccc1CN2*|NCC1CCC(*)CC1 c1cc(S(=O)([*])=O)ccc1N1CCN([*])CC1 O=S(=O)(c1ccc(N2CCN(C3CCCCC3)CC2)cc1)N1Cc2ccccc2C#Cc2ccccc21 0.9999319 0.0000 0.0000100 0.0000 0.0000000 0.0000 0.9999985 0.0000 0.2970548 3.2993 1.0000000 1.0000 1.0000000 1.0000 [] []
 | 12.8427 33.7066 -33.7066 0.0000000 c1(N2CCN(C([*])=O)CC2)nc(N2CCN([*])CC2)nn1 0 c12ccccc1C#Cc1ccccc1CN2*|NCC1CCC(*)CC1 c1(N2CCN(C([*])=O)CC2)nc(N2CCN([*])CC2)nn1 -- 0.0000000 0.0000 0.0000000 0.0000 0.0000000 0.0000 0.0000000 0.0000 0.0000000 0.0000 0.0000000 0.0000 0.0000000 0.0000 None None
 | 9.4659 30.1471 -30.1471 0.0000000 NCC1CCC(N2CCN(C(=O)N3CCN(S(=O)(=O)N4Cc5ccccc5C#Cc5ccccc54)CC3)CC2)CC1 1 c12ccccc1C#Cc1ccccc1CN2*|NCC1CCC(*)CC1 N1(S(=O)(=O)[*])CCN(C(=O)N2CCN([*])CC2)CC1 O=C(N1CCN(C2CCCCC2)CC1)N1CCN(S(=O)(=O)N2Cc3ccccc3C#Cc3ccccc32)CC1 0.9999999 -1.8444 0.2663663 72.9600 1.0000000 262.3350 0.9999319 1.0000 0.1726959 3.5443 1.0000000 1.0000 1.0000000 1.0000 [] []
18:31:44 <INFO> Score: 0.28 Agent NLL: 11.69 Valid:  91% Step: 14
 | Agent Prior Target Score SMILES SMILES_state Warheads Linker Scaffold linker logP linker logP (raw) linker TPSA linker TPSA (raw) linker MW linker MW (raw) linker rotatable bonds linker rotatable bonds (raw) synthetic accessibility synthetic accessibility (raw) avoid cleavable motif (non-cleavable payload) avoid cleavable motif (non-cleavable payload) (raw) labile group alerts labile group alerts (raw) matchting_patterns (avoid cleavable motif (non-cleavable payload)) matchting_patterns (labile group alerts)
 | 8.5129 43.5297 21.1766 0.5055180 Cn1c(N2CCN(C(=O)N3Cc4ccccc4C#Cc4ccccc43)CC2)nnc1N1CCN(C2CCC(CN)CC2)CC1 1 c1cccc2c1C#Cc1c(cccc1)CN2*|C1C(CN)CCC(*)C1 C1CN(C([*])=O)CCN1c1nnc(N2CCN([*])CC2)n1C O=C(N1CCN(c2nnc(N3CCN(C4CCCCC4)CC3)[nH]2)CC1)N1Cc2ccccc2C#Cc2ccccc21 0.9999998 -1.4969 0.1814203 69.5300 1.0000000 279.3480 0.8720069 3.0000 0.1320171 3.6543 1.0000000 1.0000 1.0000000 1.0000 [] []
 | 13.8601 44.8980 -44.8980 0.0000000 [*]S(N1CCN(c2ncc(N3CCN([*])CC3)nc2)(=O)=O)C1(C)C 0 c1cccc2c1C#Cc1c(cccc1)CN2*|C1C(CN)CCC(*)C1 [*]S(N1CCN(c2ncc(N3CCN([*])CC3)nc2)(=O)=O)C1(C)C -- 0.0000000 0.0000 0.0000000 0.0000 0.0000000 0.0000 0.0000000 0.0000 0.0000000 0.0000 0.0000000 0.0000 0.0000000 0.0000 None None
 | 22.5921 55.3854 -30.6754 0.1930470 COC(=O)N(C(=O)N1Cc2ccccc2C#Cc2ccccc21)C1CCN1c1ncn(C2CCN(C3CCC(CN)CC3)C2)n1 1 c1cccc2c1C#Cc1c(cccc1)CN2*|C1C(CN)CCC(*)C1 c1(N2C(N(C([*])=O)C(=O)OC)CC2)ncn(C2CN([*])CC2)n1 O=C(NC1CCN1c1ncn(C2CCN(C3CCCCC3)C2)n1)N1Cc2ccccc2C#Cc2ccccc21 0.9999868 -0.4265 0.8595849 92.5900 1.0000000 294.3150 0.1279931 4.0000 0.0049353 4.8436 1.0000000 1.0000 1.0000000 1.0000 [] []
 | 4.8225 12.8148 22.0263 0.2721959 NCC1CCC(N2CCN(c3ccc(N4Cc5ccccc5C#Cc5ccccc54)cc3)CC2)CC1 1 c1cccc2c1C#Cc1c(cccc1)CN2*|C1C(CN)CCC(*)C1 c1cc([*])ccc1N1CCN([*])CC1 C1#Cc2ccccc2N(c2ccc(N3CCN(C4CCCCC4)CC3)cc2)Cc2ccccc21 0.9954464 1.0962 0.0000900 15.2700 1.0000000 162.2360 0.9999319 1.0000 0.3453978 3.2221 1.0000000 1.0000 1.0000000 1.0000 [] []
 | 12.6615 53.2526 -53.2526 0.0000000 CN(C(=O)N1CCN(C2CCC(CN)CC2)CC1)C1CN(C(=O)N2CCN(S(=O)(=O)N3Cc4ccccc4C#Cc4ccccc43)C2)C1=O 1 c1cccc2c1C#Cc1c(cccc1)CN2*|C1C(CN)CCC(*)C1 O=S([*])(N1CCN(C(=O)N2C(=O)C(N(C(=O)N3CCN([*])CC3)C)C2)C1)=O O=C(NC1CN(C(=O)N2CCN(S(=O)(=O)N3Cc4ccccc4C#Cc4ccccc43)C2)C1=O)N1CCN(C2CCCCC2)CC1 0.0000000 0.0000 0.0000000 0.0000 0.0000000 0.0000 0.0000000 0.0000 0.0000000 0.0000 0.0000000 0.0000 0.0000000 0.0000 ['[NX3][CX4][CX3](=O)[NX3][CX3](=O)'] None
 | 18.3971 38.8295 19.5968 0.4564554 NCC1CCC(N2CCN(c3ncn(C4CN(C(=O)N5Cc6ccccc6C#Cc6ccccc65)C4)n3)CC2)CC1 1 c1cccc2c1C#Cc1c(cccc1)CN2*|C1C(CN)CCC(*)C1 n1(C2CN(C(=O)[*])C2)nc(N3CCN([*])CC3)nc1 O=C(N1CC(n2cnc(N3CCN(C4CCCCC4)CC3)n2)C1)N1Cc2ccccc2C#Cc2ccccc21 0.9999995 -1.2992 0.1220641 66.2900 1.0000000 236.2790 0.8720069 3.0000 0.1027049 3.7531 1.0000000 1.0000 1.0000000 1.0000 [] []
 | 6.4010 16.3586 42.4244 0.4592420 NCC1CCC(N2CCN(c3ccc(S(=O)(=O)N4Cc5ccccc5C#Cc5ccccc54)cc3)CC2)CC1 1 c1cccc2c1C#Cc1c(cccc1)CN2*|C1C(CN)CCC(*)C1 O=S(=O)([*])c1ccc(N2CCN([*])CC2)cc1 O=S(=O)(c1ccc(N2CCN(C3CCCCC3)CC2)cc1)N1Cc2ccccc2C#Cc2ccccc21 0.9999121 0.0665 0.0121014 49.4100 1.0000000 226.3010 0.9968477 2.0000 0.2970548 3.2993 1.0000000 1.0000 1.0000000 1.0000 [] []
 | 14.1755 33.2327 13.4613 0.3647966 CN(C(=O)N1Cc2ccccc2C#Cc2ccccc21)c1ncc(S(=O)(=O)N2CCN(C3CCC(CN)CC3)CC2)s1 1 c1cccc2c1C#Cc1c(cccc1)CN2*|C1C(CN)CCC(*)C1 O=S(=O)(c1sc(N(C)C(=O)[*])nc1)N1CCN([*])CC1 O=C(Nc1ncc(S(=O)(=O)N2CCN(C3CCCCC3)CC2)s1)N1Cc2ccccc2C#Cc2ccccc21 0.9999948 -0.6704 0.5928137 82.6100 1.0000000 290.3700 0.1279931 4.0000 0.0977460 3.7722 1.0000000 1.0000 1.0000000 1.0000 [] []
 | 17.2990 39.1330 -16.6567 0.1755965 COc1nc(N2CCC(N3CCN(C(=O)N4Cc5ccccc5C#Cc5ccccc54)CC3)CC2)nc(N2CCN(C3CCC(CN)CC3)CC2)n1 1 c1cccc2c1C#Cc1c(cccc1)CN2*|C1C(CN)CCC(*)C1 O(C)c1nc(N2CCC(N3CCN(C(=O)[*])CC3)CC2)nc(N2CCN([*])CC2)n1 O=C(N1CCN(C2CCN(c3ncnc(N4CCN(C5CCCCC5)CC4)n3)CC2)CC1)N1Cc2ccccc2C#Cc2ccccc21 0.9999983 -0.9674 0.8074242 89.9600 1.0000000 390.4920 0.0031523 5.0000 0.0940921 3.7868 1.0000000 1.0000 1.0000000 1.0000 [] []
 | 27.6298 68.1039 -68.1039 0.0000000 c1c(Cl)c(N2CCN(C([*])=O)CC2)ccc1N1C(=O)N(N(OCOC(C=C)=O)=O)CCN([*])C1 0 c1cccc2c1C#Cc1c(cccc1)CN2*|C1C(CN)CCC(*)C1 c1c(Cl)c(N2CCN(C([*])=O)CC2)ccc1N1C(=O)N(N(OCOC(C=C)=O)=O)CCN([*])C1 -- 0.0000000 0.0000 0.0000000 0.0000 0.0000000 0.0000 0.0000000 0.0000 0.0000000 0.0000 0.0000000 0.0000 0.0000000 0.0000 None None
18:31:45 <INFO> Score: 0.19 Agent NLL: 8.69 Valid:  97% Step: 15
 | Agent Prior Target Score SMILES SMILES_state Warheads Linker Scaffold linker logP linker logP (raw) linker TPSA linker TPSA (raw) linker MW linker MW (raw) linker rotatable bonds linker rotatable bonds (raw) synthetic accessibility synthetic accessibility (raw) avoid cleavable motif (non-cleavable payload) avoid cleavable motif (non-cleavable payload) (raw) labile group alerts labile group alerts (raw) matchting_patterns (avoid cleavable motif (non-cleavable payload)) matchting_patterns (labile group alerts)
 | 4.5778 22.8059 -22.8059 0.0000000 NCC1CCC(N2CCN(c3ccc(N4CCN(S(=O)(=O)N5Cc6ccccc6C#Cc6ccccc65)CC4)cc3)CC2)CC1 1 c1c2c(ccc1)CN(*)c1c(cccc1)C#C2|C(N)C1CCC(*)CC1 O=S(=O)([*])N1CCN(c2ccc(N3CCN([*])CC3)cc2)CC1 O=S(=O)(N1CCN(c2ccc(N3CCN(C4CCCCC4)CC3)cc2)CC1)N1Cc2ccccc2C#Cc2ccccc21 0.9999319 0.0000 0.0000100 0.0000 0.0000000 0.0000 0.9999985 0.0000 0.2019707 3.4774 1.0000000 1.0000 1.0000000 1.0000 [] []
 | 7.4497 25.8959 -25.8959 0.0000000 NCC1CCC(N2CCN(c3ccc(N4CCN(S(=O)(=O)N5Cc6ccccc6C#Cc6ccccc65)CC4)cc3)CC2)CC1 2 c1c2c(ccc1)CN(*)c1c(cccc1)C#C2|C(N)C1CCC(*)CC1 [*]S(=O)(N1CCN(c2ccc(N3CCN([*])CC3)cc2)CC1)=O O=S(=O)(N1CCN(c2ccc(N3CCN(C4CCCCC4)CC3)cc2)CC1)N1Cc2ccccc2C#Cc2ccccc21 0.0000000 0.0000 0.0000000 0.0000 0.0000000 0.0000 0.0000000 0.0000 0.0000000 3.4774 0.0000000 1.0000 0.0000000 1.0000 [] []
 | 11.7503 27.0793 18.6393 0.3571764 NCC1CCC(N2CC(Oc3ccc(NS(=O)(=O)N4Cc5ccccc5C#Cc5ccccc54)cc3)C2)CC1 1 c1c2c(ccc1)CN(*)c1c(cccc1)C#C2|C(N)C1CCC(*)CC1 c1cc(NS(=O)([*])=O)ccc1OC1CN([*])C1 O=S(=O)(Nc1ccc(OC2CN(C3CCCCC3)C2)cc1)N1Cc2ccccc2C#Cc2ccccc21 0.9999380 -0.0245 0.1407629 67.4300 1.0000000 228.2730 0.1279931 4.0000 0.1828095 3.5203 1.0000000 1.0000 1.0000000 1.0000 [] []
 | 4.0876 15.3090 -15.3090 0.0000000 NCC1CCC(N2CCN(c3ccc(S(=O)(=O)N4Cc5ccccc5C#Cc5ccccc54)cc3)CC2)CC1 1 c1c2c(ccc1)CN(*)c1c(cccc1)C#C2|C(N)C1CCC(*)CC1 c1cc(S([*])(=O)=O)ccc1N1CCN([*])CC1 O=S(=O)(c1ccc(N2CCN(C3CCCCC3)CC2)cc1)N1Cc2ccccc2C#Cc2ccccc21 0.9999319 0.0000 0.0000100 0.0000 0.0000000 0.0000 0.9999985 0.0000 0.2970548 3.2993 1.0000000 1.0000 1.0000000 1.0000 [] []
 | 14.7029 22.2908 62.2660 0.6606004 CN1CCN(S(=O)(=O)c2cc(S(=O)(=O)N3Cc4ccccc4C#Cc4ccccc43)ccc2NC2CCC(CN)CC2)CC1 1 c1c2c(ccc1)CN(*)c1c(cccc1)C#C2|C(N)C1CCC(*)CC1 c1(S(=O)(=O)[*])ccc(N[*])c(S(=O)(=O)N2CCN(C)CC2)c1 O=S(=O)(c1cc(S(=O)(=O)N2Cc3ccccc3C#Cc3ccccc32)ccc1NC1CCCCC1)N1CCNCC1 0.9999971 -0.8248 0.9521423 100.7800 1.0000000 319.4080 0.8720069 3.0000 0.1870309 3.5105 1.0000000 1.0000 1.0000000 1.0000 [] []
 | 7.3762 14.4148 39.7423 0.4231021 NCC1CCC(N2CCN(c3ccc(C(=O)N4Cc5ccccc5C#Cc5ccccc54)cn3)CC2)CC1 1 c1c2c(ccc1)CN(*)c1c(cccc1)C#C2|C(N)C1CCC(*)CC1 c1c(C(=O)[*])ccc(N2CCN([*])CC2)n1 O=C(c1ccc(N2CCN(C3CCCCC3)CC2)nc1)N1Cc2ccccc2C#Cc2ccccc21 0.9997815 0.3037 0.0066676 45.2300 1.0000000 191.2340 0.9968477 2.0000 0.2790632 3.3298 1.0000000 1.0000 1.0000000 1.0000 [] []
 | 13.9725 23.1766 59.0644 0.6425071 NCC1CCC(Nc2ncnc(N3CCN(S(=O)(=O)N4Cc5ccccc5C#Cc5ccccc54)CC3)n2)CC1 1 c1c2c(ccc1)CN(*)c1c(cccc1)C#C2|C(N)C1CCC(*)CC1 N1(S(=O)(=O)[*])CCN(c2ncnc(N[*])n2)CC1 O=S(=O)(N1CCN(c2ncnc(NC3CCCCC3)n2)CC1)N1Cc2ccccc2C#Cc2ccccc21 0.9999999 -1.8978 0.9744790 105.3100 1.0000000 244.2800 0.9968477 2.0000 0.1450477 3.6163 1.0000000 1.0000 1.0000000 1.0000 [] []
 | 11.9376 22.8237 38.8667 0.4819565 NCC1CCC(N2CCN(c3cnn(S(=O)(=O)N4Cc5ccccc5C#Cc5ccccc54)c3)CC2)CC1 1 c1c2c(ccc1)CN(*)c1c(cccc1)C#C2|C(N)C1CCC(*)CC1 n1(S(=O)(=O)[*])ncc(N2CCN([*])CC2)c1 O=S(=O)(N1Cc2ccccc2C#Cc2ccccc21)n1cc(N2CCN(C3CCCCC3)CC2)cn1 0.9999996 -1.3328 0.1373176 67.2300 1.0000000 216.2660 0.9968477 2.0000 0.1090450 3.7298 1.0000000 1.0000 1.0000000 1.0000 [] []
 | 7.1805 17.0332 -17.0332 0.0000000 NCC1CCC(N2CCN(c3ccc(S(=O)(=O)N4Cc5ccccc5C#Cc5ccccc54)cn3)CC2)CC1 1 c1c2c(ccc1)CN(*)c1c(cccc1)C#C2|C(N)C1CCC(*)CC1 c1c(S([*])(=O)=O)cnc(N2CCN([*])CC2)c1 O=S(=O)(c1ccc(N2CCN(C3CCCCC3)CC2)nc1)N1Cc2ccccc2C#Cc2ccccc21 0.9999319 0.0000 0.0000100 0.0000 0.0000000 0.0000 0.9999985 0.0000 0.2368830 3.4064 1.0000000 1.0000 1.0000000 1.0000 [] []
 | 3.0068 13.8616 -13.8616 0.0000000 NCC1CCC(N2CCN(c3ccc(S(=O)(=O)N4Cc5ccccc5C#Cc5ccccc54)cc3)CC2)CC1 2 c1c2c(ccc1)CN(*)c1c(cccc1)C#C2|C(N)C1CCC(*)CC1 c1(S(=O)(=O)[*])ccc(N2CCN([*])CC2)cc1 O=S(=O)(c1ccc(N2CCN(C3CCCCC3)CC2)cc1)N1Cc2ccccc2C#Cc2ccccc21 0.0000000 0.0000 0.0000000 0.0000 0.0000000 0.0000 0.0000000 0.0000 0.0000000 3.2993 0.0000000 1.0000 0.0000000 1.0000 [] []
18:31:46 <INFO> Score: 0.22 Agent NLL: 10.02 Valid:  94% Step: 16
 | Agent Prior Target Score SMILES SMILES_state Warheads Linker Scaffold linker logP linker logP (raw) linker TPSA linker TPSA (raw) linker MW linker MW (raw) linker rotatable bonds linker rotatable bonds (raw) synthetic accessibility synthetic accessibility (raw) avoid cleavable motif (non-cleavable payload) avoid cleavable motif (non-cleavable payload) (raw) labile group alerts labile group alerts (raw) matchting_patterns (avoid cleavable motif (non-cleavable payload)) matchting_patterns (labile group alerts)
 | 5.6162 24.4387 21.8477 0.3616125 NCC1CCC(N2CCN(c3ccc(N4CCN(C(=O)N5Cc6ccccc6C#Cc6ccccc65)CC4)cc3)CC2)CC1 1 C1c2ccccc2C#Cc2ccccc2N1*|NCC1CCC(*)CC1 C1CN(c2ccc(N3CCN(C(=O)[*])CC3)cc2)CCN1[*] O=C(N1CCN(c2ccc(N3CCN(C4CCCCC4)CC3)cc2)CC1)N1Cc2ccccc2C#Cc2ccccc21 0.9997132 0.3746 0.0026613 38.8200 1.0000000 274.3680 0.8720069 3.0000 0.2496788 3.3823 1.0000000 1.0000 1.0000000 1.0000 [] []
 | 3.5664 17.1649 -16.7519 0.0032263 NCC1CCC(N2CCN(c3ccc(N4Cc5ccccc5C#Cc5ccccc54)cc3)CC2)CC1 1 C1c2ccccc2C#Cc2ccccc2N1*|NCC1CCC(*)CC1 c1c([*])ccc(N2CCN([*])CC2)c1 C1#Cc2ccccc2N(c2ccc(N3CCN(C4CCCCC4)CC3)cc2)Cc2ccccc21 0.9999319 0.0000 0.0000100 0.0000 0.0000000 0.0000 0.9999985 0.0000 0.3453978 3.2221 1.0000000 1.0000 1.0000000 1.0000 [] []
 | 7.2784 14.1843 -14.1843 0.0000000 NCC1CCC(Nc2ccc(S(=O)(=O)N3Cc4ccccc4C#Cc4ccccc43)cn2)CC1 1 C1c2ccccc2C#Cc2ccccc2N1*|NCC1CCC(*)CC1 O=S(=O)([*])c1ccc(N[*])nc1 O=S(=O)(c1ccc(NC2CCCCC2)nc1)N1Cc2ccccc2C#Cc2ccccc21 0.9999833 -0.3659 0.2689050 73.0500 1.0000000 158.1820 0.9999319 1.0000 0.2439102 3.3931 1.0000000 1.0000 1.0000000 1.0000 [] []
 | 7.2969 24.1817 42.1968 0.5185819 NCC1CCC(Oc2ccc(N3CCN(S(=O)(=O)N4Cc5ccccc5C#Cc5ccccc54)CC3)cc2)CC1 1 C1c2ccccc2C#Cc2ccccc2N1*|NCC1CCC(*)CC1 O=S(=O)([*])N1CCN(c2ccc(O[*])cc2)CC1 O=S(=O)(N1CCN(c2ccc(OC3CCCCC3)cc2)CC1)N1Cc2ccccc2C#Cc2ccccc21 0.9999204 0.0406 0.0597539 60.8500 1.0000000 242.3000 0.9968477 2.0000 0.2281823 3.4234 1.0000000 1.0000 1.0000000 1.0000 [] []
 | 3.5664 17.1649 -17.1649 0.0000000 NCC1CCC(N2CCN(c3ccc(N4Cc5ccccc5C#Cc5ccccc54)cc3)CC2)CC1 2 C1c2ccccc2C#Cc2ccccc2N1*|NCC1CCC(*)CC1 c1c([*])ccc(N2CCN([*])CC2)c1 C1#Cc2ccccc2N(c2ccc(N3CCN(C4CCCCC4)CC3)cc2)Cc2ccccc21 0.0000000 0.0000 0.0000000 0.0000 0.0000000 0.0000 0.0000000 0.0000 0.0000000 3.2221 0.0000000 1.0000 0.0000000 1.0000 [] []
 | 5.5264 16.5206 23.5561 0.3130991 NCC1CCC(N2CCN(c3ccc(N4Cc5ccccc5C#Cc5ccccc54)nc3)CC2)CC1 1 C1c2ccccc2C#Cc2ccccc2N1*|NCC1CCC(*)CC1 n1c([*])ccc(N2CCN([*])CC2)c1 C1#Cc2ccccc2N(c2ccc(N3CCN(C4CCCCC4)CC3)cn2)Cc2ccccc21 0.9995515 0.4912 0.0005751 28.1600 1.0000000 163.2240 0.9999319 1.0000 0.2519686 3.3781 1.0000000 1.0000 1.0000000 1.0000 [] []
 | 20.7117 54.4927 -1.5933 0.4132761 CON=C1N(C(=O)N2CCN(C3CCC(CN)CC3)CC2)CN1c1ccc(N2Cc3ccccc3C#Cc3ccccc32)cc1 1 C1c2ccccc2C#Cc2ccccc2N1*|NCC1CCC(*)CC1 c1cc([*])ccc1N1CN(C(N2CCN([*])CC2)=O)C1=NOC N=C1N(C(=O)N2CCN(C3CCCCC3)CC2)CN1c1ccc(N2Cc3ccccc3C#Cc3ccccc32)cc1 0.9989671 0.7087 0.0562939 60.4100 1.0000000 289.3390 0.9968477 2.0000 0.0866781 3.8182 1.0000000 1.0000 1.0000000 1.0000 [] []
 | 12.2410 32.2917 29.5891 0.4834438 NCC1CCC(N2CCN(C(=O)Oc3ccc4c(c3)CN4C(=O)N3Cc4ccccc4C#Cc4ccccc43)CC2)CC1 1 C1c2ccccc2C#Cc2ccccc2N1*|NCC1CCC(*)CC1 C1N(C([*])=O)c2ccc(OC(N3CCN([*])CC3)=O)cc21 O=C(Oc1ccc2c(c1)CN2C(=O)N1Cc2ccccc2C#Cc2ccccc21)N1CCN(C2CCCCC2)CC1 0.9994001 0.5670 0.0686459 61.8800 1.0000000 261.2810 0.9968477 2.0000 0.1564262 3.5855 1.0000000 1.0000 1.0000000 1.0000 [] []
 | 8.8195 38.1266 29.6130 0.5292152 NCC1CCC(N2CCN(S(=O)(=O)N3CCN(c4ccc(N5Cc6ccccc6C#Cc6ccccc65)cn4)CC3)CC2)CC1 1 C1c2ccccc2C#Cc2ccccc2N1*|NCC1CCC(*)CC1 O=S(=O)(N1CCN(c2ccc([*])cn2)CC1)N1CCN([*])CC1 O=S(=O)(N1CCN(c2ccc(N3Cc4ccccc4C#Cc4ccccc43)cn2)CC1)N1CCN(C2CCCCC2)CC1 0.9999943 -0.6464 0.1659388 68.7800 1.0000000 311.4110 0.8720069 3.0000 0.1688661 3.5537 1.0000000 1.0000 1.0000000 1.0000 [] []
 | 13.6517 41.1051 29.7132 0.5532679 CN(C(=O)N1CCN(C2CCC(CN)CC2)CC1)c1ccc(N2CCN(C(=O)N3Cc4ccccc4C#Cc4ccccc43)CC2)nn1 1 C1c2ccccc2C#Cc2ccccc2N1*|NCC1CCC(*)CC1 c1cc(N2CCN(C([*])=O)CC2)nnc1N(C(=O)N1CCN([*])CC1)C O=C(Nc1ccc(N2CCN(C(=O)N3Cc4ccccc4C#Cc4ccccc43)CC2)nn1)N1CCN(C2CCCCC2)CC1 0.9999966 -0.7836 0.6696509 84.9100 1.0000000 333.3960 0.8720069 3.0000 0.1022176 3.7549 1.0000000 1.0000 1.0000000 1.0000 [] []
18:31:47 <INFO> Score: 0.14 Agent NLL: 6.18 Valid: 100% Step: 17
 | Agent Prior Target Score SMILES SMILES_state Warheads Linker Scaffold linker logP linker logP (raw) linker TPSA linker TPSA (raw) linker MW linker MW (raw) linker rotatable bonds linker rotatable bonds (raw) synthetic accessibility synthetic accessibility (raw) avoid cleavable motif (non-cleavable payload) avoid cleavable motif (non-cleavable payload) (raw) labile group alerts labile group alerts (raw) matchting_patterns (avoid cleavable motif (non-cleavable payload)) matchting_patterns (labile group alerts)
 | 3.7741 13.8663 -13.4533 0.0032263 NCC1CCC(N2CCN(c3ccc(N4Cc5ccccc5C#Cc5ccccc54)cc3)CC2)CC1 1 c1cc2c(cc1)C#Cc1ccccc1N(*)C2|C1(CN)CCC(*)CC1 c1cc([*])ccc1N1CCN([*])CC1 C1#Cc2ccccc2N(c2ccc(N3CCN(C4CCCCC4)CC3)cc2)Cc2ccccc21 0.9999319 0.0000 0.0000100 0.0000 0.0000000 0.0000 0.9999985 0.0000 0.3453978 3.2221 1.0000000 1.0000 1.0000000 1.0000 [] []
 | 5.2983 14.0906 31.8953 0.3592647 NCC1CCC(N2CCN(c3ccc(C(=O)N4Cc5ccccc5C#Cc5ccccc54)cc3)CC2)CC1 1 c1cc2c(cc1)C#Cc1ccccc1N(*)C2|C1(CN)CCC(*)CC1 c1(C([*])=O)ccc(N2CCN([*])CC2)cc1 O=C(c1ccc(N2CCN(C3CCCCC3)CC2)cc1)N1Cc2ccccc2C#Cc2ccccc21 0.9977773 0.9087 0.0010490 32.3400 1.0000000 190.2460 0.9968477 2.0000 0.3432631 3.2254 1.0000000 1.0000 1.0000000 1.0000 [] []
 | 6.0198 15.6860 31.5543 0.3690646 NCC1CCC(N2CCN(c3cnc(N4Cc5ccccc5C#Cc5ccccc54)cn3)CC2)CC1 1 c1cc2c(cc1)C#Cc1ccccc1N(*)C2|C1(CN)CCC(*)CC1 [*]c1ncc(N2CCN([*])CC2)nc1 C1#Cc2ccccc2N(c2cnc(N3CCN(C4CCCCC4)CC3)cn2)Cc2ccccc21 0.9999560 -0.1138 0.0036646 41.0500 1.0000000 164.2120 0.9999319 1.0000 0.2057223 3.4694 1.0000000 1.0000 1.0000000 1.0000 [] []
 | 3.9137 16.0725 -16.0725 0.0000000 NCC1CCC(N2CCN(c3ccc(S(=O)(=O)N4Cc5ccccc5C#Cc5ccccc54)cc3)CC2)CC1 1 c1cc2c(cc1)C#Cc1ccccc1N(*)C2|C1(CN)CCC(*)CC1 c1(S(=O)(=O)[*])ccc(N2CCN([*])CC2)cc1 O=S(=O)(c1ccc(N2CCN(C3CCCCC3)CC2)cc1)N1Cc2ccccc2C#Cc2ccccc21 0.9999319 0.0000 0.0000100 0.0000 0.0000000 0.0000 0.9999985 0.0000 0.2970548 3.2993 1.0000000 1.0000 1.0000000 1.0000 [] []
 | 5.1622 24.5469 -24.1633 0.0029969 NCC1CCC(N2CCN(c3ccc(N4CCN(C(=O)N5Cc6ccccc6C#Cc6ccccc65)CC4)cc3)CC2)CC1 1 c1cc2c(cc1)C#Cc1ccccc1N(*)C2|C1(CN)CCC(*)CC1 c1(N2CCN(C(=O)[*])CC2)ccc(N2CCN([*])CC2)cc1 O=C(N1CCN(c2ccc(N3CCN(C4CCCCC4)CC3)cc2)CC1)N1Cc2ccccc2C#Cc2ccccc21 0.9999319 0.0000 0.0000100 0.0000 0.0000000 0.0000 0.9999985 0.0000 0.2496788 3.3823 1.0000000 1.0000 1.0000000 1.0000 [] []
 | 4.9836 15.5816 -15.5816 0.0000000 NCC1CCC(N2CCN(c3ccc(S(=O)(=O)N4Cc5ccccc5C#Cc5ccccc54)cc3)CC2)CC1 2 c1cc2c(cc1)C#Cc1ccccc1N(*)C2|C1(CN)CCC(*)CC1 O=S([*])(=O)c1ccc(N2CCN([*])CC2)cc1 O=S(=O)(c1ccc(N2CCN(C3CCCCC3)CC2)cc1)N1Cc2ccccc2C#Cc2ccccc21 0.0000000 0.0000 0.0000000 0.0000 0.0000000 0.0000 0.0000000 0.0000 0.0000000 3.2993 0.0000000 1.0000 0.0000000 1.0000 [] []
 | 12.0721 26.2582 -7.7824 0.1443423 NCC1CCC(OCCOc2ccc(N3CCN(C(=O)N4Cc5ccccc5C#Cc5ccccc54)CC3)cc2)CC1 1 c1cc2c(cc1)C#Cc1ccccc1N(*)C2|C1(CN)CCC(*)CC1 c1c(N2CCN(C(=O)[*])CC2)ccc(OCCO[*])c1 O=C(N1CCN(c2ccc(OCCOC3CCCCC3)cc2)CC1)N1Cc2ccccc2C#Cc2ccccc21 0.9997526 0.3361 0.0201504 53.0100 1.0000000 250.2980 0.0031523 5.0000 0.2514961 3.3789 1.0000000 1.0000 1.0000000 1.0000 [] []
 | 12.1626 43.8724 14.2328 0.4539471 CN(C(=O)N1CCN(C2CCC(CN)CC2)CC1)c1ccc(N2CCN(C(=O)N3Cc4ccccc4C#Cc4ccccc43)CC2)cc1 1 c1cc2c(cc1)C#Cc1ccccc1N(*)C2|C1(CN)CCC(*)CC1 C1CN(C([*])=O)CCN1c1ccc(N(C(=O)N2CCN([*])CC2)C)cc1 O=C(Nc1ccc(N2CCN(C(=O)N3Cc4ccccc4C#Cc4ccccc43)CC2)cc1)N1CCN(C2CCCCC2)CC1 0.9996502 0.4264 0.0472710 59.1300 1.0000000 331.4200 0.8720069 3.0000 0.1611423 3.5732 1.0000000 1.0000 1.0000000 1.0000 [] []
 | 4.7166 16.0516 -16.0516 0.0000000 NCC1CCC(N2CCN(c3ccc(NC(=O)N4Cc5ccccc5C#Cc5ccccc54)cc3)CC2)CC1 1 c1cc2c(cc1)C#Cc1ccccc1N(*)C2|C1(CN)CCC(*)CC1 c1cc(NC(=O)[*])ccc1N1CCN([*])CC1 O=C(Nc1ccc(N2CCN(C3CCCCC3)CC2)cc1)N1Cc2ccccc2C#Cc2ccccc21 0.9999319 0.0000 0.0000100 0.0000 0.0000000 0.0000 0.9999985 0.0000 0.3201826 3.2616 1.0000000 1.0000 1.0000000 1.0000 [] []
 | 10.0196 16.6814 -16.1295 0.0043114 NCC1CCC(N2CCC(S(=O)(=O)N3Cc4ccccc4C#Cc4ccccc43)C2)CC1 1 c1cc2c(cc1)C#Cc1ccccc1N(*)C2|C1(CN)CCC(*)CC1 O=S(=O)([*])C1CCN([*])C1 O=S(=O)(C1CCN(C2CCCCC2)C1)N1Cc2ccccc2C#Cc2ccccc21 0.9999987 -1.0403 0.0076261 46.1700 0.0000000 135.1880 0.9999319 1.0000 0.0447924 4.0631 1.0000000 1.0000 1.0000000 1.0000 [] []
18:31:49 <INFO> Score: 0.19 Agent NLL: 10.09 Valid:  81% Step: 18
 | Agent Prior Target Score SMILES SMILES_state Warheads Linker Scaffold linker logP linker logP (raw) linker TPSA linker TPSA (raw) linker MW linker MW (raw) linker rotatable bonds linker rotatable bonds (raw) synthetic accessibility synthetic accessibility (raw) avoid cleavable motif (non-cleavable payload) avoid cleavable motif (non-cleavable payload) (raw) labile group alerts labile group alerts (raw) matchting_patterns (avoid cleavable motif (non-cleavable payload)) matchting_patterns (labile group alerts)
 | 5.3412 18.3639 -18.3639 0.0000000 NCC1CCC(Oc2ccc(N3CCN(C(=O)N4Cc5ccccc5C#Cc5ccccc54)CC3)cc2)CC1 1 c1cc2c(cc1)C#Cc1ccccc1N(*)C2|C1C(CN)CCC(*)C1 c1cc(N2CCN(C([*])=O)CC2)ccc1O[*] O=C(N1CCN(c2ccc(OC3CCCCC3)cc2)CC1)N1Cc2ccccc2C#Cc2ccccc21 0.9991075 0.6706 0.0054186 43.7800 1.0000000 206.2450 0.9968477 2.0000 0.2829516 3.3231 1.0000000 1.0000 1.0000000 1.0000 [] []
 | 11.4057 29.2541 -29.2541 0.0000000 c1c(S(=O)([*])=O)ccc(N1C(=O)N2CCN([*])CC2)c1 0 c1cc2c(cc1)C#Cc1ccccc1N(*)C2|C1C(CN)CCC(*)C1 c1c(S(=O)([*])=O)ccc(N1C(=O)N2CCN([*])CC2)c1 -- 0.0000000 0.0000 0.0000000 0.0000 0.0000000 0.0000 0.0000000 0.0000 0.0000000 0.0000 0.0000000 0.0000 0.0000000 0.0000 None None
 | 5.6044 15.9816 -15.9816 0.0000000 NCC1CCC(N2CCN(c3ccc(S(=O)(=O)N4Cc5ccccc5C#Cc5ccccc54)cc3)CC2)CC1 1 c1cc2c(cc1)C#Cc1ccccc1N(*)C2|C1C(CN)CCC(*)C1 O=S([*])(=O)c1ccc(N2CCN([*])CC2)cc1 O=S(=O)(c1ccc(N2CCN(C3CCCCC3)CC2)cc1)N1Cc2ccccc2C#Cc2ccccc21 0.9999319 0.0000 0.0000100 0.0000 0.0000000 0.0000 0.9999985 0.0000 0.2970548 3.2993 1.0000000 1.0000 1.0000000 1.0000 [] []
 | 9.4939 23.3913 26.8046 0.3921560 CN(c1ccc(N2CCN(C(=O)N3Cc4ccccc4C#Cc4ccccc43)CC2)nc1)C1CCC(CN)CC1 1 c1cc2c(cc1)C#Cc1ccccc1N(*)C2|C1C(CN)CCC(*)C1 c1c(N2CCN(C([*])=O)CC2)ncc(N([*])C)c1 O=C(N1CCN(c2ccc(NC3CCCCC3)cn2)CC1)N1Cc2ccccc2C#Cc2ccccc21 0.9996818 0.4017 0.0105865 48.4700 1.0000000 220.2760 0.8720069 3.0000 0.1788598 3.5295 1.0000000 1.0000 1.0000000 1.0000 [] []
 | 3.6998 11.0411 38.3830 0.3861262 NCC1CCC(N2CCN(S(=O)(=O)N3Cc4ccccc4C#Cc4ccccc43)CC2)CC1 1 c1cc2c(cc1)C#Cc1ccccc1N(*)C2|C1C(CN)CCC(*)C1 O=S(=O)([*])N1CCN([*])CC1 O=S(=O)(N1CCN(C2CCCCC2)CC1)N1Cc2ccccc2C#Cc2ccccc21 0.9999998 -1.5820 0.0121014 49.4100 0.6684421 150.2030 0.9999319 1.0000 0.2066108 3.4675 1.0000000 1.0000 1.0000000 1.0000 [] []
 | 7.3872 16.3654 -16.3654 0.0000000 NCC1CCC(N2CCN(c3ccc(NC(=O)N4Cc5ccccc5C#Cc5ccccc54)cc3)CC2)CC1 1 c1cc2c(cc1)C#Cc1ccccc1N(*)C2|C1C(CN)CCC(*)C1 c1(NC(=O)[*])ccc(N2CCN([*])CC2)cc1 O=C(Nc1ccc(N2CCN(C3CCCCC3)CC2)cc1)N1Cc2ccccc2C#Cc2ccccc21 0.9999319 0.0000 0.0000100 0.0000 0.0000000 0.0000 0.9999985 0.0000 0.3201826 3.2616 1.0000000 1.0000 1.0000000 1.0000 [] []
 | 4.3804 19.1634 39.7203 0.4600285 NCC1CCC(Nc2ccc(N3CCN(C(=O)N4Cc5ccccc5C#Cc5ccccc54)CC3)cc2)CC1 1 c1cc2c(cc1)C#Cc1ccccc1N(*)C2|C1C(CN)CCC(*)C1 c1c(N2CCN(C(=O)[*])CC2)ccc(N[*])c1 O=C(N1CCN(c2ccc(NC3CCCCC3)cc2)CC1)N1Cc2ccccc2C#Cc2ccccc21 0.9994440 0.5472 0.0123798 49.5700 1.0000000 205.2610 0.9968477 2.0000 0.2960541 3.3009 1.0000000 1.0000 1.0000000 1.0000 [] []
 | 14.9362 29.9247 12.7783 0.3336167 NCC1CCC(N2CCN(c3ccc(-n4ccc(C(=O)N5Cc6ccccc6C#Cc6ccccc65)c4)cc3)CC2)CC1 1 c1cc2c(cc1)C#Cc1ccccc1N(*)C2|C1C(CN)CCC(*)C1 c1cc(C(=O)[*])cn1-c1ccc(N2CCN([*])CC2)cc1 O=C(c1ccn(-c2ccc(N3CCN(C4CCCCC4)CC3)cc2)c1)N1Cc2ccccc2C#Cc2ccccc21 0.9557405 1.6994 0.0021303 37.2700 1.0000000 255.3210 0.8720069 3.0000 0.2047660 3.4714 1.0000000 1.0000 1.0000000 1.0000 [] []
 | 9.2622 16.7179 -16.7179 0.0000000 NCC1CCC(N2CCN(c3ncc(C(=O)N4Cc5ccccc5C#Cc5ccccc54)cn3)CC2)CC1 1 c1cc2c(cc1)C#Cc1ccccc1N(*)C2|C1C(CN)CCC(*)C1 c1(C([*])=O)cnc(N2CCN([*])CC2)nc1 O=C(c1cnc(N2CCN(C3CCCCC3)CC2)nc1)N1Cc2ccccc2C#Cc2ccccc21 0.9999785 -0.3013 0.0411392 58.1200 1.0000000 192.2220 0.9968477 2.0000 0.2317674 3.4164 1.0000000 1.0000 1.0000000 1.0000 [] []
 | 3.6998 11.0411 -11.0411 0.0000000 NCC1CCC(N2CCN(S(=O)(=O)N3Cc4ccccc4C#Cc4ccccc43)CC2)CC1 2 c1cc2c(cc1)C#Cc1ccccc1N(*)C2|C1C(CN)CCC(*)C1 O=S(=O)([*])N1CCN([*])CC1 O=S(=O)(N1CCN(C2CCCCC2)CC1)N1Cc2ccccc2C#Cc2ccccc21 0.0000000 -1.5820 0.0000000 49.4100 0.0000000 150.2030 0.0000000 1.0000 0.0000000 3.4675 0.0000000 1.0000 0.0000000 1.0000 [] []
18:31:50 <INFO> Score: 0.18 Agent NLL: 10.04 Valid:  91% Step: 19
 | Agent Prior Target Score SMILES SMILES_state Warheads Linker Scaffold linker logP linker logP (raw) linker TPSA linker TPSA (raw) linker MW linker MW (raw) linker rotatable bonds linker rotatable bonds (raw) synthetic accessibility synthetic accessibility (raw) avoid cleavable motif (non-cleavable payload) avoid cleavable motif (non-cleavable payload) (raw) labile group alerts labile group alerts (raw) matchting_patterns (avoid cleavable motif (non-cleavable payload)) matchting_patterns (labile group alerts)
 | 8.1598 29.2932 -6.0719 0.1814160 NCC1CCC(N2CCN(c3cnc(N4CCN(c5ccc(NC(=O)N6Cc7ccccc7C#Cc7ccccc76)cc5)CC4)cn3)CC2)CC1 1 N1(*)c2c(cccc2)C#Cc2ccccc2C1|C1(*)CCC(CN)CC1 c1(N2CCN(c3ccc(NC([*])=O)cc3)CC2)ncc(N2CCN([*])CC2)nc1 O=C(Nc1ccc(N2CCN(c3cnc(N4CCN(C5CCCCC5)CC4)cn3)CC2)cc1)N1Cc2ccccc2C#Cc2ccccc21 0.9986368 0.7811 0.3810763 76.6300 1.0000000 367.4570 0.0031523 5.0000 0.1583042 3.5805 1.0000000 1.0000 1.0000000 1.0000 [] []
 | 3.6019 17.0328 -17.0328 0.0000000 NCC1CCC(Nc2ccc(N3CCN(C(=O)N4Cc5ccccc5C#Cc5ccccc54)CC3)cc2)CC1 1 N1(*)c2c(cccc2)C#Cc2ccccc2C1|C1(*)CCC(CN)CC1 c1c(N2CCN(C(=O)[*])CC2)ccc(N[*])c1 O=C(N1CCN(c2ccc(NC3CCCCC3)cc2)CC1)N1Cc2ccccc2C#Cc2ccccc21 0.9994440 0.5472 0.0123798 49.5700 1.0000000 205.2610 0.9968477 2.0000 0.2960541 3.3009 1.0000000 1.0000 1.0000000 1.0000 [] []
 | 10.8890 25.2847 40.8498 0.5166759 NCC1CCC(Oc2ccc(NC(=O)N3CCN(c4ccc(C(=O)N5Cc6ccccc6C#Cc6ccccc65)cc4)CC3)cc2)CC1 1 N1(*)c2c(cccc2)C#Cc2ccccc2C1|C1(*)CCC(CN)CC1 c1c(NC(=O)N2CCN(c3ccc(C(=O)[*])cc3)CC2)ccc(O[*])c1 O=C(Nc1ccc(OC2CCCCC2)cc1)N1CCN(c2ccc(C(=O)N3Cc4ccccc4C#Cc4ccccc43)cc2)CC1 0.4438248 2.5588 0.2641225 72.8800 1.0000000 325.3680 0.8720069 3.0000 0.2713799 3.3431 1.0000000 1.0000 1.0000000 1.0000 [] []
 | 7.6787 25.8842 59.9567 0.6706319 NCC1CCC(NC(=O)Nc2ccc(N3CCN(C(=O)N4Cc5ccccc5C#Cc5ccccc54)CC3)cc2)CC1 1 N1(*)c2c(cccc2)C#Cc2ccccc2C1|C1(*)CCC(CN)CC1 c1c(N2CCN(C(=O)[*])CC2)ccc(NC(N[*])=O)c1 O=C(Nc1ccc(N2CCN(C(=O)N3Cc4ccccc4C#Cc4ccccc43)CC2)cc1)NC1CCCCC1 0.9996087 0.4556 0.4522949 78.6700 1.0000000 248.2860 0.8720069 3.0000 0.2900825 3.3109 1.0000000 1.0000 1.0000000 1.0000 [] []
 | 15.2029 38.8091 29.8003 0.5360110 NCC1CCC(N2CCN(C(=O)N3CCCN(c4ccc(N5CCN(C(=O)N6Cc7ccccc7C#Cc7ccccc76)CC5)cc4)C3=O)CC2)CC1 1 N1(*)c2c(cccc2)C#Cc2ccccc2C1|C1(*)CCC(CN)CC1 c1c(N2CCN(C([*])=O)CC2)ccc(N2C(=O)N(C(=O)N3CCN([*])CC3)CCC2)c1 O=C(N1CCN(C2CCCCC2)CC1)N1CCCN(c2ccc(N3CCN(C(=O)N4Cc5ccccc5C#Cc5ccccc54)CC3)cc2)C1=O 0.9992584 0.6223 0.4798634 79.4400 1.0000000 400.4830 0.8720069 3.0000 0.1051138 3.7441 1.0000000 1.0000 1.0000000 1.0000 [] []
 | 7.8722 27.0677 29.6499 0.4431069 NCC1CCC(Nc2ccc(C(=O)N3CCN(c4ccc(NC(=O)N5Cc6ccccc6C#Cc6ccccc65)cc4)CC3)cc2)CC1 1 N1(*)c2c(cccc2)C#Cc2ccccc2C1|C1(*)CCC(CN)CC1 O=C(N1CCN(c2ccc(NC(=O)[*])cc2)CC1)c1ccc(N[*])cc1 O=C(c1ccc(NC2CCCCC2)cc1)N1CCN(c2ccc(NC(=O)N3Cc4ccccc4C#Cc4ccccc43)cc2)CC1 0.9363308 1.7995 0.4522949 78.6700 1.0000000 324.3840 0.1279931 4.0000 0.2812089 3.3261 1.0000000 1.0000 1.0000000 1.0000 [] []
 | 6.5846 22.7971 31.4470 0.4237822 NCC1CCC(N2CCN(c3ccc(N4CCN(C(=O)N5Cc6ccccc6C#Cc6ccccc65)CC4)cn3)CC2)CC1 1 N1(*)c2c(cccc2)C#Cc2ccccc2C1|C1(*)CCC(CN)CC1 c1(N2CCN(C(=O)[*])CC2)ccc(N2CCN([*])CC2)nc1 O=C(N1CCN(c2ccc(N3CCN(C4CCCCC4)CC3)nc2)CC1)N1Cc2ccccc2C#Cc2ccccc21 0.9999719 -0.2304 0.0167699 51.7100 1.0000000 275.3560 0.8720069 3.0000 0.1998514 3.4820 1.0000000 1.0000 1.0000000 1.0000 [] []
 | 15.5771 44.6501 21.7269 0.5185696 NCC1CCC(N2CCN(N(C(=O)N3CCN(C(=O)N4Cc5ccccc5C#Cc5ccccc54)CC3)c3ccc(O)cc3)CC2)CC1 1 N1(*)c2c(cccc2)C#Cc2ccccc2C1|C1(*)CCC(CN)CC1 c1(N(C(N2CCN(C(=O)[*])CC2)=O)N2CCN([*])CC2)ccc(O)cc1 O=C(N1CCN(C(=O)N(c2ccccc2)N2CCN(C3CCCCC3)CC2)CC1)N1Cc2ccccc2C#Cc2ccccc21 0.9999512 -0.0872 0.4769904 79.3600 1.0000000 333.3920 0.8720069 3.0000 0.0910856 3.7993 1.0000000 1.0000 1.0000000 1.0000 [] []
 | 14.5121 41.0120 -2.7739 0.2987345 NCC1CCC(N2CC3N(CC(=O)N3c3ccc(N4CCN(C(=O)N5Cc6ccccc6C#Cc6ccccc65)CC4)cc3)C2)CC1 1 N1(*)c2c(cccc2)C#Cc2ccccc2C1|C1(*)CCC(CN)CC1 c1(N2CCN(C(=O)[*])CC2)ccc(N2C(=O)CN3C2CN([*])C3)cc1 O=C(N1CCN(c2ccc(N3C(=O)CN4CN(C5CCCCC5)CC43)cc2)CC1)N1Cc2ccccc2C#Cc2ccccc21 0.9999900 -0.4996 0.0472710 59.1300 1.0000000 315.3770 0.8720069 3.0000 0.0255561 4.2650 1.0000000 1.0000 1.0000000 1.0000 [] []
 | 9.1922 25.7188 30.1678 0.4366143 NCC1CCC(Nc2ccc(N3CCC(N4CCN(C(=O)N5Cc6ccccc6C#Cc6ccccc65)CC4)CC3)cc2)CC1 1 N1(*)c2c(cccc2)C#Cc2ccccc2C1|C1(*)CCC(CN)CC1 c1c(N2CCC(N3CCN(C(=O)[*])CC3)CC2)ccc(N[*])c1 O=C(N1CCN(C2CCN(c3ccc(NC4CCCCC4)cc3)CC2)CC1)N1Cc2ccccc2C#Cc2ccccc21 0.9967046 1.0116 0.0195899 52.8100 1.0000000 288.3950 0.8720069 3.0000 0.2115341 3.4571 1.0000000 1.0000 1.0000000 1.0000 [] []
18:31:51 <INFO> Score: 0.32 Agent NLL: 8.99 Valid:  97% Step: 20
 | Agent Prior Target Score SMILES SMILES_state Warheads Linker Scaffold linker logP linker logP (raw) linker TPSA linker TPSA (raw) linker MW linker MW (raw) linker rotatable bonds linker rotatable bonds (raw) synthetic accessibility synthetic accessibility (raw) avoid cleavable motif (non-cleavable payload) avoid cleavable motif (non-cleavable payload) (raw) labile group alerts labile group alerts (raw) matchting_patterns (avoid cleavable motif (non-cleavable payload)) matchting_patterns (labile group alerts)
 | 18.2135 29.7837 8.5571 0.2995378 NCC1CCC(N2CCN(C(=O)OCCOc3cccc(N4Cc5ccccc5C#Cc5ccccc54)c3)CC2)CC1 1 C1c2ccccc2C#Cc2c(cccc2)N1*|*C1CCC(CN)CC1 [*]c1cccc(OCCOC(=O)N2CCN([*])CC2)c1 O=C(OCCOc1cccc(N2Cc3ccccc3C#Cc3ccccc32)c1)N1CCN(C2CCCCC2)CC1 0.9952511 1.1072 0.0147418 50.8000 1.0000000 250.2980 0.1279931 4.0000 0.2616444 3.3604 1.0000000 1.0000 1.0000000 1.0000 [] []
 | 7.7402 22.7282 54.9876 0.6071542 NCC1CCC(Nc2ncc(N3CCN(C(=O)N4Cc5ccccc5C#Cc5ccccc54)CC3)cn2)CC1 1 C1c2ccccc2C#Cc2c(cccc2)N1*|*C1CCC(CN)CC1 c1c(N2CCN(C(=O)[*])CC2)cnc(N[*])n1 O=C(N1CCN(c2cnc(NC3CCCCC3)nc2)CC1)N1Cc2ccccc2C#Cc2ccccc21 0.9999946 -0.6628 0.3386784 75.3500 1.0000000 207.2370 0.9968477 2.0000 0.1918042 3.4997 1.0000000 1.0000 1.0000000 1.0000 [] []
 | 5.0215 17.9463 -17.5557 0.0030516 NCC1CCC(N2CCN(c3ccc(N4Cc5ccccc5C#Cc5ccccc54)cn3)CC2)CC1 1 C1c2ccccc2C#Cc2c(cccc2)N1*|*C1CCC(CN)CC1 c1c([*])ccc(N2CCN([*])CC2)n1 C1#Cc2ccccc2N(c2ccc(N3CCN(C4CCCCC4)CC3)nc2)Cc2ccccc21 0.9999319 0.0000 0.0000100 0.0000 0.0000000 0.0000 0.9999985 0.0000 0.2703631 3.3449 1.0000000 1.0000 1.0000000 1.0000 [] []
 | 26.1559 46.4038 6.5824 0.4139547 CN(C(=O)c1ccc(NC(=O)N2CCN(C3CCC(CN)CC3)CC2)cc1)c1nc(C(=O)N2Cc3ccccc3C#Cc3ccccc32)cs1 1 C1c2ccccc2C#Cc2c(cccc2)N1*|*C1CCC(CN)CC1 N1(C(=O)Nc2ccc(C(=O)N(c3scc(C(=O)[*])n3)C)cc2)CCN([*])CC1 O=C(Nc1nc(C(=O)N2Cc3ccccc3C#Cc3ccccc32)cs1)c1ccc(NC(=O)N2CCN(C3CCCCC3)CC2)cc1 0.9603775 1.6693 0.8915687 94.6400 1.0000000 373.4380 0.1279931 4.0000 0.1447456 3.6172 1.0000000 1.0000 1.0000000 1.0000 [] []
 | 4.3790 20.9259 46.8152 0.5292270 NCC1CCC(Nc2ccc(N3CCN(C(=O)N4Cc5ccccc5C#Cc5ccccc54)CC3)cn2)CC1 1 C1c2ccccc2C#Cc2c(cccc2)N1*|*C1CCC(CN)CC1 c1c(N2CCN(C(=O)[*])CC2)ccc(N[*])n1 O=C(N1CCN(c2ccc(NC3CCCCC3)nc2)CC1)N1Cc2ccccc2C#Cc2ccccc21 0.9999454 -0.0578 0.0741784 62.4600 1.0000000 206.2490 0.9968477 2.0000 0.2239461 3.4318 1.0000000 1.0000 1.0000000 1.0000 [] []
 | 8.5149 34.9250 34.4521 0.5420091 NCC1CCC(Nc2ncsc2N2CCN(S(=O)(=O)N3Cc4ccccc4C#Cc4ccccc43)CC2)CC1 1 C1c2ccccc2C#Cc2c(cccc2)N1*|*C1CCC(CN)CC1 O=S(=O)([*])N1CCN(c2scnc2N[*])CC1 O=S(=O)(N1CCN(c2scnc2NC2CCCCC2)CC1)N1Cc2ccccc2C#Cc2ccccc21 0.9999939 -0.6263 0.4830968 79.5300 1.0000000 248.3330 0.9968477 2.0000 0.0974650 3.7733 1.0000000 1.0000 1.0000000 1.0000 [] []
 | 3.5690 16.5718 -16.5718 0.0000000 NCC1CCC(N2CCN(c3ccc(N4Cc5ccccc5C#Cc5ccccc54)cn3)CC2)CC1 2 C1c2ccccc2C#Cc2c(cccc2)N1*|*C1CCC(CN)CC1 [*]c1ccc(N2CCN([*])CC2)nc1 C1#Cc2ccccc2N(c2ccc(N3CCN(C4CCCCC4)CC3)nc2)Cc2ccccc21 0.0000000 0.0000 0.0000000 0.0000 0.0000000 0.0000 0.0000000 0.0000 0.0000000 3.3449 0.0000000 1.0000 0.0000000 1.0000 [] []
 | 9.4288 34.6962 34.4830 0.5404626 NCC1CCC(N2CN(c3ccc(N4CCN(C(=O)N5Cc6ccccc6C#Cc6ccccc65)CC4)cc3)C(=O)C2=O)CC1 1 C1c2ccccc2C#Cc2c(cccc2)N1*|*C1CCC(CN)CC1 c1cc(N2CCN(C(=O)[*])CC2)ccc1N1C(=O)C(=O)N([*])C1 O=C1C(=O)N(C2CCCCC2)CN1c1ccc(N2CCN(C(=O)N3Cc4ccccc4C#Cc4ccccc43)CC2)cc1 0.9999936 -0.6147 0.2663663 72.9600 1.0000000 288.3070 0.8720069 3.0000 0.1462056 3.6131 1.0000000 1.0000 1.0000000 1.0000 [] []
 | 9.9183 22.9071 10.9463 0.2644796 CN(C(=O)c1ccc(N2Cc3ccccc3C#Cc3ccccc32)cc1)C1CCN(C2CCC(CN)CC2)C1 1 C1c2ccccc2C#Cc2c(cccc2)N1*|*C1CCC(CN)CC1 C1CC(N(C(=O)c2ccc([*])cc2)C)CN1[*] O=C(NC1CCN(C2CCCCC2)C1)c1ccc(N2Cc3ccccc3C#Cc3ccccc32)cc1 0.9950036 1.1205 0.0010490 32.3400 1.0000000 204.2730 0.9968477 2.0000 0.0894412 3.8062 1.0000000 1.0000 1.0000000 1.0000 [] []
 | 8.7348 25.8663 17.5137 0.3389061 CN(c1ccc(N2CCN(C(=O)N3Cc4ccccc4C#Cc4ccccc43)CC2)cc1)C1CCC(CN)CC1 1 C1c2ccccc2C#Cc2c(cccc2)N1*|*C1CCC(CN)CC1 c1c(N2CCN(C([*])=O)CC2)ccc(N([*])C)c1 O=C(N1CCN(c2ccc(NC3CCCCC3)cc2)CC1)N1Cc2ccccc2C#Cc2ccccc21 0.9967659 1.0067 0.0016712 35.5800 1.0000000 219.2880 0.8720069 3.0000 0.2375618 3.4051 1.0000000 1.0000 1.0000000 1.0000 [] []
18:31:52 <INFO> Score: 0.27 Agent NLL: 7.75 Valid:  97% Step: 21
 | Agent Prior Target Score SMILES SMILES_state Warheads Linker Scaffold linker logP linker logP (raw) linker TPSA linker TPSA (raw) linker MW linker MW (raw) linker rotatable bonds linker rotatable bonds (raw) synthetic accessibility synthetic accessibility (raw) avoid cleavable motif (non-cleavable payload) avoid cleavable motif (non-cleavable payload) (raw) labile group alerts labile group alerts (raw) matchting_patterns (avoid cleavable motif (non-cleavable payload)) matchting_patterns (labile group alerts)
 | 5.2707 12.6903 57.6302 0.5493794 NCC1CCC(N2CCN(C(=O)c3ccc(NC(=O)N4Cc5ccccc5C#Cc5ccccc54)cc3)CC2)CC1 1 *N1Cc2ccccc2C#Cc2ccccc21|NCC1CCC(*)CC1 O=C(c1ccc(NC(=O)[*])cc1)N1CCN([*])CC1 O=C(c1ccc(NC(=O)N2Cc3ccccc3C#Cc3ccccc32)cc1)N1CCN(C2CCCCC2)CC1 0.9997844 0.3003 0.0647065 61.4400 1.0000000 233.2710 0.8720069 3.0000 0.3188527 3.2637 1.0000000 1.0000 1.0000000 1.0000 [] []
 | 2.9162 18.3597 -18.3597 0.0000000 NCC1CCC(Nc2ccc(N3CCN(C(=O)N4Cc5ccccc5C#Cc5ccccc54)CC3)cc2)CC1 1 *N1Cc2ccccc2C#Cc2ccccc21|NCC1CCC(*)CC1 c1c(N2CCN(C(=O)[*])CC2)ccc(N[*])c1 O=C(N1CCN(c2ccc(NC3CCCCC3)cc2)CC1)N1Cc2ccccc2C#Cc2ccccc21 0.9999319 0.0000 0.0000100 0.0000 0.0000000 0.0000 0.9999985 0.0000 0.2960541 3.3009 1.0000000 1.0000 1.0000000 1.0000 [] []
 | 2.9162 18.3597 -18.3597 0.0000000 NCC1CCC(Nc2ccc(N3CCN(C(=O)N4Cc5ccccc5C#Cc5ccccc54)CC3)cc2)CC1 2 *N1Cc2ccccc2C#Cc2ccccc21|NCC1CCC(*)CC1 c1c(N2CCN(C(=O)[*])CC2)ccc(N[*])c1 O=C(N1CCN(c2ccc(NC3CCCCC3)cc2)CC1)N1Cc2ccccc2C#Cc2ccccc21 0.0000000 0.0000 0.0000000 0.0000 0.0000000 0.0000 0.0000000 0.0000 0.0000000 3.3009 0.0000000 1.0000 0.0000000 1.0000 [] []
 | 2.9162 18.3597 -18.3597 0.0000000 NCC1CCC(Nc2ccc(N3CCN(C(=O)N4Cc5ccccc5C#Cc5ccccc54)CC3)cc2)CC1 2 *N1Cc2ccccc2C#Cc2ccccc21|NCC1CCC(*)CC1 c1c(N2CCN(C(=O)[*])CC2)ccc(N[*])c1 O=C(N1CCN(c2ccc(NC3CCCCC3)cc2)CC1)N1Cc2ccccc2C#Cc2ccccc21 0.0000000 0.0000 0.0000000 0.0000 0.0000000 0.0000 0.0000000 0.0000 0.0000000 3.3009 0.0000000 1.0000 0.0000000 1.0000 [] []
 | 3.8125 18.7588 -18.7588 0.0000000 NCC1CCC(Nc2ccc(N3CCN(C(=O)N4Cc5ccccc5C#Cc5ccccc54)CC3)cc2)CC1 2 *N1Cc2ccccc2C#Cc2ccccc21|NCC1CCC(*)CC1 c1(N2CCN(C(=O)[*])CC2)ccc(N[*])cc1 O=C(N1CCN(c2ccc(NC3CCCCC3)cc2)CC1)N1Cc2ccccc2C#Cc2ccccc21 0.0000000 0.0000 0.0000000 0.0000 0.0000000 0.0000 0.0000000 0.0000 0.0000000 3.3009 0.0000000 1.0000 0.0000000 1.0000 [] []
 | 11.3864 43.4302 34.6723 0.6101761 NCC1CCC(N2C(=O)N(C(=O)N3CCN(c4ccc(NC(=O)N5Cc6ccccc6C#Cc6ccccc65)cc4)CC3)C2=O)CC1 1 *N1Cc2ccccc2C#Cc2ccccc21|NCC1CCC(*)CC1 O=C(N1CCN(c2ccc(NC(=O)[*])cc2)CC1)N1C(=O)N([*])C1=O O=C(N1CCN(c2ccc(NC(=O)N3Cc4ccccc4C#Cc4ccccc43)cc2)CC1)N1C(=O)N(C2CCCCC2)C1=O 0.9991999 0.6421 0.9598706 102.0600 1.0000000 317.3050 0.8720069 3.0000 0.1314548 3.6560 1.0000000 1.0000 1.0000000 1.0000 [] []
 | 16.0300 16.4653 52.6752 0.5401605 Cc1cc(S(=O)(=O)N2Cc3ccccc3C#Cc3ccccc32)ccc1NC1CCC(CN)CC1 1 *N1Cc2ccccc2C#Cc2ccccc21|NCC1CCC(*)CC1 O=S([*])(c1ccc(N[*])c(C)c1)=O O=S(=O)(c1ccc(NC2CCCCC2)cc1)N1Cc2ccccc2C#Cc2ccccc21 0.9994433 0.5475 0.0544129 60.1600 1.0000000 171.2210 0.9999319 1.0000 0.2854421 3.3188 1.0000000 1.0000 1.0000000 1.0000 [] []
 | 8.2379 28.6472 32.5608 0.4781873 CN(C(=O)N1Cc2ccccc2C#Cc2ccccc21)C1CCN(C(=O)Nc2ccc(NC3CCC(CN)CC3)cc2)C1 1 *N1Cc2ccccc2C#Cc2ccccc21|NCC1CCC(*)CC1 c1c(NC(=O)N2CCC(N(C(=O)[*])C)C2)ccc(N[*])c1 O=C(Nc1ccc(NC2CCCCC2)cc1)N1CCC(NC(=O)N2Cc3ccccc3C#Cc3ccccc32)C1 0.9972618 0.9632 0.4522949 78.6700 1.0000000 262.3130 0.8720069 3.0000 0.0656514 3.9226 1.0000000 1.0000 1.0000000 1.0000 [] []
 | 8.0042 24.4588 30.7034 0.4309542 NCC1CCC(Nc2ccc(NC(=O)Nc3ccc(OC(=O)N4Cc5ccccc5C#Cc5ccccc54)cc3)cc2)CC1 1 *N1Cc2ccccc2C#Cc2ccccc21|NCC1CCC(*)CC1 c1c(NC(=O)Nc2ccc(OC(=O)[*])cc2)ccc(N[*])c1 O=C(Nc1ccc(NC2CCCCC2)cc1)Nc1ccc(OC(=O)N2Cc3ccccc3C#Cc3ccccc32)cc1 0.5497245 2.4480 0.8738691 93.4500 1.0000000 271.2760 0.1279931 4.0000 0.3049022 3.2863 1.0000000 1.0000 1.0000000 1.0000 [] []
 | 5.5990 27.6688 51.9415 0.6219553 NCC1CCC(Nc2ccc(N3CCN(S(=O)(=O)N4Cc5ccccc5C#Cc5ccccc54)CC3)cn2)CC1 1 *N1Cc2ccccc2C#Cc2ccccc21|NCC1CCC(*)CC1 O=S(=O)([*])N1CCN(c2ccc(N[*])nc2)CC1 O=S(=O)(N1CCN(c2ccc(NC3CCCCC3)nc2)CC1)N1Cc2ccccc2C#Cc2ccccc21 0.9999951 -0.6878 0.4830968 79.5300 1.0000000 242.3040 0.9968477 2.0000 0.1785498 3.5303 1.0000000 1.0000 1.0000000 1.0000 [] []
18:31:53 <INFO> Score: 0.19 Agent NLL: 7.83 Valid:  97% Step: 22
 | Agent Prior Target Score SMILES SMILES_state Warheads Linker Scaffold linker logP linker logP (raw) linker TPSA linker TPSA (raw) linker MW linker MW (raw) linker rotatable bonds linker rotatable bonds (raw) synthetic accessibility synthetic accessibility (raw) avoid cleavable motif (non-cleavable payload) avoid cleavable motif (non-cleavable payload) (raw) labile group alerts labile group alerts (raw) matchting_patterns (avoid cleavable motif (non-cleavable payload)) matchting_patterns (labile group alerts)
 | 7.8356 20.6660 58.2073 0.6161974 NCC1CCC(Nc2ccc(N3CCN(C(=O)N4Cc5ccccc5C#Cc5ccccc54)CC3)nn2)CC1 1 c1cc2c(cc1)C#Cc1c(cccc1)CN2*|C1(CN)CCC(*)CC1 O=C([*])N1CCN(c2ccc(N[*])nn2)CC1 O=C(N1CCN(c2ccc(NC3CCCCC3)nn2)CC1)N1Cc2ccccc2C#Cc2ccccc21 0.9999946 -0.6628 0.3386784 75.3500 1.0000000 207.2370 0.9968477 2.0000 0.2046964 3.4715 1.0000000 1.0000 1.0000000 1.0000 [] []
 | 12.2975 25.3880 48.2088 0.5749750 NCC1CCC(Nc2ccc(N3CCN(C(=O)C(=O)N4Cc5ccccc5C#Cc5ccccc54)CC3)cc2)CC1 1 c1cc2c(cc1)C#Cc1c(cccc1)CN2*|C1(CN)CCC(*)CC1 c1cc(N2CCN(C(C(=O)[*])=O)CC2)ccc1N[*] O=C(C(=O)N1Cc2ccccc2C#Cc2ccccc21)N1CCN(c2ccc(NC3CCCCC3)cc2)CC1 0.9998935 0.1163 0.1275654 66.6400 1.0000000 233.2710 0.9968477 2.0000 0.2459627 3.3892 1.0000000 1.0000 1.0000000 1.0000 [] []
 | 3.7271 18.9975 -18.9975 0.0000000 NCC1CCC(Nc2ccc(N3CCN(C(=O)N4Cc5ccccc5C#Cc5ccccc54)CC3)cc2)CC1 1 c1cc2c(cc1)C#Cc1c(cccc1)CN2*|C1(CN)CCC(*)CC1 c1cc(N2CCN(C(=O)[*])CC2)ccc1N[*] O=C(N1CCN(c2ccc(NC3CCCCC3)cc2)CC1)N1Cc2ccccc2C#Cc2ccccc21 0.9999319 0.0000 0.0000100 0.0000 0.0000000 0.0000 0.9999985 0.0000 0.2960541 3.3009 1.0000000 1.0000 1.0000000 1.0000 [] []
 | 6.9627 15.6884 -15.6884 0.0000000 NCC1CCC(N2CCN(c3ccc(NC(=O)N4Cc5ccccc5C#Cc5ccccc54)cc3)CC2)CC1 1 c1cc2c(cc1)C#Cc1c(cccc1)CN2*|C1(CN)CCC(*)CC1 c1cc(NC([*])=O)ccc1N1CCN([*])CC1 O=C(Nc1ccc(N2CCN(C3CCCCC3)CC2)cc1)N1Cc2ccccc2C#Cc2ccccc21 0.9991281 0.6645 0.0058960 44.3700 1.0000000 205.2610 0.8720069 3.0000 0.3201826 3.2616 1.0000000 1.0000 1.0000000 1.0000 [] []
 | 3.7271 18.9975 -18.9975 0.0000000 NCC1CCC(Nc2ccc(N3CCN(C(=O)N4Cc5ccccc5C#Cc5ccccc54)CC3)cc2)CC1 2 c1cc2c(cc1)C#Cc1c(cccc1)CN2*|C1(CN)CCC(*)CC1 c1cc(N2CCN(C(=O)[*])CC2)ccc1N[*] O=C(N1CCN(c2ccc(NC3CCCCC3)cc2)CC1)N1Cc2ccccc2C#Cc2ccccc21 0.0000000 0.0000 0.0000000 0.0000 0.0000000 0.0000 0.0000000 0.0000 0.0000000 3.3009 0.0000000 1.0000 0.0000000 1.0000 [] []
 | 5.0515 14.5003 -14.0873 0.0032263 NCC1CCC(N2CCN(c3ccc(N4Cc5ccccc5C#Cc5ccccc54)cc3)CC2)CC1 1 c1cc2c(cc1)C#Cc1c(cccc1)CN2*|C1(CN)CCC(*)CC1 N1(c2ccc([*])cc2)CCN([*])CC1 C1#Cc2ccccc2N(c2ccc(N3CCN(C4CCCCC4)CC3)cc2)Cc2ccccc21 0.9999319 0.0000 0.0000100 0.0000 0.0000000 0.0000 0.9999985 0.0000 0.3453978 3.2221 1.0000000 1.0000 1.0000000 1.0000 [] []
 | 2.9470 11.3545 38.0697 0.3861262 NCC1CCC(N2CCN(S(=O)(=O)N3Cc4ccccc4C#Cc4ccccc43)CC2)CC1 1 c1cc2c(cc1)C#Cc1c(cccc1)CN2*|C1(CN)CCC(*)CC1 O=S(=O)([*])N1CCN([*])CC1 O=S(=O)(N1CCN(C2CCCCC2)CC1)N1Cc2ccccc2C#Cc2ccccc21 0.9999998 -1.5820 0.0121014 49.4100 0.6684421 150.2030 0.9999319 1.0000 0.2066108 3.4675 1.0000000 1.0000 1.0000000 1.0000 [] []
 | 9.1922 29.4096 26.6520 0.4379815 NCC1CCC(Nc2ccc(C(=O)N3CCN(c4ccc(N5Cc6ccccc6C#Cc6ccccc65)cc4)CC3)cc2)CC1 1 c1cc2c(cc1)C#Cc1c(cccc1)CN2*|C1(CN)CCC(*)CC1 O=C(N1CCN(c2ccc([*])cc2)CC1)c1ccc(N[*])cc1 O=C(c1ccc(NC2CCCCC2)cc1)N1CCN(c2ccc(N3Cc4ccccc4C#Cc4ccccc43)cc2)CC1 0.7372179 2.2312 0.0123798 49.5700 1.0000000 281.3590 0.9968477 2.0000 0.3233599 3.2565 1.0000000 1.0000 1.0000000 1.0000 [] []
 | 13.0449 28.2365 -28.2365 0.0000000 NCC1CCC(N2CCN(c3ccc(N4CCN(C(=O)N5Cc6ccccc6C#Cc6ccccc65)C(=O)C4)cc3)CC2)CC1 1 c1cc2c(cc1)C#Cc1c(cccc1)CN2*|C1(CN)CCC(*)CC1 N1(c2ccc(N3CC(=O)N(C(=O)[*])CC3)cc2)CCN([*])CC1 O=C1CN(c2ccc(N3CCN(C4CCCCC4)CC3)cc2)CCN1C(=O)N1Cc2ccccc2C#Cc2ccccc21 0.0000000 0.0000 0.0000000 0.0000 0.0000000 0.0000 0.0000000 0.0000 0.0000000 0.0000 0.0000000 0.0000 0.0000000 0.0000 ['[NX3][CX4][CX3](=O)[NX3][CX3](=O)'] None
 | 6.7776 5.7663 -5.1080 0.0051428 NCC1CCC(N2CCN(C(=O)N3Cc4ccccc4C#Cc4ccccc43)CC2)CC1 1 c1cc2c(cc1)C#Cc1c(cccc1)CN2*|C1(CN)CCC(*)CC1 O=C([*])N1CCN([*])CC1 O=C(N1CCN(C2CCCCC2)CC1)N1Cc2ccccc2C#Cc2ccccc21 0.9999982 -0.9520 0.0010490 32.3400 0.0000000 114.1480 0.9999319 1.0000 0.2623573 3.3592 1.0000000 1.0000 1.0000000 1.0000 [] []
18:31:54 <INFO> Score: 0.28 Agent NLL: 8.67 Valid: 100% Step: 23
 | Agent Prior Target Score SMILES SMILES_state Warheads Linker Scaffold linker logP linker logP (raw) linker TPSA linker TPSA (raw) linker MW linker MW (raw) linker rotatable bonds linker rotatable bonds (raw) synthetic accessibility synthetic accessibility (raw) avoid cleavable motif (non-cleavable payload) avoid cleavable motif (non-cleavable payload) (raw) labile group alerts labile group alerts (raw) matchting_patterns (avoid cleavable motif (non-cleavable payload)) matchting_patterns (labile group alerts)
 | 15.8698 33.6356 -8.0032 0.2002530 COc1cc(NC2CCC(CN)CC2)ccc1NC(=O)Nc1ccc(N2CCN(C(=O)N3Cc4ccccc4C#Cc4ccccc43)CC2)cc1 1 c1ccc2c(c1)CN(*)c1ccccc1C#C2|*C1CCC(CN)CC1 N(c1ccc(NC(=O)Nc2ccc(N3CCN(C(=O)[*])CC3)cc2)c(OC)c1)[*] O=C(Nc1ccc(NC2CCCCC2)cc1)Nc1ccc(N2CCN(C(=O)N3Cc4ccccc4C#Cc4ccccc43)CC2)cc1 0.7598870 2.1998 0.9462497 99.9300 1.0000000 369.4250 0.0031523 5.0000 0.2039056 3.4732 1.0000000 1.0000 1.0000000 1.0000 [] []
 | 6.0593 12.0409 60.5552 0.5671570 NCC1CCC(Nc2ncc(S(=O)(=O)N3Cc4ccccc4C#Cc4ccccc43)s2)CC1 1 c1ccc2c(c1)CN(*)c1ccccc1C#C2|*C1CCC(CN)CC1 c1(S(=O)(=O)[*])cnc(N[*])s1 O=S(=O)(c1cnc(NC2CCCCC2)s1)N1Cc2ccccc2C#Cc2ccccc21 0.9999788 -0.3044 0.2689050 73.0500 1.0000000 164.2110 0.9999319 1.0000 0.1590489 3.5786 1.0000000 1.0000 1.0000000 1.0000 [] []
 | 6.2524 14.2938 -14.2938 0.0000000 NCC1CCC(N2CCN(c3ccc(NC(=O)N4Cc5ccccc5C#Cc5ccccc54)cc3)CC2)CC1 1 c1ccc2c(c1)CN(*)c1ccccc1C#C2|*C1CCC(CN)CC1 c1cc(NC([*])=O)ccc1N1CCN([*])CC1 O=C(Nc1ccc(N2CCN(C3CCCCC3)CC2)cc1)N1Cc2ccccc2C#Cc2ccccc21 0.9991281 0.6645 0.0058960 44.3700 1.0000000 205.2610 0.8720069 3.0000 0.3201826 3.2616 1.0000000 1.0000 1.0000000 1.0000 [] []
 | 12.2830 11.6305 69.4867 0.6337280 NCC1CCC(Nc2ccc(S(=O)(=O)N3Cc4ccccc4C#Cc4ccccc43)nn2)CC1 1 c1ccc2c(c1)CN(*)c1ccccc1C#C2|*C1CCC(CN)CC1 [*]S(=O)(=O)c1nnc(N[*])cc1 O=S(=O)(c1ccc(NC2CCCCC2)nn1)N1Cc2ccccc2C#Cc2ccccc21 0.9999983 -0.9709 0.7015804 85.9400 1.0000000 159.1700 0.9999319 1.0000 0.1604580 3.5749 1.0000000 1.0000 1.0000000 1.0000 [] []
 | 14.1810 28.4796 25.5144 0.4218282 NCC1CCC(Nc2ccc(N3CCN(C(=O)N4Cc5ccccc5C#Cc5ccccc54)CC3O)cc2)CC1 1 c1ccc2c(c1)CN(*)c1ccccc1C#C2|*C1CCC(CN)CC1 c1c(N2CCN(C(=O)[*])CC2O)ccc(N[*])c1 O=C(N1CCN(c2ccc(NC3CCCCC3)cc2)CC1)N1Cc2ccccc2C#Cc2ccccc21 0.9999593 -0.1344 0.1872624 69.8000 1.0000000 221.2600 0.9968477 2.0000 0.0519544 4.0090 1.0000000 1.0000 1.0000000 1.0000 [] []
 | 3.4724 9.1802 40.2440 0.3861262 NCC1CCC(N2CCN(S(=O)(=O)N3Cc4ccccc4C#Cc4ccccc43)CC2)CC1 1 c1ccc2c(c1)CN(*)c1ccccc1C#C2|*C1CCC(CN)CC1 O=S(=O)([*])N1CCN([*])CC1 O=S(=O)(N1CCN(C2CCCCC2)CC1)N1Cc2ccccc2C#Cc2ccccc21 0.9999998 -1.5820 0.0121014 49.4100 0.6684421 150.2030 0.9999319 1.0000 0.2066108 3.4675 1.0000000 1.0000 1.0000000 1.0000 [] []
 | 3.4724 9.1802 -9.1802 0.0000000 NCC1CCC(N2CCN(S(=O)(=O)N3Cc4ccccc4C#Cc4ccccc43)CC2)CC1 2 c1ccc2c(c1)CN(*)c1ccccc1C#C2|*C1CCC(CN)CC1 O=S(=O)([*])N1CCN([*])CC1 O=S(=O)(N1CCN(C2CCCCC2)CC1)N1Cc2ccccc2C#Cc2ccccc21 0.0000000 -1.5820 0.0000000 49.4100 0.0000000 150.2030 0.0000000 1.0000 0.0000000 3.4675 0.0000000 1.0000 0.0000000 1.0000 [] []
 | 5.4474 8.0969 -7.1102 0.0077082 NCC1CCC(Nc2ccc(C(=O)N3Cc4ccccc4C#Cc4ccccc43)cn2)CC1 1 c1ccc2c(c1)CN(*)c1ccccc1C#C2|*C1CCC(CN)CC1 c1(C(=O)[*])ccc(N[*])nc1 O=C(c1ccc(NC2CCCCC2)nc1)N1Cc2ccccc2C#Cc2ccccc21 0.9995764 0.4763 0.0305680 55.9800 0.0000000 122.1270 0.9999319 1.0000 0.2885216 3.3136 1.0000000 1.0000 1.0000000 1.0000 [] []
 | 11.4091 23.4884 64.7593 0.6894355 NCC1CCC(Nc2ccc(NC(=O)N3CCN(C(=O)N4Cc5ccccc5C#Cc5ccccc54)CC3)cn2)CC1 1 c1ccc2c(c1)CN(*)c1ccccc1C#C2|*C1CCC(CN)CC1 c1cc(NC(N2CCN(C(=O)[*])CC2)=O)cnc1N[*] O=C(Nc1ccc(NC2CCCCC2)nc1)N1CCN(C(=O)N2Cc3ccccc3C#Cc3ccccc32)CC1 0.9999394 -0.0303 0.8407230 91.5600 1.0000000 249.2740 0.9968477 2.0000 0.2129639 3.4542 1.0000000 1.0000 1.0000000 1.0000 [] []
 | 3.8881 16.9084 -16.9084 0.0000000 NCC1CCC(Nc2ccc(N3CCN(C(=O)N4Cc5ccccc5C#Cc5ccccc54)CC3)cc2)CC1 1 c1ccc2c(c1)CN(*)c1ccccc1C#C2|*C1CCC(CN)CC1 c1cc(N2CCN(C(=O)[*])CC2)ccc1N[*] O=C(N1CCN(c2ccc(NC3CCCCC3)cc2)CC1)N1Cc2ccccc2C#Cc2ccccc21 0.9999319 0.0000 0.0000100 0.0000 0.0000000 0.0000 0.9999985 0.0000 0.2960541 3.3009 1.0000000 1.0000 1.0000000 1.0000 [] []
18:31:55 <INFO> Score: 0.18 Agent NLL: 7.57 Valid:  97% Step: 24
 | Agent Prior Target Score SMILES SMILES_state Warheads Linker Scaffold linker logP linker logP (raw) linker TPSA linker TPSA (raw) linker MW linker MW (raw) linker rotatable bonds linker rotatable bonds (raw) synthetic accessibility synthetic accessibility (raw) avoid cleavable motif (non-cleavable payload) avoid cleavable motif (non-cleavable payload) (raw) labile group alerts labile group alerts (raw) matchting_patterns (avoid cleavable motif (non-cleavable payload)) matchting_patterns (labile group alerts)
 | 6.6866 21.2776 -21.2776 0.0000000 NCC1CCC(N2CCN(S(=O)(=O)N3CCN(C(=O)N4Cc5ccccc5C#Cc5ccccc54)CC3)CC2)CC1 1 c1cc2c(cc1)N(*)Cc1c(cccc1)C#C2|C1(CN)CCC(*)CC1 O=S(=O)(N1CCN(C(=O)[*])CC1)N1CCN([*])CC1 O=C(N1CCN(S(=O)(=O)N2CCN(C3CCCCC3)CC2)CC1)N1Cc2ccccc2C#Cc2ccccc21 1.0000000 -2.0896 0.2663663 72.9600 1.0000000 262.3350 0.8720069 3.0000 0.1820068 3.5221 1.0000000 1.0000 1.0000000 1.0000 [] []
 | 4.6327 17.5710 -17.5710 0.0000000 NCC1CCC(Nc2ccc(N3CCN(C(=O)N4Cc5ccccc5C#Cc5ccccc54)CC3)cc2)CC1 1 c1cc2c(cc1)N(*)Cc1c(cccc1)C#C2|C1(CN)CCC(*)CC1 c1cc(N2CCN(C([*])=O)CC2)ccc1N[*] O=C(N1CCN(c2ccc(NC3CCCCC3)cc2)CC1)N1Cc2ccccc2C#Cc2ccccc21 0.9994440 0.5472 0.0123798 49.5700 1.0000000 205.2610 0.9968477 2.0000 0.2960541 3.3009 1.0000000 1.0000 1.0000000 1.0000 [] []
 | 5.2295 10.6948 -9.9608 0.0057346 NCC1CCC(Nc2ccc(N3Cc4ccccc4C#Cc4ccccc43)nc2)CC1 1 c1cc2c(cc1)N(*)Cc1c(cccc1)C#C2|C1(CN)CCC(*)CC1 [*]c1ccc(N[*])cn1 C1#Cc2ccccc2N(c2ccc(NC3CCCCC3)cn2)Cc2ccccc21 0.9991305 0.6638 0.0026959 38.9100 0.0000000 94.1170 0.9999985 0.0000 0.2645175 3.3553 1.0000000 1.0000 1.0000000 1.0000 [] []
 | 5.5522 20.7239 -20.7239 0.0000000 NCC1CCC(Nc2ccc(N3CCN(S(=O)(=O)N4Cc5ccccc5C#Cc5ccccc54)CC3)nn2)CC1 1 c1cc2c(cc1)N(*)Cc1c(cccc1)C#C2|C1(CN)CCC(*)CC1 O=S(=O)([*])N1CCN(c2ccc(N[*])nn2)CC1 O=S(=O)(N1CCN(c2ccc(NC3CCCCC3)nn2)CC1)N1Cc2ccccc2C#Cc2ccccc21 0.9999995 -1.2928 0.8566059 92.4200 1.0000000 243.2920 0.9968477 2.0000 0.1626518 3.5693 1.0000000 1.0000 1.0000000 1.0000 [] []
 | 7.1613 17.2494 62.5119 0.6231354 NCC1CCC(Nc2ccc(NS(=O)(=O)N3Cc4ccccc4C#Cc4ccccc43)cc2)CC1 1 c1cc2c(cc1)N(*)Cc1c(cccc1)C#C2|C1(CN)CCC(*)CC1 c1cc(NS(=O)([*])=O)ccc1N[*] O=S(=O)(Nc1ccc(NC2CCCCC2)cc1)N1Cc2ccccc2C#Cc2ccccc21 0.9998492 0.2071 0.2452795 72.1900 1.0000000 172.2090 0.9968477 2.0000 0.2527153 3.3767 1.0000000 1.0000 1.0000000 1.0000 [] []
 | 4.6300 8.4160 -7.9943 0.0032951 NCC1CCC(Nc2ccc(C(=O)N3Cc4ccccc4C#Cc4ccccc43)cc2)CC1 1 c1cc2c(cc1)N(*)Cc1c(cccc1)C#C2|C1(CN)CCC(*)CC1 c1(C(=O)[*])ccc(N[*])cc1 O=C(c1ccc(NC2CCCCC2)cc1)N1Cc2ccccc2C#Cc2ccccc21 0.9999319 0.0000 0.0000100 0.0000 0.0000000 0.0000 0.9999985 0.0000 0.3790095 3.1715 1.0000000 1.0000 1.0000000 1.0000 [] []
 | 8.2355 12.2330 33.7529 0.3592647 NCC1CCC(N2CCN(c3ccc(C(=O)N4Cc5ccccc5C#Cc5ccccc54)cc3)CC2)CC1 1 c1cc2c(cc1)N(*)Cc1c(cccc1)C#C2|C1(CN)CCC(*)CC1 N1(c2ccc(C([*])=O)cc2)CCN([*])CC1 O=C(c1ccc(N2CCN(C3CCCCC3)CC2)cc1)N1Cc2ccccc2C#Cc2ccccc21 0.9977773 0.9087 0.0010490 32.3400 1.0000000 190.2460 0.9968477 2.0000 0.3432631 3.2254 1.0000000 1.0000 1.0000000 1.0000 [] []
 | 4.5534 11.5161 -10.4954 0.0079745 NCC1CCC(Nc2ccc(NC(=O)N3Cc4ccccc4C#Cc4ccccc43)cc2)CC1 1 c1cc2c(cc1)N(*)Cc1c(cccc1)C#C2|C1(CN)CCC(*)CC1 c1c(NC(=O)[*])ccc(N[*])c1 O=C(Nc1ccc(NC2CCCCC2)cc1)N1Cc2ccccc2C#Cc2ccccc21 0.9983104 0.8371 0.0271060 55.1200 0.0000000 136.1540 0.9968477 2.0000 0.3572138 3.2041 1.0000000 1.0000 1.0000000 1.0000 [] []
 | 6.4191 17.6840 -17.6840 0.0000000 NCC1CCC(Nc2ccc(N3CCN(C(=O)N4Cc5ccccc5C#Cc5ccccc54)CC3)nn2)CC1 1 c1cc2c(cc1)N(*)Cc1c(cccc1)C#C2|C1(CN)CCC(*)CC1 c1(N2CCN(C(=O)[*])CC2)ccc(N[*])nn1 O=C(N1CCN(c2ccc(NC3CCCCC3)nn2)CC1)N1Cc2ccccc2C#Cc2ccccc21 0.9999946 -0.6628 0.3386784 75.3500 1.0000000 207.2370 0.9968477 2.0000 0.2046964 3.4715 1.0000000 1.0000 1.0000000 1.0000 [] []
 | 4.8871 18.6593 -18.6593 0.0000000 NCC1CCC(Nc2ccc(N3CCN(C(=O)N4Cc5ccccc5C#Cc5ccccc54)CC3)cn2)CC1 1 c1cc2c(cc1)N(*)Cc1c(cccc1)C#C2|C1(CN)CCC(*)CC1 c1c(N2CCN(C(=O)[*])CC2)ccc(N[*])n1 O=C(N1CCN(c2ccc(NC3CCCCC3)nc2)CC1)N1Cc2ccccc2C#Cc2ccccc21 0.9999454 -0.0578 0.0741784 62.4600 1.0000000 206.2490 0.9968477 2.0000 0.2239461 3.4318 1.0000000 1.0000 1.0000000 1.0000 [] []
18:31:56 <INFO> Score: 0.32 Agent NLL: 9.30 Valid: 100% Step: 25
 | Agent Prior Target Score SMILES SMILES_state Warheads Linker Scaffold linker logP linker logP (raw) linker TPSA linker TPSA (raw) linker MW linker MW (raw) linker rotatable bonds linker rotatable bonds (raw) synthetic accessibility synthetic accessibility (raw) avoid cleavable motif (non-cleavable payload) avoid cleavable motif (non-cleavable payload) (raw) labile group alerts labile group alerts (raw) matchting_patterns (avoid cleavable motif (non-cleavable payload)) matchting_patterns (labile group alerts)
 | 6.6157 17.8495 33.6808 0.4025805 NCC1CCC(N2CCN(c3ccc(NC(=O)N4Cc5ccccc5C#Cc5ccccc54)cc3Cl)CC2)CC1 1 c1ccc2c(c1)C#Cc1ccccc1N(*)C2|C1CC(*)CCC1CN c1(Cl)cc(NC([*])=O)ccc1N1CCN([*])CC1 O=C(Nc1ccc(N2CCN(C3CCCCC3)CC2)cc1)N1Cc2ccccc2C#Cc2ccccc21 0.9894024 1.3179 0.0058960 44.3700 1.0000000 239.7060 0.8720069 3.0000 0.2717894 3.3424 1.0000000 1.0000 1.0000000 1.0000 [] []
 | 12.9504 33.4337 42.9419 0.5966843 NCC1CCC(N2CCN(C(=O)Nc3ccc(NC(=O)N4Cc5ccccc5C#Cc5ccccc54)cc3)C2)CC1 1 c1ccc2c(c1)C#Cc1ccccc1N(*)C2|C1CC(*)CCC1CN C1N(C(=O)Nc2ccc(NC(=O)[*])cc2)CCN1[*] O=C(Nc1ccc(NC(=O)N2Cc3ccccc3C#Cc3ccccc32)cc1)N1CCN(C2CCCCC2)C1 0.9991769 0.6495 0.2809524 73.4700 1.0000000 234.2590 0.8720069 3.0000 0.2202165 3.4393 1.0000000 1.0000 1.0000000 1.0000 [] []
 | 4.4887 10.0872 -9.6679 0.0032756 NCC1CCC(Nc2ccc(N3Cc4ccccc4C#Cc4ccccc43)cc2)CC1 1 c1ccc2c(c1)C#Cc1ccccc1N(*)C2|C1CC(*)CCC1CN [*]c1ccc(N[*])cc1 C1#Cc2ccccc2N(c2ccc(NC3CCCCC3)cc2)Cc2ccccc21 0.9999319 0.0000 0.0000100 0.0000 0.0000000 0.0000 0.9999985 0.0000 0.3692226 3.1861 1.0000000 1.0000 1.0000000 1.0000 [] []
 | 8.6164 10.7674 -10.7674 0.0000000 NCC1CCC(Nc2ccc(N3Cc4ccccc4C#Cc4ccccc43)cc2)CC1 2 c1ccc2c(c1)C#Cc1ccccc1N(*)C2|C1CC(*)CCC1CN c1([*])ccc(N[*])cc1 C1#Cc2ccccc2N(c2ccc(NC3CCCCC3)cc2)Cc2ccccc21 0.0000000 0.0000 0.0000000 0.0000 0.0000000 0.0000 0.0000000 0.0000 0.0000000 3.1861 0.0000000 1.0000 0.0000000 1.0000 [] []
 | 3.9751 13.1535 -12.4182 0.0057448 NCC1CCC(Nc2ccc(N3Cc4ccccc4C#Cc4ccccc43)cn2)CC1 1 c1ccc2c(c1)C#Cc1ccccc1N(*)C2|C1CC(*)CCC1CN [*]c1ccc(N[*])nc1 C1#Cc2ccccc2N(c2ccc(NC3CCCCC3)nc2)Cc2ccccc21 0.9991305 0.6638 0.0026959 38.9100 0.0000000 94.1170 0.9999985 0.0000 0.2665781 3.3516 1.0000000 1.0000 1.0000000 1.0000 [] []
 | 6.9600 31.2481 55.1760 0.6751879 NCC1CCC(NC(=O)N2CCN(c3ccc(NC(=O)N4Cc5ccccc5C#Cc5ccccc54)cc3)CC2)CC1 1 c1ccc2c(c1)C#Cc1ccccc1N(*)C2|C1CC(*)CCC1CN O=C(N1CCN(c2ccc(NC([*])=O)cc2)CC1)N[*] O=C(NC1CCCCC1)N1CCN(c2ccc(NC(=O)N3Cc4ccccc4C#Cc4ccccc43)cc2)CC1 0.9996087 0.4556 0.4522949 78.6700 1.0000000 248.2860 0.8720069 3.0000 0.2988544 3.2963 1.0000000 1.0000 1.0000000 1.0000 [] []
 | 11.5638 36.6515 -12.2460 0.1906676 NCC1CCC(N(C(=O)Nc2ccc(N3CCC(N4Cc5ccccc5C#Cc5ccccc54)C3)cc2)C2CCC2)CC1 1 c1ccc2c(c1)C#Cc1ccccc1N(*)C2|C1CC(*)CCC1CN C1CC(N(C(=O)Nc2ccc(N3CCC([*])C3)cc2)[*])C1 O=C(Nc1ccc(N2CCC(N3Cc4ccccc4C#Cc4ccccc43)C2)cc1)N(C1CCCCC1)C1CCC1 0.1457433 2.9608 0.0058960 44.3700 1.0000000 259.3530 0.8720069 3.0000 0.0688468 3.9049 1.0000000 1.0000 1.0000000 1.0000 [] []
 | 5.3882 11.9211 -10.9344 0.0077082 NCC1CCC(Nc2ccc(C(=O)N3Cc4ccccc4C#Cc4ccccc43)cn2)CC1 1 c1ccc2c(c1)C#Cc1ccccc1N(*)C2|C1CC(*)CCC1CN c1(C([*])=O)ccc(N[*])nc1 O=C(c1ccc(NC2CCCCC2)nc1)N1Cc2ccccc2C#Cc2ccccc21 0.9995764 0.4763 0.0305680 55.9800 0.0000000 122.1270 0.9999319 1.0000 0.2885216 3.3136 1.0000000 1.0000 1.0000000 1.0000 [] []
 | 4.5561 16.7255 -16.7255 0.0000000 NCC1CCC(N2CCN(c3ccc(NC(=O)N4Cc5ccccc5C#Cc5ccccc54)cc3)CC2)CC1 1 c1ccc2c(c1)C#Cc1ccccc1N(*)C2|C1CC(*)CCC1CN N1(c2ccc(NC(=O)[*])cc2)CCN([*])CC1 O=C(Nc1ccc(N2CCN(C3CCCCC3)CC2)cc1)N1Cc2ccccc2C#Cc2ccccc21 0.9991281 0.6645 0.0058960 44.3700 1.0000000 205.2610 0.8720069 3.0000 0.3201826 3.2616 1.0000000 1.0000 1.0000000 1.0000 [] []
 | 10.7942 37.1061 19.8274 0.4447926 NCC1CCC(Nc2ncc(N3CCC(N)(C(=O)N4Cc5ccccc5C#Cc5ccccc54)C3)cn2)CC1 1 c1ccc2c(c1)C#Cc1ccccc1N(*)C2|C1CC(*)CCC1CN c1c(N2CCC(N)(C([*])=O)C2)cnc(N[*])n1 O=C(C1CCN(c2cnc(NC3CCCCC3)nc2)C1)N1Cc2ccccc2C#Cc2ccccc21 0.9999973 -0.8347 0.9314460 98.1300 1.0000000 207.2370 0.9968477 2.0000 0.0294137 4.2148 1.0000000 1.0000 1.0000000 1.0000 [] []
18:31:58 <INFO> Score: 0.25 Agent NLL: 9.66 Valid:  94% Step: 26
 | Agent Prior Target Score SMILES SMILES_state Warheads Linker Scaffold linker logP linker logP (raw) linker TPSA linker TPSA (raw) linker MW linker MW (raw) linker rotatable bonds linker rotatable bonds (raw) synthetic accessibility synthetic accessibility (raw) avoid cleavable motif (non-cleavable payload) avoid cleavable motif (non-cleavable payload) (raw) labile group alerts labile group alerts (raw) matchting_patterns (avoid cleavable motif (non-cleavable payload)) matchting_patterns (labile group alerts)
 | 9.5222 10.4748 -9.8439 0.0049288 NCC1CCC(Nc2cccc(N3Cc4ccccc4C#Cc4ccccc43)c2)CC1 1 c1cc2c(cc1)C#Cc1c(cccc1)N(*)C2|C1C(CN)CCC(*)C1 c1c([*])cccc1N[*] C1#Cc2ccccc2N(c2cccc(NC3CCCCC3)c2)Cc2ccccc21 0.9912065 1.2688 0.0004227 26.0200 0.0000000 93.1290 0.9999985 0.0000 0.3458244 3.2215 1.0000000 1.0000 1.0000000 1.0000 [] []
 | 4.2268 11.2524 -10.8631 0.0030418 NCC1CCC(Nc2ccc(N3Cc4ccccc4C#Cc4ccccc43)cn2)CC1 1 c1cc2c(cc1)C#Cc1c(cccc1)N(*)C2|C1C(CN)CCC(*)C1 [*]c1ccc(N[*])nc1 C1#Cc2ccccc2N(c2ccc(NC3CCCCC3)nc2)Cc2ccccc21 0.9999319 0.0000 0.0000100 0.0000 0.0000000 0.0000 0.9999985 0.0000 0.2665781 3.3516 1.0000000 1.0000 1.0000000 1.0000 [] []
 | 15.2531 41.3144 -41.3144 0.0000000 c1c(Cl)c(NC(N(c2ccc([*])cc2)=O)N[*])ccc1 0 c1cc2c(cc1)C#Cc1c(cccc1)N(*)C2|C1C(CN)CCC(*)C1 c1c(Cl)c(NC(N(c2ccc([*])cc2)=O)N[*])ccc1 -- 0.0000000 0.0000 0.0000000 0.0000 0.0000000 0.0000 0.0000000 0.0000 0.0000000 0.0000 0.0000000 0.0000 0.0000000 0.0000 None None
 | 5.4926 13.7493 50.7022 0.5035275 NCC1CCC(Nc2ccc(NC(=O)N3Cc4ccccc4C#Cc4ccccc43)cc2Cl)CC1 1 c1cc2c(cc1)C#Cc1c(cccc1)N(*)C2|C1C(CN)CCC(*)C1 c1(Cl)cc(NC([*])=O)ccc1N[*] O=C(Nc1ccc(NC2CCCCC2)cc1)N1Cc2ccccc2C#Cc2ccccc21 0.9796497 1.4905 0.0271060 55.1200 1.0000000 170.5990 0.9968477 2.0000 0.3037610 3.2882 1.0000000 1.0000 1.0000000 1.0000 [] []
 | 5.5985 30.7009 42.7344 0.5737126 NCC1CCC(Nc2ccc(C(=O)N3CCN(N4Cc5ccccc5C#Cc5ccccc54)CC3)cn2)CC1 1 c1cc2c(cc1)C#Cc1c(cccc1)N(*)C2|C1C(CN)CCC(*)C1 c1(C(=O)N2CCN([*])CC2)ccc(N[*])nc1 O=C(c1ccc(NC2CCCCC2)nc1)N1CCN(N2Cc3ccccc3C#Cc3ccccc32)CC1 0.9999777 -0.2908 0.2211071 71.2500 1.0000000 206.2490 0.9999319 1.0000 0.1844974 3.5163 1.0000000 1.0000 1.0000000 1.0000 [] []
 | 7.5867 25.5316 -25.5316 0.0000000 CN(C(=O)N1Cc2ccccc2C#Cc2ccccc21)C1CCN(c2ccc(NC3CCC(CN)CC3)cc2)CC1 1 c1cc2c(cc1)C#Cc1c(cccc1)N(*)C2|C1C(CN)CCC(*)C1 c1c(N2CCC(N(C([*])=O)C)CC2)ccc(N[*])c1 O=C(NC1CCN(c2ccc(NC3CCCCC3)cc2)CC1)N1Cc2ccccc2C#Cc2ccccc21 0.9890798 1.3258 0.0123798 49.5700 1.0000000 233.3150 0.8720069 3.0000 0.2117837 3.4566 1.0000000 1.0000 1.0000000 1.0000 [] []
 | 8.0803 21.8818 46.3941 0.5334062 CN(C(=O)c1ccc(NC2CCC(CN)CC2)cc1)C(=O)N1Cc2ccccc2C#Cc2ccccc21 1 c1cc2c(cc1)C#Cc1c(cccc1)N(*)C2|C1C(CN)CCC(*)C1 c1c(C(=O)N(C(=O)[*])C)ccc(N[*])c1 O=C(NC(=O)N1Cc2ccccc2C#Cc2ccccc21)c1ccc(NC2CCCCC2)cc1 0.9995410 0.4972 0.0840206 63.4000 1.0000000 178.1910 0.9968477 2.0000 0.2179194 3.4440 1.0000000 1.0000 1.0000000 1.0000 [] []
 | 6.5561 28.3774 27.2024 0.4342166 NCC1CCC(Nc2ccc(NC(=O)Nc3ccc(N4Cc5ccccc5C#Cc5ccccc54)nc3)cc2Cl)CC1 1 c1cc2c(cc1)C#Cc1c(cccc1)N(*)C2|C1C(CN)CCC(*)C1 c1(Cl)cc(NC(=O)Nc2ccc([*])nc2)ccc1N[*] O=C(Nc1ccc(NC2CCCCC2)cc1)Nc1ccc(N2Cc3ccccc3C#Cc3ccccc32)nc1 0.1455522 2.9612 0.5014392 80.0400 1.0000000 262.7000 0.9968477 2.0000 0.2477504 3.3859 1.0000000 1.0000 1.0000000 1.0000 [] []
 | 4.5460 30.4853 -30.4853 0.0000000 NCC1CCC(Nc2ccc(C(=O)N3CCN(N4Cc5ccccc5C#Cc5ccccc54)CC3)cc2)CC1 1 c1cc2c(cc1)C#Cc1c(cccc1)N(*)C2|C1C(CN)CCC(*)C1 c1c(C(=O)N2CCN([*])CC2)ccc(N[*])c1 O=C(c1ccc(NC2CCCCC2)cc1)N1CCN(N2Cc3ccccc3C#Cc3ccccc32)CC1 0.9997725 0.3142 0.0425234 58.3600 1.0000000 205.2610 0.9999319 1.0000 0.2420747 3.3965 1.0000000 1.0000 1.0000000 1.0000 [] []
 | 10.8048 27.7492 29.3550 0.4461272 NCC1CCC(Nc2ccc(-n3cnc(N4Cc5ccccc5C#Cc5ccccc54)n3)c(Cl)c2)CC1 1 c1cc2c(cc1)C#Cc1c(cccc1)N(*)C2|C1C(CN)CCC(*)C1 c1c(Cl)c(-n2nc([*])nc2)ccc1N[*] C1#Cc2ccccc2N(c2ncn(-c3ccc(NC4CCCCC4)cc3)n2)Cc2ccccc21 0.9786790 1.5029 0.0339338 56.7300 1.0000000 194.6250 0.9999319 1.0000 0.1591067 3.5784 1.0000000 1.0000 1.0000000 1.0000 [] []
18:31:59 <INFO> Score: 0.37 Agent NLL: 11.65 Valid: 100% Step: 27
 | Agent Prior Target Score SMILES SMILES_state Warheads Linker Scaffold linker logP linker logP (raw) linker TPSA linker TPSA (raw) linker MW linker MW (raw) linker rotatable bonds linker rotatable bonds (raw) synthetic accessibility synthetic accessibility (raw) avoid cleavable motif (non-cleavable payload) avoid cleavable motif (non-cleavable payload) (raw) labile group alerts labile group alerts (raw) matchting_patterns (avoid cleavable motif (non-cleavable payload)) matchting_patterns (labile group alerts)
 | 11.3008 22.9069 54.9614 0.6083462 NCC1CCC(Nc2cc(Cl)c(NS(=O)(=O)N3Cc4ccccc4C#Cc4ccccc43)cn2)CC1 1 c1cccc2c1N(*)Cc1ccccc1C#C2|C1C(*)CCC(CN)C1 c1c(Cl)c(NS(=O)([*])=O)cnc1N[*] O=S(=O)(Nc1ccc(NC2CCCCC2)nc1)N1Cc2ccccc2C#Cc2ccccc21 0.9998184 0.2555 0.6750402 85.0800 1.0000000 207.6420 0.9968477 2.0000 0.1370603 3.6393 1.0000000 1.0000 1.0000000 1.0000 [] []
 | 13.2368 25.4424 24.7816 0.3923752 CN(c1ccc(Cl)c(C(=O)N2Cc3ccccc3C#Cc3ccccc32)c1)S(=O)(=O)c1cnc(NC2CCC(CN)CC2)s1 1 c1cccc2c1N(*)Cc1ccccc1C#C2|C1C(*)CCC(CN)C1 O=S(=O)(N(c1ccc(Cl)c(C(=O)[*])c1)C)c1cnc(N[*])s1 O=C(c1cccc(NS(=O)(=O)c2cnc(NC3CCCCC3)s2)c1)N1Cc2ccccc2C#Cc2ccccc21 0.8648613 2.0163 0.8724346 93.3600 1.0000000 331.8060 0.1279931 4.0000 0.1283825 3.6655 1.0000000 1.0000 1.0000000 1.0000 [] []
 | 6.0860 21.1387 -21.1387 0.0000000 NCC1CCC(Nc2ccc(NC(=O)Nc3ccc(N4Cc5ccccc5C#Cc5ccccc54)nc3)cc2)CC1 1 c1cccc2c1N(*)Cc1ccccc1C#C2|C1C(*)CCC(CN)C1 c1cc(NC(=O)Nc2ccc([*])nc2)ccc1N[*] O=C(Nc1ccc(NC2CCCCC2)cc1)Nc1ccc(N2Cc3ccccc3C#Cc3ccccc32)nc1 0.6764696 2.3078 0.5014392 80.0400 1.0000000 228.2550 0.9968477 2.0000 0.2921769 3.3074 1.0000000 1.0000 1.0000000 1.0000 [] []
 | 9.8371 29.4737 57.4082 0.6787649 NCC1CCC(NS(=O)(=O)N2CCN(C(=O)c3ccc(N4Cc5ccccc5C#Cc5ccccc54)nc3)CC2)CC1 1 c1cccc2c1N(*)Cc1ccccc1C#C2|C1C(*)CCC(CN)C1 O=S(=O)(N1CCN(C(=O)c2cnc([*])cc2)CC1)N[*] O=C(c1ccc(N2Cc3ccccc3C#Cc3ccccc32)nc1)N1CCN(S(=O)(=O)NC2CCCCC2)CC1 0.9999983 -0.9571 0.9159794 96.6000 1.0000000 270.3140 0.9968477 2.0000 0.1904835 3.5027 1.0000000 1.0000 1.0000000 1.0000 [] []
 | 12.8685 25.4175 13.9229 0.3073473 NCC1CCC(NC(c2ccc(N3Cc4ccccc4C#Cc4ccccc43)nc2)n2cc(Cl)cn2)CC1 1 c1cccc2c1N(*)Cc1ccccc1C#C2|C1C(*)CCC(CN)C1 c1c(Cl)cn(C(c2ccc([*])nc2)N[*])n1 C1#Cc2ccccc2N(c2ccc(C(NC3CCCCC3)n3cccn3)cn2)Cc2ccccc21 0.9833578 1.4371 0.0339338 56.7300 1.0000000 208.6520 0.9968477 2.0000 0.0308160 4.1981 1.0000000 1.0000 1.0000000 1.0000 [] []
 | 19.5906 24.0293 3.6078 0.2159145 NCC1CCC(Nc2nc(-c3cccc(NC(=O)c4ccc(N5Cc6ccccc6C#Cc6ccccc65)cc4)c3)cs2)CC1 1 c1cccc2c1N(*)Cc1ccccc1C#C2|C1C(*)CCC(CN)C1 s1cc(-c2cccc(NC(=O)c3ccc([*])cc3)c2)nc1N[*] O=C(Nc1cccc(-c2csc(NC3CCCCC3)n2)c1)c1ccc(N2Cc3ccccc3C#Cc3ccccc32)cc1 0.0122178 3.6446 0.1511642 68.0100 1.0000000 295.3670 0.8720069 3.0000 0.2803197 3.3276 1.0000000 1.0000 1.0000000 1.0000 [] []
 | 10.6417 26.4403 24.4302 0.3974258 NCC1CCC(Nc2ccc(N3CCC(NC(=O)N4Cc5ccccc5C#Cc5ccccc54)C3)cc2)CC1 1 c1cccc2c1N(*)Cc1ccccc1C#C2|C1C(*)CCC(CN)C1 c1cc(N2CCC(NC([*])=O)C2)ccc1N[*] O=C(NC1CCN(c2ccc(NC3CCCCC3)cc2)C1)N1Cc2ccccc2C#Cc2ccccc21 0.9993359 0.5935 0.0425234 58.3600 1.0000000 205.2610 0.8720069 3.0000 0.0946745 3.7845 1.0000000 1.0000 1.0000000 1.0000 [] []
 | 4.5093 8.2816 41.1425 0.3861262 NCC1CCC(N2CCN(S(=O)(=O)N3Cc4ccccc4C#Cc4ccccc43)CC2)CC1 1 c1cccc2c1N(*)Cc1ccccc1C#C2|C1C(*)CCC(CN)C1 O=S(=O)([*])N1CCN([*])CC1 O=S(=O)(N1CCN(C2CCCCC2)CC1)N1Cc2ccccc2C#Cc2ccccc21 0.9999998 -1.5820 0.0121014 49.4100 0.6684421 150.2030 0.9999319 1.0000 0.2066108 3.4675 1.0000000 1.0000 1.0000000 1.0000 [] []
 | 10.6795 28.5393 5.9439 0.2694003 NCC1CCC(Nc2cc(Cl)cc(NC(=O)Nc3ccc(OC(=O)N4Cc5ccccc5C#Cc5ccccc54)cc3)c2)CC1 1 c1cccc2c1N(*)Cc1ccccc1C#C2|C1C(*)CCC(CN)C1 c1c(Cl)cc(NC(Nc2ccc(OC([*])=O)cc2)=O)cc1N[*] O=C(Nc1ccc(OC(=O)N2Cc3ccccc3C#Cc3ccccc32)cc1)Nc1cccc(NC2CCCCC2)c1 0.0904661 3.1014 0.8738691 93.4500 1.0000000 305.7210 0.1279931 4.0000 0.2344632 3.4111 1.0000000 1.0000 1.0000000 1.0000 [] []
 | 26.2509 45.6338 -2.5670 0.3364593 NCC1CCC(NN(C(=O)C2CCCN2C(=O)c2ccccc2)C2CCC(N3Cc4ccccc4C#Cc4ccccc43)CC2)CC1 1 c1cccc2c1N(*)Cc1ccccc1C#C2|C1C(*)CCC(CN)C1 c1(C(=O)N2CCCC2C(=O)N(C2CCC([*])CC2)N[*])ccccc1 O=C(c1ccccc1)N1CCCC1C(=O)N(NC1CCCCC1)C1CCC(N2Cc3ccccc3C#Cc3ccccc32)CC1 0.6608270 2.3262 0.1275654 66.6400 1.0000000 315.4170 0.8720069 3.0000 0.0397266 4.1067 1.0000000 1.0000 1.0000000 1.0000 [] []
18:32:00 <INFO> Score: 0.41 Agent NLL: 11.36 Valid: 100% Step: 28
 | Agent Prior Target Score SMILES SMILES_state Warheads Linker Scaffold linker logP linker logP (raw) linker TPSA linker TPSA (raw) linker MW linker MW (raw) linker rotatable bonds linker rotatable bonds (raw) synthetic accessibility synthetic accessibility (raw) avoid cleavable motif (non-cleavable payload) avoid cleavable motif (non-cleavable payload) (raw) labile group alerts labile group alerts (raw) matchting_patterns (avoid cleavable motif (non-cleavable payload)) matchting_patterns (labile group alerts)
 | 10.1083 21.8561 39.9756 0.4830607 NCC1CCC(Nc2ncc(C(=O)N3CCC(N4Cc5ccccc5C#Cc5ccccc54)CC3)s2)CC1 1 c1cccc2c1C#Cc1ccccc1CN2*|C1CC(CN)CCC1* N(c1ncc(C(=O)N2CCC([*])CC2)s1)[*] O=C(c1cnc(NC2CCCCC2)s1)N1CCC(N2Cc3ccccc3C#Cc3ccccc32)CC1 0.9879661 1.3514 0.0478577 59.2200 1.0000000 211.2900 0.9999319 1.0000 0.1883286 3.5076 1.0000000 1.0000 1.0000000 1.0000 [] []
 | 16.5468 43.0683 -28.7313 0.1120075 NCC1CCC(N2CCCC2C(=O)Nc2ccc(C=CC(=O)Nc3ccc(N4Cc5ccccc5C#Cc5ccccc54)nc3)s2)CC1 1 c1cccc2c1C#Cc1ccccc1CN2*|C1CC(CN)CCC1* C1(C(=O)Nc2ccc(C=CC(=O)Nc3ccc([*])nc3)s2)N([*])CCC1 O=C(C=Cc1ccc(NC(=O)C2CCCN2C2CCCCC2)s1)Nc1ccc(N2Cc3ccccc3C#Cc3ccccc32)nc1 0.5139078 2.4855 0.6104025 83.1200 1.0000000 342.4240 0.0031523 5.0000 0.0291224 4.2183 1.0000000 1.0000 1.0000000 1.0000 [] []
 | 16.9941 29.7621 45.3638 0.5869207 Cc1nc(NC2CCC(CN)CC2)ccc1C(=O)N(C)c1cnc(N2Cc3ccccc3C#Cc3ccccc32)nc1 1 c1cccc2c1C#Cc1ccccc1CN2*|C1CC(CN)CCC1* c1(C(N(C)c2cnc([*])nc2)=O)ccc(N[*])nc1C O=C(Nc1cnc(N2Cc3ccccc3C#Cc3ccccc32)nc1)c1ccc(NC2CCCCC2)nc1 0.9963431 1.0388 0.6725097 85.0000 1.0000000 243.2700 0.9968477 2.0000 0.1176862 3.6999 1.0000000 1.0000 1.0000000 1.0000 [] []
 | 10.1882 28.0380 41.0376 0.5396532 NCC1CCC(n2ncc(Cl)c2C(=O)Nc2ccc(N3Cc4ccccc4C#Cc4ccccc43)nc2)CC1 1 c1cccc2c1C#Cc1ccccc1CN2*|C1CC(CN)CCC1* n1cc(Cl)c(C(=O)Nc2cnc([*])cc2)n1[*] O=C(Nc1ccc(N2Cc3ccccc3C#Cc3ccccc32)nc1)c1ccnn1C1CCCCC1 0.9539201 1.7104 0.2070672 70.6700 1.0000000 222.6350 0.9968477 2.0000 0.1530986 3.5943 1.0000000 1.0000 1.0000000 1.0000 [] []
 | 12.0913 49.5429 21.6758 0.5563958 NCC1CCC(Nc2ccc(Cl)c(C(=O)Nc3ccc(C(=O)N4CCN(N5Cc6ccccc6C#Cc6ccccc65)CC4)s3)n2)CC1 1 c1cccc2c1C#Cc1ccccc1CN2*|C1CC(CN)CCC1* c1cc(Cl)c(C(=O)Nc2ccc(C(=O)N3CCN([*])CC3)s2)nc1N[*] O=C(Nc1ccc(C(=O)N2CCN(N3Cc4ccccc4C#Cc4ccccc43)CC2)s1)c1cccc(NC2CCCCC2)n1 0.9593276 1.6764 0.9492423 100.3500 1.0000000 365.8460 0.8720069 3.0000 0.0917414 3.7965 1.0000000 1.0000 1.0000000 1.0000 [] []
 | 7.3287 34.1324 38.4109 0.5667446 NCC1CCC(Nc2cnc(C(=O)N3CCN(N4Cc5ccccc5C#Cc5ccccc54)CC3)c(Cl)n2)CC1 1 c1cccc2c1C#Cc1ccccc1CN2*|C1CC(CN)CCC1* c1(Cl)c(C(=O)N2CCN([*])CC2)ncc(N[*])n1 O=C(c1cnc(NC2CCCCC2)cn1)N1CCN(N2Cc3ccccc3C#Cc3ccccc32)CC1 0.9999731 -0.2424 0.6446934 84.1400 1.0000000 241.6820 0.9999319 1.0000 0.1023921 3.7543 1.0000000 1.0000 1.0000000 1.0000 [] []
 | 11.5228 16.3625 -15.1087 0.0097957 NCC1CCC(Nc2cnc(NC(=O)N3Cc4ccccc4C#Cc4ccccc43)cn2)CC1 1 c1cccc2c1C#Cc1ccccc1CN2*|C1CC(CN)CCC1* [*]C(=O)Nc1ncc(N[*])nc1 O=C(Nc1cnc(NC2CCCCC2)cn1)N1Cc2ccccc2C#Cc2ccccc21 0.9999837 -0.3729 0.5323350 80.9000 0.0000000 138.1300 0.9968477 2.0000 0.1989338 3.4840 1.0000000 1.0000 1.0000000 1.0000 [] []
 | 7.3592 31.7469 -31.4154 0.0025895 NCC1CCC(Nc2ncc(C(=O)N3CCN(N4Cc5ccccc5C#Cc5ccccc54)CC3)s2)CC1 1 c1cccc2c1C#Cc1ccccc1CN2*|C1CC(CN)CCC1* c1(C(=O)N2CCN([*])CC2)sc(N[*])nc1 O=C(c1cnc(NC2CCCCC2)s1)N1CCN(N2Cc3ccccc3C#Cc3ccccc32)CC1 0.9999319 0.0000 0.0000100 0.0000 0.0000000 0.0000 0.9999985 0.0000 0.1312772 3.6566 1.0000000 1.0000 1.0000000 1.0000 [] []
 | 15.4581 45.2080 11.8443 0.4457213 CN(C(=O)c1cc(NC2CCC(CN)CC2)ccc1Cl)C1CCN(C(=O)NCN2Cc3ccccc3C#Cc3ccccc32)C1 1 c1cccc2c1C#Cc1ccccc1CN2*|C1CC(CN)CCC1* c1cc(Cl)c(C(=O)N(C2CN(C(=O)NC[*])CC2)C)cc1N[*] O=C(NC1CCN(C(=O)NCN2Cc3ccccc3C#Cc3ccccc32)C1)c1cccc(NC2CCCCC2)c1 0.9850957 1.4079 0.4522949 78.6700 1.0000000 310.7850 0.9968477 2.0000 0.0432438 4.0759 1.0000000 1.0000 1.0000000 1.0000 [] []
 | 18.9754 31.0237 42.6499 0.5755750 NCC1CCC(Nc2cnn(C(=O)N3CCN(C(=O)N4Cc5ccccc5C#Cc5ccccc54)CC3)c2Cl)CC1 1 c1cccc2c1C#Cc1ccccc1CN2*|C1CC(CN)CCC1* Clc1n(C(=O)N2CCN(C(=O)[*])CC2)ncc1N[*] O=C(N1CCN(C(=O)n2cc(NC3CCCCC3)cn2)CC1)N1Cc2ccccc2C#Cc2ccccc21 0.9999601 -0.1392 0.6551705 84.4600 1.0000000 257.6810 0.9999319 1.0000 0.1087214 3.7310 1.0000000 1.0000 1.0000000 1.0000 [] []
18:32:01 <INFO> Score: 0.42 Agent NLL: 11.19 Valid: 100% Step: 29
 | Agent Prior Target Score SMILES SMILES_state Warheads Linker Scaffold linker logP linker logP (raw) linker TPSA linker TPSA (raw) linker MW linker MW (raw) linker rotatable bonds linker rotatable bonds (raw) synthetic accessibility synthetic accessibility (raw) avoid cleavable motif (non-cleavable payload) avoid cleavable motif (non-cleavable payload) (raw) labile group alerts labile group alerts (raw) matchting_patterns (avoid cleavable motif (non-cleavable payload)) matchting_patterns (labile group alerts)
 | 9.7789 19.2179 68.6964 0.6868306 NCC1CCC(Nc2ncnc(-c3ccc(C(=O)N4Cc5ccccc5C#Cc5ccccc54)cc3)n2)CC1 1 N1(*)Cc2c(cccc2)C#Cc2ccccc21|*C1CCC(CN)CC1 c1(-c2ccc(C([*])=O)cc2)ncnc(N[*])n1 O=C(c1ccc(-c2ncnc(NC3CCCCC3)n2)cc1)N1Cc2ccccc2C#Cc2ccccc21 0.9975579 0.9333 0.5629848 81.7600 1.0000000 200.2010 0.9968477 2.0000 0.2565583 3.3696 1.0000000 1.0000 1.0000000 1.0000 [] []
 | 11.5625 22.9967 54.7114 0.6070945 NCC1CCC(Nc2ccc(NC(=O)c3ccc(N4Cc5ccccc5C#Cc5ccccc54)cc3)nc2)CC1 1 N1(*)Cc2c(cccc2)C#Cc2ccccc21|*C1CCC(CN)CC1 c1cc(NC(=O)c2ccc([*])cc2)ncc1N[*] O=C(Nc1ccc(NC2CCCCC2)cn1)c1ccc(N2Cc3ccccc3C#Cc3ccccc32)cc1 0.9038539 1.9161 0.1511642 68.0100 1.0000000 213.2400 0.9968477 2.0000 0.3174967 3.2659 1.0000000 1.0000 1.0000000 1.0000 [] []
 | 4.8993 8.3059 -7.3192 0.0077082 NCC1CCC(Nc2ccc(C(=O)N3Cc4ccccc4C#Cc4ccccc43)cn2)CC1 1 N1(*)Cc2c(cccc2)C#Cc2ccccc21|*C1CCC(CN)CC1 c1(C([*])=O)ccc(N[*])nc1 O=C(c1ccc(NC2CCCCC2)nc1)N1Cc2ccccc2C#Cc2ccccc21 0.9995764 0.4763 0.0305680 55.9800 0.0000000 122.1270 0.9999319 1.0000 0.2885216 3.3136 1.0000000 1.0000 1.0000000 1.0000 [] []
 | 6.7328 12.4867 59.7847 0.5646205 NCC1CCC(N2CCN(C(=O)Nc3ccc(C(=O)N4Cc5ccccc5C#Cc5ccccc54)cc3)CC2)CC1 1 N1(*)Cc2c(cccc2)C#Cc2ccccc21|*C1CCC(CN)CC1 O=C(Nc1ccc(C([*])=O)cc1)N1CCN([*])CC1 O=C(Nc1ccc(C(=O)N2Cc3ccccc3C#Cc3ccccc32)cc1)N1CCN(C2CCCCC2)CC1 0.9975306 0.9362 0.0647065 61.4400 1.0000000 233.2710 0.9968477 2.0000 0.3195679 3.2626 1.0000000 1.0000 1.0000000 1.0000 [] []
 | 8.1999 23.7401 60.3403 0.6568776 NCC1CCC(Nc2nc(C(=O)Nc3cnc(N4Cc5ccccc5C#Cc5ccccc54)nc3)cs2)CC1 1 N1(*)Cc2c(cccc2)C#Cc2ccccc21|*C1CCC(CN)CC1 c1c(C(=O)Nc2cnc([*])nc2)nc(N[*])s1 O=C(Nc1cnc(N2Cc3ccccc3C#Cc3ccccc32)nc1)c1csc(NC2CCCCC2)n1 0.9987055 0.7676 0.8791643 93.7900 1.0000000 221.2450 0.9968477 2.0000 0.1685362 3.5545 1.0000000 1.0000 1.0000000 1.0000 [] []
 | 11.1087 31.2740 41.4430 0.5681019 NCC1CCC(N2CCN(C(=O)c3cc(Cl)cc(NC(=O)c4ccc(N5Cc6ccccc6C#Cc6ccccc65)nc4)c3)CC2)CC1 1 N1(*)Cc2c(cccc2)C#Cc2ccccc21|*C1CCC(CN)CC1 c1c(Cl)cc(NC(=O)c2cnc([*])cc2)cc1C(=O)N1CCN([*])CC1 O=C(Nc1cccc(C(=O)N2CCN(C3CCCCC3)CC2)c1)c1ccc(N2Cc3ccccc3C#Cc3ccccc32)nc1 0.8573350 2.0327 0.3066180 74.3300 1.0000000 344.8020 0.8720069 3.0000 0.1979511 3.4861 1.0000000 1.0000 1.0000000 1.0000 [] []
 | 7.9867 18.8441 -18.8441 0.0000000 NCC1CCC(Nc2ccc(N3CCN(C(=O)N4Cc5ccccc5C#Cc5ccccc54)CC3)nn2)CC1 1 N1(*)Cc2c(cccc2)C#Cc2ccccc21|*C1CCC(CN)CC1 O=C([*])N1CCN(c2ccc(N[*])nn2)CC1 O=C(N1CCN(c2ccc(NC3CCCCC3)nn2)CC1)N1Cc2ccccc2C#Cc2ccccc21 0.9999946 -0.6628 0.3386784 75.3500 1.0000000 207.2370 0.9968477 2.0000 0.2046964 3.4715 1.0000000 1.0000 1.0000000 1.0000 [] []
 | 18.3575 29.0925 49.7382 0.6158648 NCC1CCC(Nc2nccc(Cl)c2C(=O)N2CCN(c3ccc(C(=O)N4Cc5ccccc5C#Cc5ccccc54)cn3)CC2)CC1 1 N1(*)Cc2c(cccc2)C#Cc2ccccc21|*C1CCC(CN)CC1 c1c(Cl)c(C(N2CCN(c3ncc(C(=O)[*])cc3)CC2)=O)c(N[*])nc1 O=C(c1cccnc1NC1CCCCC1)N1CCN(c2ccc(C(=O)N3Cc4ccccc4C#Cc4ccccc43)cn2)CC1 0.9799082 1.4871 0.8566059 92.4200 1.0000000 345.7900 0.8720069 3.0000 0.1478059 3.6087 1.0000000 1.0000 1.0000000 1.0000 [] []
 | 11.8285 22.2214 27.0501 0.3849332 NCC1CCC(Nc2ccc(N3CCCC3C(=O)N3Cc4ccccc4C#Cc4ccccc43)nc2)CC1 1 N1(*)Cc2c(cccc2)C#Cc2ccccc21|*C1CCC(CN)CC1 c1c(N2CCCC2C(=O)[*])ncc(N[*])c1 O=C(C1CCCN1c1ccc(NC2CCCCC2)cn1)N1Cc2ccccc2C#Cc2ccccc21 0.9983463 0.8315 0.0478577 59.2200 1.0000000 191.2340 0.9968477 2.0000 0.0688133 3.9051 1.0000000 1.0000 1.0000000 1.0000 [] []
 | 13.5851 37.2139 12.8436 0.3910742 NCC1CCC(Nc2ncc(C(=O)Nc3ccc(C(=O)N4CCN(C(=O)N5Cc6ccccc6C#Cc6ccccc65)CC4)s3)s2)CC1 1 N1(*)Cc2c(cccc2)C#Cc2ccccc21|*C1CCC(CN)CC1 c1c(C(=O)Nc2ccc(C(=O)N3CCN(C(=O)[*])CC3)s2)sc(N[*])n1 O=C(Nc1ccc(C(=O)N2CCN(C(=O)N3Cc4ccccc4C#Cc4ccccc43)CC2)s1)c1cnc(NC2CCCCC2)s1 0.9973636 0.9533 0.9840181 108.6300 1.0000000 365.4400 0.1279931 4.0000 0.1033041 3.7508 1.0000000 1.0000 1.0000000 1.0000 [] []
18:32:02 <INFO> Score: 0.44 Agent NLL: 10.44 Valid:  91% Step: 30
 | Agent Prior Target Score SMILES SMILES_state Warheads Linker Scaffold linker logP linker logP (raw) linker TPSA linker TPSA (raw) linker MW linker MW (raw) linker rotatable bonds linker rotatable bonds (raw) synthetic accessibility synthetic accessibility (raw) avoid cleavable motif (non-cleavable payload) avoid cleavable motif (non-cleavable payload) (raw) labile group alerts labile group alerts (raw) matchting_patterns (avoid cleavable motif (non-cleavable payload)) matchting_patterns (labile group alerts)
 | 5.1404 13.4501 65.8841 0.6197982 NCC1CCC(Nc2cnc(S(=O)(=O)N3Cc4ccccc4C#Cc4ccccc43)cn2)CC1 1 c1cccc2c1CN(*)c1ccccc1C#C2|C1C(*)CCC(CN)C1 O=S(=O)([*])c1ncc(N[*])nc1 O=S(=O)(c1cnc(NC2CCCCC2)cn1)N1Cc2ccccc2C#Cc2ccccc21 0.9999983 -0.9709 0.7015804 85.9400 1.0000000 159.1700 0.9999319 1.0000 0.1455091 3.6151 1.0000000 1.0000 1.0000000 1.0000 [] []
 | 8.7917 15.6793 1.1003 0.1310906 NCC1CCC(Nc2ncn(S(=O)(=O)N3Cc4ccccc4C#Cc4ccccc43)n2)CC1 1 c1cccc2c1CN(*)c1ccccc1C#C2|C1C(*)CCC(CN)C1 n1(S(=O)(=O)[*])cnc(N[*])n1 O=S(=O)(N1Cc2ccccc2C#Cc2ccccc21)n1cnc(NC2CCCCC2)n1 0.9999999 -1.7652 0.8269722 90.8700 0.0016588 148.1470 0.9999319 1.0000 0.0868585 3.8174 1.0000000 1.0000 1.0000000 1.0000 [] []
 | 5.5041 15.5602 48.8601 0.5032836 NCC1CCC(Nc2cc(Cl)c(S(=O)(=O)N3Cc4ccccc4C#Cc4ccccc43)cc2Cl)CC1 1 c1cccc2c1CN(*)c1ccccc1C#C2|C1C(*)CCC(CN)C1 c1(Cl)cc(S(=O)(=O)[*])c(Cl)cc1N[*] O=S(=O)(c1ccc(NC2CCCCC2)cc1)N1Cc2ccccc2C#Cc2ccccc21 0.9749495 1.5459 0.0544129 60.1600 1.0000000 226.0840 0.9999319 1.0000 0.2143729 3.4512 1.0000000 1.0000 1.0000000 1.0000 [] []
 | 6.5318 8.8885 -7.7340 0.0090192 NCC1CCC(Nc2ncc(C(=O)N3Cc4ccccc4C#Cc4ccccc43)cn2)CC1 1 c1cccc2c1CN(*)c1ccccc1C#C2|C1C(*)CCC(CN)C1 c1(C([*])=O)cnc(N[*])nc1 O=C(c1cnc(NC2CCCCC2)nc1)N1Cc2ccccc2C#Cc2ccccc21 0.9999585 -0.1287 0.1677392 68.8700 0.0000000 123.1150 0.9999319 1.0000 0.2457392 3.3896 1.0000000 1.0000 1.0000000 1.0000 [] []
 | 15.7692 32.3676 43.5560 0.5931526 NCC1CCC(Nc2cnc(S(=O)(=O)NC(=O)c3ccc(N4Cc5ccccc5C#Cc5ccccc54)nc3)c(F)c2)CC1 1 c1cccc2c1CN(*)c1ccccc1C#C2|C1C(*)CCC(CN)C1 Fc1c(S(=O)(=O)NC(c2ccc([*])nc2)=O)ncc(N[*])c1 O=C(NS(=O)(=O)c1ccc(NC2CCCCC2)cn1)c1ccc(N2Cc3ccccc3C#Cc3ccccc32)nc1 0.9997705 0.3166 0.9935849 115.0400 1.0000000 296.2830 0.8720069 3.0000 0.1140149 3.7124 1.0000000 1.0000 1.0000000 1.0000 [] []
 | 13.8028 17.0798 47.2505 0.5025810 NCC1CCC(Nc2c(Cl)cccc2S(=O)(=O)N2Cc3ccccc3C#Cc3ccccc32)CC1 1 c1cccc2c1CN(*)c1ccccc1C#C2|C1C(*)CCC(CN)C1 c1(Cl)cccc(S(=O)([*])=O)c1N[*] O=S(=O)(c1ccccc1NC1CCCCC1)N1Cc2ccccc2C#Cc2ccccc21 0.9979110 0.8925 0.0544129 60.1600 1.0000000 191.6390 0.9999319 1.0000 0.2081569 3.4642 1.0000000 1.0000 1.0000000 1.0000 [] []
 | 5.1397 12.3956 62.2463 0.5831395 NCC1CCC(Nc2cc(Cl)c(S(=O)(=O)N3Cc4ccccc4C#Cc4ccccc43)cn2)CC1 1 c1cccc2c1CN(*)c1ccccc1C#C2|C1C(*)CCC(CN)C1 c1c(Cl)c(S(=O)([*])=O)cnc1N[*] O=S(=O)(c1ccc(NC2CCCCC2)nc1)N1Cc2ccccc2C#Cc2ccccc21 0.9997947 0.2875 0.2689050 73.0500 1.0000000 192.6270 0.9999319 1.0000 0.1797691 3.5274 1.0000000 1.0000 1.0000000 1.0000 [] []
 | 8.4244 12.5290 26.0028 0.3010297 CC1CN(C2CCC(CN)CC2)CCN1S(=O)(=O)N1Cc2ccccc2C#Cc2ccccc21 1 c1cccc2c1CN(*)c1ccccc1C#C2|C1C(*)CCC(CN)C1 O=S(=O)([*])N1CCN([*])CC1C O=S(=O)(N1CCN(C2CCCCC2)CC1)N1Cc2ccccc2C#Cc2ccccc21 0.9999993 -1.1935 0.0121014 49.4100 1.0000000 164.2300 0.9999319 1.0000 0.0461838 4.0520 1.0000000 1.0000 1.0000000 1.0000 [] []
 | 12.3437 21.3135 -21.3135 0.0000000 c1cc(F)c(S(=O)(=O)[*])cc1Cl)N1CCN([*])CC1 0 c1cccc2c1CN(*)c1ccccc1C#C2|C1C(*)CCC(CN)C1 c1cc(F)c(S(=O)(=O)[*])cc1Cl)N1CCN([*])CC1 -- 0.0000000 0.0000 0.0000000 0.0000 0.0000000 0.0000 0.0000000 0.0000 0.0000000 0.0000 0.0000000 0.0000 0.0000000 0.0000 None None
 | 12.4704 17.4080 53.9377 0.5573885 NCC1CCC(Nc2nc(S(=O)(=O)N3Cc4ccccc4C#Cc4ccccc43)cs2)CC1 1 c1cccc2c1CN(*)c1ccccc1C#C2|C1C(*)CCC(CN)C1 O=S(=O)([*])c1csc(N[*])n1 O=S(=O)(c1csc(NC2CCCCC2)n1)N1Cc2ccccc2C#Cc2ccccc21 0.9999788 -0.3044 0.2689050 73.0500 1.0000000 164.2110 0.9999319 1.0000 0.1473438 3.6100 1.0000000 1.0000 1.0000000 1.0000 [] []
18:32:03 <INFO> Score: 0.31 Agent NLL: 9.73 Valid:  84% Step: 31
 | Agent Prior Target Score SMILES SMILES_state Warheads Linker Scaffold linker logP linker logP (raw) linker TPSA linker TPSA (raw) linker MW linker MW (raw) linker rotatable bonds linker rotatable bonds (raw) synthetic accessibility synthetic accessibility (raw) avoid cleavable motif (non-cleavable payload) avoid cleavable motif (non-cleavable payload) (raw) labile group alerts labile group alerts (raw) matchting_patterns (avoid cleavable motif (non-cleavable payload)) matchting_patterns (labile group alerts)
 | 6.1833 12.4072 -12.4072 0.0000000 NCC1CCC(Nc2nnc(S(=O)(=O)N3Cc4ccccc4C#Cc4ccccc43)s2)CC1 1 c12ccccc1CN(*)c1c(cccc1)C#C2|C1(*)CCC(CN)CC1 O=S([*])(=O)c1nnc(N[*])s1 O=S(=O)(c1nnc(NC2CCCCC2)s1)N1Cc2ccccc2C#Cc2ccccc21 0.9999979 -0.9094 0.7015804 85.9400 1.0000000 165.1990 0.9999319 1.0000 0.1535591 3.5931 1.0000000 1.0000 1.0000000 1.0000 [] []
 | 8.2855 20.3977 56.8417 0.6034321 NCC1CCC(Nc2ncc(S(=O)(=O)N3Cc4ccccc4C#Cc4ccccc43)c(F)n2)CC1 1 c12ccccc1CN(*)c1c(cccc1)C#C2|C1(*)CCC(CN)CC1 Fc1c(S(=O)([*])=O)cnc(N[*])n1 O=S(=O)(c1cnc(NC2CCCCC2)nc1)N1Cc2ccccc2C#Cc2ccccc21 0.9999972 -0.8318 0.7015804 85.9400 1.0000000 177.1600 0.9999319 1.0000 0.1293464 3.6625 1.0000000 1.0000 1.0000000 1.0000 [] []
 | 4.0489 12.0843 -12.0843 0.0000000 NCC1CCC(Nc2ccc(S(=O)(=O)N3Cc4ccccc4C#Cc4ccccc43)c(Cl)c2)CC1 1 c12ccccc1CN(*)c1c(cccc1)C#C2|C1(*)CCC(CN)CC1 c1c(Cl)c(S(=O)(=O)[*])ccc1N[*] O=S(=O)(c1ccc(NC2CCCCC2)cc1)N1Cc2ccccc2C#Cc2ccccc21 0.9979110 0.8925 0.0544129 60.1600 1.0000000 191.6390 0.9999319 1.0000 0.2592703 3.3647 1.0000000 1.0000 1.0000000 1.0000 [] []
 | 9.4245 23.7262 -23.7262 0.0000000 c1cc(Cl)c(S(=O)(=O)[*])cc1Cl)n1cc(N[*])nc1 0 c12ccccc1CN(*)c1c(cccc1)C#C2|C1(*)CCC(CN)CC1 c1cc(Cl)c(S(=O)(=O)[*])cc1Cl)n1cc(N[*])nc1 -- 0.0000000 0.0000 0.0000000 0.0000 0.0000000 0.0000 0.0000000 0.0000 0.0000000 0.0000 0.0000000 0.0000 0.0000000 0.0000 None None
 | 4.3832 15.1901 -15.1901 0.0000000 NCC1CCC(Nc2cnc(S(=O)(=O)N3Cc4ccccc4C#Cc4ccccc43)cn2)CC1 1 c12ccccc1CN(*)c1c(cccc1)C#C2|C1(*)CCC(CN)CC1 O=S(=O)([*])c1ncc(N[*])nc1 O=S(=O)(c1cnc(NC2CCCCC2)cn1)N1Cc2ccccc2C#Cc2ccccc21 0.9999983 -0.9709 0.7015804 85.9400 1.0000000 159.1700 0.9999319 1.0000 0.1455091 3.6151 1.0000000 1.0000 1.0000000 1.0000 [] []
 | 9.9388 21.7442 62.9187 0.6614288 NCC1CCC(Nc2ncc(-c3ccc(Cl)c(S(=O)(=O)N4Cc5ccccc5C#Cc5ccccc54)c3)cn2)CC1 1 c12ccccc1CN(*)c1c(cccc1)C#C2|C1(*)CCC(CN)CC1 c1cc(Cl)c(S([*])(=O)=O)cc1-c1cnc(N[*])nc1 O=S(=O)(c1cccc(-c2cnc(NC3CCCCC3)nc2)c1)N1Cc2ccccc2C#Cc2ccccc21 0.9880524 1.3495 0.7015804 85.9400 1.0000000 269.7130 0.9968477 2.0000 0.1965808 3.4891 1.0000000 1.0000 1.0000000 1.0000 [] []
 | 3.3997 9.2065 40.2177 0.3861262 NCC1CCC(N2CCN(S(=O)(=O)N3Cc4ccccc4C#Cc4ccccc43)CC2)CC1 1 c12ccccc1CN(*)c1c(cccc1)C#C2|C1(*)CCC(CN)CC1 O=S(=O)([*])N1CCN([*])CC1 O=S(=O)(N1CCN(C2CCCCC2)CC1)N1Cc2ccccc2C#Cc2ccccc21 0.9999998 -1.5820 0.0121014 49.4100 0.6684421 150.2030 0.9999319 1.0000 0.2066108 3.4675 1.0000000 1.0000 1.0000000 1.0000 [] []
 | 9.5791 27.4033 49.2958 0.5992123 Cn1ncc(NC(=O)c2cc(Cl)nc(NC3CCC(CN)CC3)n2)c1C(=O)N1Cc2ccccc2C#Cc2ccccc21 1 c12ccccc1CN(*)c1c(cccc1)C#C2|C1(*)CCC(CN)CC1 c1(Cl)cc(C(=O)Nc2cnn(C)c2C(=O)[*])nc(N[*])n1 O=C(Nc1cn[nH]c1C(=O)N1Cc2ccccc2C#Cc2ccccc21)c1ccnc(NC2CCCCC2)n1 0.9995170 0.5105 0.9942374 115.7900 1.0000000 280.6750 0.8720069 3.0000 0.1192209 3.6948 1.0000000 1.0000 1.0000000 1.0000 [] []
 | 7.5130 11.5152 -11.1188 0.0030970 NCC1CCC(Nc2ccc(C(=O)N3Cc4ccccc4C#Cc4ccccc43)cn2)CC1 1 c12ccccc1CN(*)c1c(cccc1)C#C2|C1(*)CCC(CN)CC1 c1cc(C([*])=O)cnc1N[*] O=C(c1ccc(NC2CCCCC2)nc1)N1Cc2ccccc2C#Cc2ccccc21 0.9999319 0.0000 0.0000100 0.0000 0.0000000 0.0000 0.9999985 0.0000 0.2885216 3.3136 1.0000000 1.0000 1.0000000 1.0000 [] []
 | 5.3683 15.6348 -15.6348 0.0000000 NCC1CCC(Nc2cc(Cl)c(S(=O)(=O)N3Cc4ccccc4C#Cc4ccccc43)c(Cl)c2)CC1 1 c12ccccc1CN(*)c1c(cccc1)C#C2|C1(*)CCC(CN)CC1 c1c(Cl)c(S(=O)(=O)[*])c(Cl)cc1N[*] O=S(=O)(c1ccc(NC2CCCCC2)cc1)N1Cc2ccccc2C#Cc2ccccc21 0.9749495 1.5459 0.0544129 60.1600 1.0000000 226.0840 0.9999319 1.0000 0.2041293 3.4727 1.0000000 1.0000 1.0000000 1.0000 [] []
18:32:04 <INFO> Score: 0.34 Agent NLL: 11.55 Valid:  94% Step: 32
 | Agent Prior Target Score SMILES SMILES_state Warheads Linker Scaffold linker logP linker logP (raw) linker TPSA linker TPSA (raw) linker MW linker MW (raw) linker rotatable bonds linker rotatable bonds (raw) synthetic accessibility synthetic accessibility (raw) avoid cleavable motif (non-cleavable payload) avoid cleavable motif (non-cleavable payload) (raw) labile group alerts labile group alerts (raw) matchting_patterns (avoid cleavable motif (non-cleavable payload)) matchting_patterns (labile group alerts)
 | 14.1157 16.1011 37.4781 0.4185876 Cc1c(S(=O)(=O)N2Cc3ccccc3C#Cc3ccccc32)cnn1CC1CCC(CN)CC1 1 c12c(cccc1)N(*)Cc1c(cccc1)C#C2|C1CC(*)CCC1CN n1cc(S(=O)(=O)[*])c(C)n1C[*] O=S(=O)(c1cnn(CC2CCCCC2)c1)N1Cc2ccccc2C#Cc2ccccc21 0.9999785 -0.3012 0.0173735 51.9600 1.0000000 160.1980 0.9999319 1.0000 0.1644189 3.5648 1.0000000 1.0000 1.0000000 1.0000 [] []
 | 14.5517 34.8835 13.7621 0.3800440 NCC1CCC(NS(=O)(=O)Nc2ccc(Cl)c(C(=O)NS(=O)(=O)N3Cc4ccccc4C#Cc4ccccc43)c2F)CC1 1 c12c(cccc1)N(*)Cc1c(cccc1)C#C2|C1CC(*)CCC1CN O=S(Nc1ccc(Cl)c(C(=O)NS(=O)(=O)[*])c1F)(=O)N[*] O=C(NS(=O)(=O)N1Cc2ccccc2C#Cc2ccccc21)c1cccc(NS(=O)(=O)NC2CCCCC2)c1 0.9999943 -0.6493 0.9996569 135.4300 1.0000000 331.7340 0.1279931 4.0000 0.0901318 3.8033 1.0000000 1.0000 1.0000000 1.0000 [] []
 | 19.7390 29.7304 48.7632 0.6132318 CN(C(=O)c1cncc(NC2CCC(CN)CC2)n1)c1ccc(C(=O)N2Cc3ccccc3C#Cc3ccccc32)cn1 1 c12c(cccc1)N(*)Cc1c(cccc1)C#C2|C1CC(*)CCC1CN c1(C(N(C)c2ccc(C([*])=O)cn2)=O)cncc(N[*])n1 O=C(Nc1ccc(C(=O)N2Cc3ccccc3C#Cc3ccccc32)cn1)c1cncc(NC2CCCCC2)n1 0.9994531 0.5429 0.9599260 102.0700 1.0000000 257.2530 0.8720069 3.0000 0.1343381 3.6473 1.0000000 1.0000 1.0000000 1.0000 [] []
 | 16.1279 30.7011 44.2029 0.5851877 NCC1CCC(Nc2cnc(C(=O)Nc3ccc(S(=O)(=O)N4Cc5ccccc5C#Cc5ccccc54)cn3)s2)CC1 1 c12c(cccc1)N(*)Cc1c(cccc1)C#C2|C1CC(*)CCC1CN c1nc(C(=O)Nc2ccc(S([*])(=O)=O)cn2)sc1N[*] O=C(Nc1ccc(S(=O)(=O)N2Cc3ccccc3C#Cc3ccccc32)cn1)c1ncc(NC2CCCCC2)s1 0.9997461 0.3429 0.9935849 115.0400 1.0000000 284.3220 0.8720069 3.0000 0.1074333 3.7356 1.0000000 1.0000 1.0000000 1.0000 [] []
 | 3.2825 8.4814 40.9428 0.3861262 NCC1CCC(N2CCN(S(=O)(=O)N3Cc4ccccc4C#Cc4ccccc43)CC2)CC1 1 c12c(cccc1)N(*)Cc1c(cccc1)C#C2|C1CC(*)CCC1CN O=S(=O)([*])N1CCN([*])CC1 O=S(=O)(N1CCN(C2CCCCC2)CC1)N1Cc2ccccc2C#Cc2ccccc21 0.9999998 -1.5820 0.0121014 49.4100 0.6684421 150.2030 0.9999319 1.0000 0.2066108 3.4675 1.0000000 1.0000 1.0000000 1.0000 [] []
 | 4.5689 15.1547 -15.1547 0.0000000 NCC1CCC(Nc2cc(Cl)c(S(=O)(=O)N3Cc4ccccc4C#Cc4ccccc43)cn2)CC1 1 c12c(cccc1)N(*)Cc1c(cccc1)C#C2|C1CC(*)CCC1CN c1c(Cl)c(S(=O)(=O)[*])cnc1N[*] O=S(=O)(c1ccc(NC2CCCCC2)nc1)N1Cc2ccccc2C#Cc2ccccc21 0.9997947 0.2875 0.2689050 73.0500 1.0000000 192.6270 0.9999319 1.0000 0.1797691 3.5274 1.0000000 1.0000 1.0000000 1.0000 [] []
 | 6.1030 18.5799 52.6013 0.5561033 NCC1CCC(Nc2cnc(S(=O)(=O)N3Cc4ccccc4C#Cc4ccccc43)c(Cl)c2)CC1 1 c12c(cccc1)N(*)Cc1c(cccc1)C#C2|C1CC(*)CCC1CN c1c(Cl)c(S(=O)(=O)[*])ncc1N[*] O=S(=O)(c1ccc(NC2CCCCC2)cn1)N1Cc2ccccc2C#Cc2ccccc21 0.9997947 0.2875 0.2689050 73.0500 1.0000000 192.6270 0.9999319 1.0000 0.1458817 3.6140 1.0000000 1.0000 1.0000000 1.0000 [] []
 | 12.4526 24.6186 52.0195 0.5987355 NCC1CCC(Oc2cc(S(=O)(=O)NN3Cc4ccccc4C#Cc4ccccc43)c(Cl)cc2Cl)CC1 1 c12c(cccc1)N(*)Cc1c(cccc1)C#C2|C1CC(*)CCC1CN c1(Cl)cc(Cl)c(S(=O)(N[*])=O)cc1O[*] O=S(=O)(NN1Cc2ccccc2C#Cc2ccccc21)c1cccc(OC2CCCCC2)c1 0.9881920 1.3464 0.5140277 80.3900 1.0000000 242.0830 0.9999319 1.0000 0.1477495 3.6088 1.0000000 1.0000 1.0000000 1.0000 [] []
 | 3.2825 8.4814 -8.4814 0.0000000 NCC1CCC(N2CCN(S(=O)(=O)N3Cc4ccccc4C#Cc4ccccc43)CC2)CC1 2 c12c(cccc1)N(*)Cc1c(cccc1)C#C2|C1CC(*)CCC1CN O=S(=O)([*])N1CCN([*])CC1 O=S(=O)(N1CCN(C2CCCCC2)CC1)N1Cc2ccccc2C#Cc2ccccc21 0.0000000 -1.5820 0.0000000 49.4100 0.0000000 150.2030 0.0000000 1.0000 0.0000000 3.4675 0.0000000 1.0000 0.0000000 1.0000 [] []
 | 21.3732 46.5594 -46.5594 0.0000000 Fc1cc(S(=O)(N(C2Cc3c(nc([*])s3)CC2)=O)N[*])cnc1 0 c12c(cccc1)N(*)Cc1c(cccc1)C#C2|C1CC(*)CCC1CN Fc1cc(S(=O)(N(C2Cc3c(nc([*])s3)CC2)=O)N[*])cnc1 -- 0.0000000 0.0000 0.0000000 0.0000 0.0000000 0.0000 0.0000000 0.0000 0.0000000 0.0000 0.0000000 0.0000 0.0000000 0.0000 None None
18:32:06 <INFO> Score: 0.37 Agent NLL: 12.69 Valid:  88% Step: 33
 | Agent Prior Target Score SMILES SMILES_state Warheads Linker Scaffold linker logP linker logP (raw) linker TPSA linker TPSA (raw) linker MW linker MW (raw) linker rotatable bonds linker rotatable bonds (raw) synthetic accessibility synthetic accessibility (raw) avoid cleavable motif (non-cleavable payload) avoid cleavable motif (non-cleavable payload) (raw) labile group alerts labile group alerts (raw) matchting_patterns (avoid cleavable motif (non-cleavable payload)) matchting_patterns (labile group alerts)
 | 6.8499 15.0613 -15.0613 0.0000000 Cn1c(NC2CCC(CN)CC2)nnc1S(=O)(=O)N1Cc2ccccc2C#Cc2ccccc21 1 C1#Cc2c(cccc2)CN(*)c2ccccc21|C1(CN)CCC(*)CC1 O=S(=O)([*])c1nnc(N[*])n1C O=S(=O)(c1nnc(NC2CCCCC2)[nH]1)N1Cc2ccccc2C#Cc2ccccc21 0.9999999 -1.6324 0.8269722 90.8700 1.0000000 162.1740 0.9999319 1.0000 0.1028509 3.7525 1.0000000 1.0000 1.0000000 1.0000 [] []
 | 27.5388 51.1508 -51.1508 0.0000000 c1c(F)cc(-c2nnc(-c3scnc3[*])n2)cc1N[*] 0 C1#Cc2c(cccc2)CN(*)c2ccccc21|C1(CN)CCC(*)CC1 c1c(F)cc(-c2nnc(-c3scnc3[*])n2)cc1N[*] -- 0.0000000 0.0000 0.0000000 0.0000 0.0000000 0.0000 0.0000000 0.0000 0.0000000 0.0000 0.0000000 0.0000 0.0000000 0.0000 None None
 | 15.4759 21.7864 58.0796 0.6239530 COc1cc(C(=O)N2Cc3ccccc3C#Cc3ccccc32)ccc1-n1cnc(NC2CCC(CN)CC2)n1 1 C1#Cc2c(cccc2)CN(*)c2ccccc21|C1(CN)CCC(*)CC1 n1(-c2ccc(C(=O)[*])cc2OC)nc(N[*])nc1 O=C(c1ccc(-n2cnc(NC3CCCCC3)n2)cc1)N1Cc2ccccc2C#Cc2ccccc21 0.9991075 0.6706 0.6073179 83.0300 1.0000000 218.2160 0.8720069 3.0000 0.1823393 3.5214 1.0000000 1.0000 1.0000000 1.0000 [] []
 | 16.5916 41.3793 -41.3793 0.0000000 n1cc(Cl)nc(-c2ccc(S(=O)(=O)[*])nc2)n1[*] 0 C1#Cc2c(cccc2)CN(*)c2ccccc21|C1(CN)CCC(*)CC1 n1cc(Cl)nc(-c2ccc(S(=O)(=O)[*])nc2)n1[*] -- 0.0000000 0.0000 0.0000000 0.0000 0.0000000 0.0000 0.0000000 0.0000 0.0000000 0.0000 0.0000000 0.0000 0.0000000 0.0000 None None
 | 19.6162 39.8985 3.3189 0.3376361 NCC1CCC(Nc2cnc(C(=NC(=O)N3Cc4ccccc4C#Cc4ccccc43)Nc3ccc(Cl)cc3)cc2Cl)CC1 1 C1#Cc2c(cccc2)CN(*)c2ccccc21|C1(CN)CCC(*)CC1 c1(Cl)cc(C(Nc2ccc(Cl)cc2)=NC(=O)[*])ncc1N[*] O=C(N=C(Nc1ccccc1)c1ccc(NC2CCCCC2)cn1)N1Cc2ccccc2C#Cc2ccccc21 0.1342442 2.9857 0.5133088 80.3700 1.0000000 309.1560 0.8720069 3.0000 0.0989971 3.7673 1.0000000 1.0000 1.0000000 1.0000 [] []
 | 26.8498 39.1558 12.3721 0.4025617 CN(C(=O)c1ccc(-n2ncc(C(=O)N3Cc4ccccc4C#Cc4ccccc43)c2C(N)=O)cn1)C1CCC(CN)CC1 1 C1#Cc2c(cccc2)CN(*)c2ccccc21|C1(CN)CCC(*)CC1 c1(-n2ncc(C([*])=O)c2C(=O)N)ccc(C(=O)N([*])C)nc1 O=C(NC1CCCCC1)c1ccc(-n2cc(C(=O)N3Cc4ccccc4C#Cc4ccccc43)cn2)cn1 0.9999884 -0.4617 0.9968341 119.9700 1.0000000 273.2520 0.1279931 4.0000 0.1162755 3.7047 1.0000000 1.0000 1.0000000 1.0000 [] []
 | 4.1281 10.6822 38.7420 0.3861262 NCC1CCC(N2CCN(S(=O)(=O)N3Cc4ccccc4C#Cc4ccccc43)CC2)CC1 1 C1#Cc2c(cccc2)CN(*)c2ccccc21|C1(CN)CCC(*)CC1 O=S(=O)([*])N1CCN([*])CC1 O=S(=O)(N1CCN(C2CCCCC2)CC1)N1Cc2ccccc2C#Cc2ccccc21 0.9999998 -1.5820 0.0121014 49.4100 0.6684421 150.2030 0.9999319 1.0000 0.2066108 3.4675 1.0000000 1.0000 1.0000000 1.0000 [] []
 | 9.2730 26.7233 22.2598 0.3826801 NCC1CCC(c2cnn(-c3ccc(C(=O)N4Cc5ccccc5C#Cc5ccccc54)c(F)c3)n2)CC1 1 C1#Cc2c(cccc2)CN(*)c2ccccc21|C1(CN)CCC(*)CC1 c1c(F)c(C(=O)[*])ccc1-n1ncc([*])n1 O=C(c1ccc(-n2ncc(C3CCCCC3)n2)cc1)N1Cc2ccccc2C#Cc2ccccc21 0.9927278 1.2189 0.0095954 47.7800 1.0000000 191.1650 0.9968477 2.0000 0.1506088 3.6010 1.0000000 1.0000 1.0000000 1.0000 [] []
 | 6.1765 20.6607 -19.5048 0.0090308 NCC1CCC(NC(=O)c2cnc(N3Cc4ccccc4C#Cc4ccccc43)nc2)CC1 1 C1#Cc2c(cccc2)CN(*)c2ccccc21|C1(CN)CCC(*)CC1 O=C(c1cnc([*])nc1)N[*] O=C(NC1CCCCC1)c1cnc(N2Cc3ccccc3C#Cc3ccccc32)nc1 0.9999866 -0.4245 0.1677392 68.8700 0.0000000 123.1150 0.9999319 1.0000 0.2471217 3.3871 1.0000000 1.0000 1.0000000 1.0000 [] []
 | 10.9853 25.5991 45.7259 0.5572268 NCC1CCC(Nc2cc(Cl)cc(-n3cc(C(=O)N4Cc5ccccc5C#Cc5ccccc54)cn3)n2)CC1 1 C1#Cc2c(cccc2)CN(*)c2ccccc21|C1(CN)CCC(*)CC1 c1c(Cl)cc(-n2cc(C(=O)[*])cn2)nc1N[*] O=C(c1cnn(-c2cccc(NC3CCCCC3)n2)c1)N1Cc2ccccc2C#Cc2ccccc21 0.9895025 1.3154 0.2906455 73.8000 1.0000000 222.6350 0.9968477 2.0000 0.1434420 3.6209 1.0000000 1.0000 1.0000000 1.0000 [] []
18:32:07 <INFO> Score: 0.51 Agent NLL: 12.84 Valid:  97% Step: 34
 | Agent Prior Target Score SMILES SMILES_state Warheads Linker Scaffold linker logP linker logP (raw) linker TPSA linker TPSA (raw) linker MW linker MW (raw) linker rotatable bonds linker rotatable bonds (raw) synthetic accessibility synthetic accessibility (raw) avoid cleavable motif (non-cleavable payload) avoid cleavable motif (non-cleavable payload) (raw) labile group alerts labile group alerts (raw) matchting_patterns (avoid cleavable motif (non-cleavable payload)) matchting_patterns (labile group alerts)
 | 9.0251 24.2669 55.1970 0.6208119 NCC1CCC(Nc2nc(-c3ccc(S(=O)(=O)N4Cc5ccccc5C#Cc5ccccc54)cc3)ccc2F)CC1 1 c1cccc2c1N(*)Cc1c(cccc1)C#C2|NCC1CCC(*)CC1 Fc1ccc(-c2ccc(S(=O)(=O)[*])cc2)nc1N[*] O=S(=O)(c1ccc(-c2cccc(NC3CCCCC3)n2)cc1)N1Cc2ccccc2C#Cc2ccccc21 0.9831619 1.4402 0.2689050 73.0500 1.0000000 252.2700 0.9968477 2.0000 0.2414535 3.3977 1.0000000 1.0000 1.0000000 1.0000 [] []
 | 11.0054 23.3367 55.5742 0.6164910 NCC1CCC(Nc2cn(-c3ccc(Cl)c(S(=O)(=O)N4Cc5ccccc5C#Cc5ccccc54)c3)nn2)CC1 1 c1cccc2c1N(*)Cc1c(cccc1)C#C2|NCC1CCC(*)CC1 c1cc(Cl)c(S(=O)(=O)[*])cc1-n1cc(N[*])nn1 O=S(=O)(c1cccc(-n2cc(NC3CCCCC3)nn2)c1)N1Cc2ccccc2C#Cc2ccccc21 0.9995814 0.4732 0.8269722 90.8700 1.0000000 258.6900 0.9968477 2.0000 0.1313252 3.6564 1.0000000 1.0000 1.0000000 1.0000 [] []
 | 20.2044 36.1178 46.9310 0.6488189 NCC1CCC(Nc2ccnc(C(=O)Nc3ccccc3S(=O)(=O)N3Cc4ccccc4C#Cc4ccccc43)n2)CC1 1 c1cccc2c1N(*)Cc1c(cccc1)C#C2|NCC1CCC(*)CC1 c1(C(Nc2ccccc2S([*])(=O)=O)=O)nc(N[*])ccn1 O=C(Nc1ccccc1S(=O)(=O)N1Cc2ccccc2C#Cc2ccccc21)c1nccc(NC2CCCCC2)n1 0.9997994 0.2814 0.9935849 115.0400 1.0000000 278.2930 0.8720069 3.0000 0.1691841 3.5529 1.0000000 1.0000 1.0000000 1.0000 [] []
 | 10.1689 17.5582 60.5516 0.6102327 NCC1CCC(c2nnn(-c3ccc(S(=O)(=O)N4Cc5ccccc5C#Cc5ccccc54)cc3)n2)CC1 1 c1cccc2c1N(*)Cc1c(cccc1)C#C2|NCC1CCC(*)CC1 [*]S(=O)(=O)c1ccc(-n2nnc([*])n2)cc1 O=S(=O)(c1ccc(-n2nnc(C3CCCCC3)n2)cc1)N1Cc2ccccc2C#Cc2ccccc21 0.9999834 -0.3674 0.4193991 77.7400 1.0000000 210.2180 0.9968477 2.0000 0.1762412 3.5358 1.0000000 1.0000 1.0000000 1.0000 [] []
 | 13.8044 31.1732 57.2952 0.6911591 Cc1ccc(S(=O)(=O)N2Cc3ccccc3C#Cc3ccccc32)cc1NC(=O)c1ccc(NC2CCC(CN)CC2)cn1 1 c1cccc2c1N(*)Cc1c(cccc1)C#C2|NCC1CCC(*)CC1 N(c1ccc(C(=O)Nc2c(C)ccc(S(=O)(=O)[*])c2)nc1)[*] O=C(Nc1cccc(S(=O)(=O)N2Cc3ccccc3C#Cc3ccccc32)c1)c1ccc(NC2CCCCC2)cn1 0.9933655 1.1948 0.9603665 102.1500 1.0000000 291.3320 0.8720069 3.0000 0.2287431 3.4223 1.0000000 1.0000 1.0000000 1.0000 [] []
 | 14.3639 28.2887 47.3991 0.5913105 NCC1CCC(Nc2ncc(Cl)c(C(=O)Nc3ccc(Cl)c(C(=O)N4Cc5ccccc5C#Cc5ccccc54)c3)n2)CC1 1 c1cccc2c1N(*)Cc1c(cccc1)C#C2|NCC1CCC(*)CC1 c1c(Cl)c(C(=O)Nc2cc(C(=O)[*])c(Cl)cc2)nc(N[*])n1 O=C(Nc1cccc(C(=O)N2Cc3ccccc3C#Cc3ccccc32)c1)c1ccnc(NC2CCCCC2)n1 0.5663809 2.4304 0.9299610 97.9700 1.0000000 311.1280 0.8720069 3.0000 0.2052011 3.4705 1.0000000 1.0000 1.0000000 1.0000 [] []
 | 10.5356 20.0578 29.2803 0.3854538 NCC1CCC(c2ncn(-c3ccc(C(=O)N4Cc5ccccc5C#Cc5ccccc54)c(Cl)c3)n2)CC1 1 c1cccc2c1N(*)Cc1c(cccc1)C#C2|NCC1CCC(*)CC1 c1c(C(=O)[*])c(Cl)cc(-n2cnc([*])n2)c1 O=C(c1ccc(-n2cnc(C3CCCCC3)n2)cc1)N1Cc2ccccc2C#Cc2ccccc21 0.9499175 1.7332 0.0095954 47.7800 1.0000000 207.6200 0.9968477 2.0000 0.1624782 3.5698 1.0000000 1.0000 1.0000000 1.0000 [] []
 | 8.2396 26.4324 56.1731 0.6453559 NCC1CCC(Nc2ncc(Cl)c(-c3ccc(S(=O)(=O)N4Cc5ccccc5C#Cc5ccccc54)cn3)n2)CC1 1 c1cccc2c1N(*)Cc1c(cccc1)C#C2|NCC1CCC(*)CC1 c1c(Cl)c(-c2ncc(S(=O)(=O)[*])cc2)nc(N[*])n1 O=S(=O)(c1ccc(-c2ccnc(NC3CCCCC3)n2)nc1)N1Cc2ccccc2C#Cc2ccccc21 0.9988152 0.7445 0.9376057 98.8300 1.0000000 270.7010 0.9968477 2.0000 0.1509578 3.6001 1.0000000 1.0000 1.0000000 1.0000 [] []
 | 10.8907 22.8349 48.0136 0.5535040 NCC1CCC(Nc2ncc(-c3cccc(C(=O)N4Cc5ccccc5C#Cc5ccccc54)n3)cc2F)CC1 1 c1cccc2c1N(*)Cc1c(cccc1)C#C2|NCC1CCC(*)CC1 Fc1cc(-c2cccc(C([*])=O)n2)cnc1N[*] O=C(c1cccc(-c2ccc(NC3CCCCC3)nc2)n1)N1Cc2ccccc2C#Cc2ccccc21 0.9591776 1.6774 0.1677392 68.8700 1.0000000 217.2030 0.9968477 2.0000 0.1891250 3.5058 1.0000000 1.0000 1.0000000 1.0000 [] []
 | 11.1715 11.9149 60.9776 0.5694727 NCC1CCC(Oc2ccc(NS(=O)(=O)N3Cc4ccccc4C#Cc4ccccc43)cc2)CC1 1 c1cccc2c1N(*)Cc1c(cccc1)C#C2|NCC1CCC(*)CC1 O=S(=O)([*])Nc1ccc(O[*])cc1 O=S(=O)(Nc1ccc(OC2CCCCC2)cc1)N1Cc2ccccc2C#Cc2ccccc21 0.9997579 0.3305 0.1237707 66.4000 1.0000000 173.1930 0.9968477 2.0000 0.2393928 3.4016 1.0000000 1.0000 1.0000000 1.0000 [] []
18:32:08 <INFO> Score: 0.46 Agent NLL: 10.87 Valid:  91% Step: 35
 | Agent Prior Target Score SMILES SMILES_state Warheads Linker Scaffold linker logP linker logP (raw) linker TPSA linker TPSA (raw) linker MW linker MW (raw) linker rotatable bonds linker rotatable bonds (raw) synthetic accessibility synthetic accessibility (raw) avoid cleavable motif (non-cleavable payload) avoid cleavable motif (non-cleavable payload) (raw) labile group alerts labile group alerts (raw) matchting_patterns (avoid cleavable motif (non-cleavable payload)) matchting_patterns (labile group alerts)
 | 8.5349 17.0838 -17.0838 0.0000000 NCC1CCC(Nc2ncnc(-c3ccc(C(=O)N4Cc5ccccc5C#Cc5ccccc54)cc3)n2)CC1 1 N1(*)Cc2c(cccc2)C#Cc2c1cccc2|NCC1CCC(*)CC1 n1c(-c2ccc(C([*])=O)cc2)nc(N[*])nc1 O=C(c1ccc(-c2ncnc(NC3CCCCC3)n2)cc1)N1Cc2ccccc2C#Cc2ccccc21 0.9975579 0.9333 0.5629848 81.7600 1.0000000 200.2010 0.9968477 2.0000 0.2565583 3.3696 1.0000000 1.0000 1.0000000 1.0000 [] []
 | 11.8537 23.9249 45.0593 0.5389393 NCC1CCC(Nc2ncncc2-c2ccc(C(=O)N3Cc4ccccc4C#Cc4ccccc43)s2)CC1 1 N1(*)Cc2c(cccc2)C#Cc2c1cccc2|NCC1CCC(*)CC1 c1(C(=O)[*])ccc(-c2cncnc2N[*])s1 O=C(c1ccc(-c2cncnc2NC2CCCCC2)s1)N1Cc2ccccc2C#Cc2ccccc21 0.9693694 1.5998 0.1677392 68.8700 1.0000000 205.2420 0.9968477 2.0000 0.1664189 3.5598 1.0000000 1.0000 1.0000000 1.0000 [] []
 | 16.3977 37.6612 6.2933 0.3433946 CC(C(=O)N1Cc2ccccc2C#Cc2ccccc21)c1ccc(-c2cnc(C(=O)NC3CCC(CN)CC3)cn2)cc1 1 N1(*)Cc2c(cccc2)C#Cc2c1cccc2|NCC1CCC(*)CC1 O=C(c1cnc(-c2ccc(C(C)C([*])=O)cc2)cn1)N[*] O=C(NC1CCCCC1)c1cnc(-c2ccc(CC(=O)N3Cc4ccccc4C#Cc4ccccc43)cc2)cn1 0.9750431 1.5449 0.7015804 85.9400 1.0000000 255.2770 0.1279931 4.0000 0.0706254 3.8954 1.0000000 1.0000 1.0000000 1.0000 [] []
 | 9.8118 28.1055 53.9203 0.6408262 NCC1CCC(NC(=O)c2ccc(-c3cccc(C(=O)N4Cc5ccccc5C#Cc5ccccc54)n3)cc2)CC1 1 N1(*)Cc2c(cccc2)C#Cc2c1cccc2|NCC1CCC(*)CC1 O=C(c1ccc(-c2nc(C([*])=O)ccc2)cc1)N[*] O=C(NC1CCCCC1)c1ccc(-c2cccc(C(=O)N3Cc4ccccc4C#Cc4ccccc43)n2)cc1 0.9617135 1.6600 0.2689050 73.0500 1.0000000 226.2350 0.8720069 3.0000 0.3201430 3.2617 1.0000000 1.0000 1.0000000 1.0000 [] []
 | 11.1511 23.1359 32.2720 0.4328741 NCC1CCC(c2ncnc(-c3ccc(C(=O)N4Cc5ccccc5C#Cc5ccccc54)s3)n2)CC1 1 N1(*)Cc2c(cccc2)C#Cc2c1cccc2|NCC1CCC(*)CC1 c1(C([*])=O)ccc(-c2ncnc([*])n2)s1 O=C(c1ccc(-c2ncnc(C3CCCCC3)n2)s1)N1Cc2ccccc2C#Cc2ccccc21 0.9848285 1.4126 0.0295609 55.7400 1.0000000 191.2150 0.9968477 2.0000 0.1487665 3.6060 1.0000000 1.0000 1.0000000 1.0000 [] []
 | 9.4682 23.1516 66.6993 0.7019604 NCC1CCC(NC(=O)c2ccc(NC(=O)N3Cc4ccccc4C#Cc4ccccc43)nc2)CC1 1 N1(*)Cc2c(cccc2)C#Cc2c1cccc2|NCC1CCC(*)CC1 O=C(c1cnc(NC([*])=O)cc1)N[*] O=C(NC1CCCCC1)c1ccc(NC(=O)N2Cc3ccccc3C#Cc3ccccc32)nc1 0.9999740 -0.2512 0.6750402 85.0800 1.0000000 165.1520 0.8720069 3.0000 0.2901710 3.3108 1.0000000 1.0000 1.0000000 1.0000 [] []
 | 9.0255 25.0388 57.1736 0.6422842 NCC1CCC(Nc2nccc(C(=O)Nc3ccc(C(=O)N4Cc5ccccc5C#Cc5ccccc54)nn3)n2)CC1 1 N1(*)Cc2c(cccc2)C#Cc2c1cccc2|NCC1CCC(*)CC1 c1(C(=O)Nc2ccc(C([*])=O)nn2)nc(N[*])ncc1 O=C(Nc1ccc(C(=O)N2Cc3ccccc3C#Cc3ccccc32)nn1)c1ccnc(NC2CCCCC2)n1 0.9999511 -0.0864 0.9981599 123.7500 1.0000000 244.2140 0.8720069 3.0000 0.1614184 3.5725 1.0000000 1.0000 1.0000000 1.0000 [] []
 | 5.5305 30.0178 56.4592 0.6756017 NCC1CCC(NC(=O)c2cnc(-c3cnc(N4Cc5ccccc5C#Cc5ccccc54)nc3)nc2)CC1 1 N1(*)Cc2c(cccc2)C#Cc2c1cccc2|NCC1CCC(*)CC1 O=C(c1cnc(-c2cnc([*])nc2)nc1)N[*] O=C(NC1CCCCC1)c1cnc(-c2cnc(N3Cc4ccccc4C#Cc4ccccc43)nc2)nc1 0.9999228 0.0325 0.8917077 94.6500 1.0000000 201.1890 0.9968477 2.0000 0.1891453 3.5057 1.0000000 1.0000 1.0000000 1.0000 [] []
 | 13.7530 29.5419 15.7412 0.3537738 Cc1ccc(C(=O)N2Cc3ccccc3C#Cc3ccccc32)cc1-c1cnc(C2CCC(CN)CC2)cn1 1 N1(*)Cc2c(cccc2)C#Cc2c1cccc2|NCC1CCC(*)CC1 n1cc(-c2cc(C(=O)[*])ccc2C)ncc1[*] O=C(c1cccc(-c2cnc(C3CCCCC3)cn2)c1)N1Cc2ccccc2C#Cc2ccccc21 0.7117068 2.2645 0.0047431 42.8500 1.0000000 198.2250 0.9968477 2.0000 0.2114930 3.4572 1.0000000 1.0000 1.0000000 1.0000 [] []
 | 15.3094 36.7227 -36.7227 0.0000000 O=C(N1CCC(N(c2ccc(C([*])=O)nc2)C)C1)=O)[*] 0 N1(*)Cc2c(cccc2)C#Cc2c1cccc2|NCC1CCC(*)CC1 O=C(N1CCC(N(c2ccc(C([*])=O)nc2)C)C1)=O)[*] -- 0.0000000 0.0000 0.0000000 0.0000 0.0000000 0.0000 0.0000000 0.0000 0.0000000 0.0000 0.0000000 0.0000 0.0000000 0.0000 None None
18:32:09 <INFO> Score: 0.44 Agent NLL: 12.18 Valid:  97% Step: 36
 | Agent Prior Target Score SMILES SMILES_state Warheads Linker Scaffold linker logP linker logP (raw) linker TPSA linker TPSA (raw) linker MW linker MW (raw) linker rotatable bonds linker rotatable bonds (raw) synthetic accessibility synthetic accessibility (raw) avoid cleavable motif (non-cleavable payload) avoid cleavable motif (non-cleavable payload) (raw) labile group alerts labile group alerts (raw) matchting_patterns (avoid cleavable motif (non-cleavable payload)) matchting_patterns (labile group alerts)
 | 14.9324 31.9545 25.2158 0.4466428 NCC1CCC(Nc2nccc(C(=O)Nc3ccc(CC(=O)N4Cc5ccccc5C#Cc5ccccc54)cn3)n2)CC1 1 c12ccccc1C#Cc1ccccc1N(*)C2|C(C1CCC(*)CC1)N c1cc(C(=O)Nc2ccc(CC(=O)[*])cn2)nc(N[*])n1 O=C(Nc1ccc(CC(=O)N2Cc3ccccc3C#Cc3ccccc32)cn1)c1ccnc(NC2CCCCC2)n1 0.9996207 0.4475 0.9883544 110.8600 1.0000000 257.2530 0.1279931 4.0000 0.1845295 3.5163 1.0000000 1.0000 1.0000000 1.0000 [] []
 | 14.2667 32.5595 52.8611 0.6673481 NCC1CCC(Oc2cccnc2C(=O)Nc2ccc(C(=O)N3Cc4ccccc4C#Cc4ccccc43)cn2)CC1 1 c12ccccc1C#Cc1ccccc1N(*)C2|C(C1CCC(*)CC1)N O(c1c(C(=O)Nc2ccc(C(=O)[*])cn2)nccc1)[*] O=C(Nc1ccc(C(=O)N2Cc3ccccc3C#Cc3ccccc32)cn1)c1ncccc1OC1CCCCC1 0.9919065 1.2470 0.8523110 92.1800 1.0000000 243.2220 0.8720069 3.0000 0.2084073 3.4637 1.0000000 1.0000 1.0000000 1.0000 [] []
 | 15.2793 34.5820 18.7142 0.4163764 NCC1CCC(Nc2cnc(-n3nccc3C(=O)Nc3ccc(C(=O)N4Cc5ccccc5C#Cc5ccccc54)cc3)cn2)CC1 1 c12ccccc1C#Cc1ccccc1N(*)C2|C(C1CCC(*)CC1)N c1cc(C(=O)Nc2ccc(C(=O)[*])cc2)n(-c2ncc(N[*])nc2)n1 O=C(Nc1ccc(C(=O)N2Cc3ccccc3C#Cc3ccccc32)cc1)c1ccnn1-c1cnc(NC2CCCCC2)cn1 0.9897429 1.3093 0.9942374 115.7900 1.0000000 308.3010 0.1279931 4.0000 0.1364594 3.6410 1.0000000 1.0000 1.0000000 1.0000 [] []
 | 16.1439 30.4887 39.1160 0.5437868 CN(C)c1cc(C(=O)N2Cc3ccccc3C#Cc3ccccc32)ccc1C(=O)NC1CCC(CN)CC1 1 c12ccccc1C#Cc1ccccc1N(*)C2|C(C1CCC(*)CC1)N CN(c1cc(C(=O)[*])ccc1C(N[*])=O)C O=C(NC1CCCCC1)c1ccc(C(=O)N2Cc3ccccc3C#Cc3ccccc32)cc1 0.9991298 0.6640 0.0840206 63.4000 1.0000000 192.2180 0.8720069 3.0000 0.2676721 3.3497 1.0000000 1.0000 1.0000000 1.0000 [] []
 | 9.5659 14.0779 48.8616 0.4917149 COc1cc(C(=O)N2Cc3ccccc3C#Cc3ccccc32)ccc1NC1CCC(CN)CC1 1 c12ccccc1C#Cc1ccccc1N(*)C2|C(C1CCC(*)CC1)N O(c1cc(C(=O)[*])ccc1N[*])C O=C(c1ccc(NC2CCCCC2)cc1)N1Cc2ccccc2C#Cc2ccccc21 0.9955547 1.0899 0.0182805 52.3200 0.9824284 151.1650 0.9968477 2.0000 0.3337438 3.2402 1.0000000 1.0000 1.0000000 1.0000 [] []
 | 11.3516 27.0488 53.4194 0.6286579 Cc1ncc(C(=O)N2Cc3ccccc3C#Cc3ccccc32)cc1-c1cnnc(NC2CCC(CN)CC2)n1 1 c12ccccc1C#Cc1ccccc1N(*)C2|C(C1CCC(*)CC1)N n1cc(-c2cc(C([*])=O)cnc2C)nc(N[*])n1 O=C(c1cncc(-c2cnnc(NC3CCCCC3)n2)c1)N1Cc2ccccc2C#Cc2ccccc21 0.9992162 0.6367 0.8917077 94.6500 1.0000000 215.2160 0.9968477 2.0000 0.1378753 3.6369 1.0000000 1.0000 1.0000000 1.0000 [] []
 | 9.5010 23.5971 60.5112 0.6570967 NCC1CCC(Nc2nccc(-c3cccc(C(=O)N4Cc5ccccc5C#Cc5ccccc54)n3)n2)CC1 1 c12ccccc1C#Cc1ccccc1N(*)C2|C(C1CCC(*)CC1)N c1c(-c2nc(C([*])=O)ccc2)nc(N[*])nc1 O=C(c1cccc(-c2ccnc(NC3CCCCC3)n2)n1)N1Cc2ccccc2C#Cc2ccccc21 0.9975579 0.9333 0.5629848 81.7600 1.0000000 200.2010 0.9968477 2.0000 0.2111623 3.4579 1.0000000 1.0000 1.0000000 1.0000 [] []
 | 11.6372 33.1934 46.1152 0.6195984 CN(C(=O)c1cnc(NC2CCC(CN)CC2)cn1)c1ccc(C(=O)N2Cc3ccccc3C#Cc3ccccc32)cn1 1 c12ccccc1C#Cc1ccccc1N(*)C2|C(C1CCC(*)CC1)N c1c(C(=O)N(c2ccc(C(=O)[*])cn2)C)ncc(N[*])n1 O=C(Nc1ccc(C(=O)N2Cc3ccccc3C#Cc3ccccc32)cn1)c1cnc(NC2CCCCC2)cn1 0.9994531 0.5429 0.9599260 102.0700 1.0000000 257.2530 0.8720069 3.0000 0.1405842 3.6290 1.0000000 1.0000 1.0000000 1.0000 [] []
 | 8.8444 18.6462 30.1919 0.3815478 NCC1CCC(Nc2ccc(C(=O)N3Cc4ccccc4C#Cc4ccccc43)c(C(F)(F)F)c2)CC1 1 c12ccccc1C#Cc1ccccc1N(*)C2|C(C1CCC(*)CC1)N c1c(C(F)(F)F)c(C(=O)[*])ccc1N[*] O=C(c1ccc(NC2CCCCC2)cc1)N1Cc2ccccc2C#Cc2ccccc21 0.8226889 2.1001 0.0049089 43.0900 1.0000000 189.1360 0.9999319 1.0000 0.2500994 3.3815 1.0000000 1.0000 1.0000000 1.0000 [] []
 | 13.0744 31.2905 19.0992 0.3936694 NCC1CCC(Nc2cc(Cl)cc(C(=O)Nc3ccc(Cl)cc3C(=O)N3Cc4ccccc4C#Cc4ccccc43)n2)CC1 1 c12ccccc1C#Cc1ccccc1N(*)C2|C(C1CCC(*)CC1)N c1c(Cl)cc(C(Nc2ccc(Cl)cc2C([*])=O)=O)nc1N[*] O=C(Nc1ccccc1C(=O)N1Cc2ccccc2C#Cc2ccccc21)c1cccc(NC2CCCCC2)n1 0.1135811 3.0354 0.6750402 85.0800 1.0000000 310.1400 0.8720069 3.0000 0.2005121 3.4805 1.0000000 1.0000 1.0000000 1.0000 [] []
18:32:10 <INFO> Score: 0.46 Agent NLL: 11.27 Valid: 100% Step: 37
 | Agent Prior Target Score SMILES SMILES_state Warheads Linker Scaffold linker logP linker logP (raw) linker TPSA linker TPSA (raw) linker MW linker MW (raw) linker rotatable bonds linker rotatable bonds (raw) synthetic accessibility synthetic accessibility (raw) avoid cleavable motif (non-cleavable payload) avoid cleavable motif (non-cleavable payload) (raw) labile group alerts labile group alerts (raw) matchting_patterns (avoid cleavable motif (non-cleavable payload)) matchting_patterns (labile group alerts)
 | 18.1280 20.4802 15.3476 0.2799047 NCC1CCC(c2ccc(-c3ncccc3C(=O)N3Cc4ccccc4C#Cc4ccccc43)cc2)CC1 1 C1#Cc2ccccc2N(*)Cc2c1cccc2|NCC1CCC(*)CC1 c1ccc(C(=O)[*])c(-c2ccc([*])cc2)n1 O=C(c1cccnc1-c1ccc(C2CCCCC2)cc1)N1Cc2ccccc2C#Cc2ccccc21 0.4416471 2.5611 0.0007450 29.9600 1.0000000 183.2100 0.9968477 2.0000 0.3068421 3.2831 1.0000000 1.0000 1.0000000 1.0000 [] []
 | 8.5615 22.3428 54.4272 0.5997656 Cc1cc(-c2ccc(C(=O)N3Cc4ccccc4C#Cc4ccccc43)cc2)nc(NC2CCC(CN)CC2)n1 1 C1#Cc2ccccc2N(*)Cc2c1cccc2|NCC1CCC(*)CC1 c1c(-c2ccc(C(=O)[*])cc2)nc(N[*])nc1C O=C(c1ccc(-c2ccnc(NC3CCCCC3)n2)cc1)N1Cc2ccccc2C#Cc2ccccc21 0.9246349 1.8467 0.1677392 68.8700 1.0000000 213.2400 0.9968477 2.0000 0.2792963 3.3294 1.0000000 1.0000 1.0000000 1.0000 [] []
 | 8.6532 26.3159 60.7370 0.6801008 NCC1CCC(Nc2ncc(C(=O)Nc3ccc(C(=O)N4Cc5ccccc5C#Cc5ccccc54)nc3)cn2)CC1 1 C1#Cc2ccccc2N(*)Cc2c1cccc2|NCC1CCC(*)CC1 c1c(C(=O)Nc2ccc(C([*])=O)nc2)cnc(N[*])n1 O=C(Nc1ccc(C(=O)N2Cc3ccccc3C#Cc3ccccc32)nc1)c1cnc(NC2CCCCC2)nc1 0.9995018 0.5186 0.9883544 110.8600 1.0000000 243.2260 0.8720069 3.0000 0.2087442 3.4630 1.0000000 1.0000 1.0000000 1.0000 [] []
 | 10.2322 21.4816 -21.4816 0.0000000 NCC1CCC(c2ncn(-c3ccc(C(=O)N4Cc5ccccc5C#Cc5ccccc54)cc3)n2)CC1 1 C1#Cc2ccccc2N(*)Cc2c1cccc2|NCC1CCC(*)CC1 c1c(C([*])=O)ccc(-n2nc([*])nc2)c1 O=C(c1ccc(-n2cnc(C3CCCCC3)n2)cc1)N1Cc2ccccc2C#Cc2ccccc21 0.9957230 1.0798 0.0095954 47.7800 1.0000000 173.1750 0.9968477 2.0000 0.2051921 3.4705 1.0000000 1.0000 1.0000000 1.0000 [] []
 | 8.8028 21.8225 50.5982 0.5657862 NCC1CCC(Nc2nccc(-n3ccc(C(=O)N4Cc5ccccc5C#Cc5ccccc54)c3)n2)CC1 1 C1#Cc2ccccc2N(*)Cc2c1cccc2|NCC1CCC(*)CC1 c1cc(-n2ccc(C(=O)[*])c2)nc(N[*])n1 O=C(c1ccn(-c2ccnc(NC3CCCCC3)n2)c1)N1Cc2ccccc2C#Cc2ccccc21 0.9991364 0.6620 0.2906455 73.8000 1.0000000 188.1900 0.9968477 2.0000 0.1519140 3.5975 1.0000000 1.0000 1.0000000 1.0000 [] []
 | 6.5508 20.6510 -20.6510 0.0000000 NCC1CCC(Nc2ncc(-c3ccc(C(=O)N4Cc5ccccc5C#Cc5ccccc54)cn3)cn2)CC1 1 C1#Cc2ccccc2N(*)Cc2c1cccc2|NCC1CCC(*)CC1 c1c(C(=O)[*])ccc(-c2cnc(N[*])nc2)n1 O=C(c1ccc(-c2cnc(NC3CCCCC3)nc2)nc1)N1Cc2ccccc2C#Cc2ccccc21 0.9975579 0.9333 0.5629848 81.7600 1.0000000 200.2010 0.9968477 2.0000 0.2211233 3.4375 1.0000000 1.0000 1.0000000 1.0000 [] []
 | 7.5133 24.3638 56.2633 0.6298994 NCC1CCC(Nc2ncc(Cl)c(-c3ccc(C(=O)N4Cc5ccccc5C#Cc5ccccc54)nc3)n2)CC1 1 C1#Cc2ccccc2N(*)Cc2c1cccc2|NCC1CCC(*)CC1 c1c(Cl)c(-c2cnc(C([*])=O)cc2)nc(N[*])n1 O=C(c1ccc(-c2ccnc(NC3CCCCC3)n2)cn1)N1Cc2ccccc2C#Cc2ccccc21 0.9708274 1.5867 0.5629848 81.7600 1.0000000 234.6460 0.9968477 2.0000 0.1801511 3.5265 1.0000000 1.0000 1.0000000 1.0000 [] []
 | 16.6277 40.0181 40.5547 0.6294749 NCC1CCC(NC(=O)c2ccc3c(cnn3-c3cccc(C(=O)N4Cc5ccccc5C#Cc5ccccc54)c3)c2)CC1 1 C1#Cc2ccccc2N(*)Cc2c1cccc2|NCC1CCC(*)CC1 c1(C(=O)[*])cc(-n2ncc3cc(C(=O)N[*])ccc23)ccc1 O=C(NC1CCCCC1)c1ccc2c(cnn2-c2cccc(C(=O)N3Cc4ccccc4C#Cc4ccccc43)c2)c1 0.8966900 1.9369 0.4278323 77.9800 1.0000000 265.2720 0.8720069 3.0000 0.2516274 3.3787 1.0000000 1.0000 1.0000000 1.0000 [] []
 | 7.7405 26.0490 60.6274 0.6771595 NCC1CCC(Nc2nccc(C(=O)Nc3ccc(C(=O)N4Cc5ccccc5C#Cc5ccccc54)cn3)n2)CC1 1 C1#Cc2ccccc2N(*)Cc2c1cccc2|NCC1CCC(*)CC1 c1c(C(=O)Nc2ccc(C(=O)[*])cn2)nc(N[*])nc1 O=C(Nc1ccc(C(=O)N2Cc3ccccc3C#Cc3ccccc32)cn1)c1ccnc(NC2CCCCC2)n1 0.9995018 0.5186 0.9883544 110.8600 1.0000000 243.2260 0.8720069 3.0000 0.2048011 3.4713 1.0000000 1.0000 1.0000000 1.0000 [] []
 | 17.5367 28.9421 40.6115 0.5433875 NCC1CCC(NCc2cnc(-c3ccc(C(=O)N4Cc5ccccc5C#Cc5ccccc54)cc3Cl)[nH]2)CC1 1 C1#Cc2ccccc2N(*)Cc2c1cccc2|NCC1CCC(*)CC1 c1c(C(=O)[*])cc(Cl)c(-c2ncc(CN[*])[nH]2)c1 O=C(c1ccc(-c2ncc(CNC3CCCCC3)[nH]2)cc1)N1Cc2ccccc2C#Cc2ccccc21 0.8714490 2.0013 0.2342633 71.7700 1.0000000 235.6740 0.8720069 3.0000 0.1831980 3.5194 1.0000000 1.0000 1.0000000 1.0000 [] []
18:32:11 <INFO> Score: 0.45 Agent NLL: 12.77 Valid: 100% Step: 38
 | Agent Prior Target Score SMILES SMILES_state Warheads Linker Scaffold linker logP linker logP (raw) linker TPSA linker TPSA (raw) linker MW linker MW (raw) linker rotatable bonds linker rotatable bonds (raw) synthetic accessibility synthetic accessibility (raw) avoid cleavable motif (non-cleavable payload) avoid cleavable motif (non-cleavable payload) (raw) labile group alerts labile group alerts (raw) matchting_patterns (avoid cleavable motif (non-cleavable payload)) matchting_patterns (labile group alerts)
 | 17.1431 39.6143 6.0070 0.3564159 Cc1nc(C(=O)NC2CCC(CN)CC2)c(-c2ccc(C(=O)N3Cc4ccccc4C#Cc4ccccc43)cc2)n1C(C)C 1 c1cc2c(cc1)C#Cc1ccccc1N(*)C2|C(N)C1CCC(*)CC1 [*]C(c1ccc(-c2c(C(=O)N[*])nc(C)n2C(C)C)cc1)=O O=C(NC1CCCCC1)c1nc[nH]c1-c1ccc(C(=O)N2Cc3ccccc3C#Cc3ccccc32)cc1 0.6393396 2.3508 0.4278323 77.9800 1.0000000 271.3200 0.1279931 4.0000 0.1624706 3.5698 1.0000000 1.0000 1.0000000 1.0000 [] []
 | 15.7358 33.6406 37.8106 0.5582122 Cc1nc(C2CCC(CN)CC2)n(C)c1C(=O)Nc1ccnc(C(=O)N2Cc3ccccc3C#Cc3ccccc32)c1 1 c1cc2c(cc1)C#Cc1ccccc1N(*)C2|C(N)C1CCC(*)CC1 c1(C(=O)Nc2cc(C([*])=O)ncc2)c(C)nc([*])n1C O=C(Nc1ccnc(C(=O)N2Cc3ccccc3C#Cc3ccccc32)c1)c1cnc(C2CCCCC2)[nH]1 0.9935279 1.1883 0.3895975 76.8800 1.0000000 244.2540 0.8720069 3.0000 0.1402688 3.6299 1.0000000 1.0000 1.0000000 1.0000 [] []
 | 12.2336 25.1673 1.2450 0.2063455 Cc1c(OC2CCC(CN)CC2)cccc1-c1ccc(C(=O)N2Cc3ccccc3C#Cc3ccccc32)cc1 1 c1cc2c(cc1)C#Cc1ccccc1N(*)C2|C(N)C1CCC(*)CC1 O(c1cccc(-c2ccc(C(=O)[*])cc2)c1C)[*] O=C(c1ccc(-c2cccc(OC3CCCCC3)c2)cc1)N1Cc2ccccc2C#Cc2ccccc21 0.0684940 3.1801 0.0021395 37.3000 1.0000000 212.2480 0.9968477 2.0000 0.3052387 3.2858 1.0000000 1.0000 1.0000000 1.0000 [] []
 | 8.6900 26.2715 62.6204 0.6944683 Cc1ccc(C(=O)N2Cc3ccccc3C#Cc3ccccc32)cc1NC(=O)c1ccnc(NC2CCC(CN)CC2)n1 1 c1cc2c(cc1)C#Cc1ccccc1N(*)C2|C(N)C1CCC(*)CC1 c1(C(=O)Nc2cc(C([*])=O)ccc2C)nc(N[*])ncc1 O=C(Nc1cccc(C(=O)N2Cc3ccccc3C#Cc3ccccc32)c1)c1ccnc(NC2CCCCC2)n1 0.9836738 1.4320 0.9299610 97.9700 1.0000000 256.2650 0.8720069 3.0000 0.2397283 3.4010 1.0000000 1.0000 1.0000000 1.0000 [] []
 | 15.9699 27.2527 24.9597 0.4079098 NCC1CCC(N2CCN(C(=O)c3cccc(C(F)(F)F)c3C(=O)N3Cc4ccccc4C#Cc4ccccc43)CC2)CC1 1 c1cc2c(cc1)C#Cc1ccccc1N(*)C2|C(N)C1CCC(*)CC1 C(=O)(c1cccc(C(F)(F)F)c1C(=O)[*])N1CCN([*])CC1 O=C(c1ccccc1C(=O)N1Cc2ccccc2C#Cc2ccccc21)N1CCN(C2CCCCC2)CC1 0.9732659 1.5633 0.0121014 49.4100 1.0000000 286.2530 0.9968477 2.0000 0.1811616 3.5241 1.0000000 1.0000 1.0000000 1.0000 [] []
 | 8.6936 29.0263 -29.0263 0.0000000 NCC1CCC(Nc2nccc(C(=O)Nc3ccc(C(=O)N4Cc5ccccc5C#Cc5ccccc54)nc3)n2)CC1 1 c1cc2c(cc1)C#Cc1ccccc1N(*)C2|C(N)C1CCC(*)CC1 c1(C(Nc2ccc(C([*])=O)nc2)=O)nc(N[*])ncc1 O=C(Nc1ccc(C(=O)N2Cc3ccccc3C#Cc3ccccc32)nc1)c1ccnc(NC2CCCCC2)n1 0.9999319 0.0000 0.0000100 0.0000 0.0000000 0.0000 0.9999985 0.0000 0.1992171 3.4834 1.0000000 1.0000 1.0000000 1.0000 [] []
 | 10.6953 28.7548 52.0541 0.6313196 NCC1CCC(NC(=O)c2ccc(-c3cccnc3C(=O)N3Cc4ccccc4C#Cc4ccccc43)cc2)CC1 1 c1cc2c(cc1)C#Cc1ccccc1N(*)C2|C(N)C1CCC(*)CC1 O=C(c1ccc(-c2cccnc2C([*])=O)cc1)N[*] O=C(NC1CCCCC1)c1ccc(-c2cccnc2C(=O)N2Cc3ccccc3C#Cc3ccccc32)cc1 0.9617135 1.6600 0.2689050 73.0500 1.0000000 226.2350 0.8720069 3.0000 0.2997668 3.2948 1.0000000 1.0000 1.0000000 1.0000 [] []
 | 12.2505 46.0650 -19.7005 0.2059731 NCC1CCC(NC(=O)c2ccc(-c3nccnc3C(=O)Nc3ccc(C(=O)N4Cc5ccccc5C#Cc5ccccc54)cn3)cc2)CC1 1 c1cc2c(cc1)C#Cc1ccccc1N(*)C2|C(N)C1CCC(*)CC1 O=C(c1ccc(-c2c(C(=O)Nc3ccc(C(=O)[*])cn3)nccn2)cc1)N[*] O=C(NC1CCCCC1)c1ccc(-c2nccnc2C(=O)Nc2ccc(C(=O)N3Cc4ccccc4C#Cc4ccccc43)cn2)cc1 0.9552673 1.7023 0.9989909 127.9300 1.0000000 347.3340 0.0031523 5.0000 0.1786875 3.5299 1.0000000 1.0000 1.0000000 1.0000 [] []
 | 10.3319 32.8530 50.7573 0.6532053 NCC1CCC(NC(=O)c2cnn(-c3cccc(C(=O)N4Cc5ccccc5C#Cc5ccccc54)c3)c2)CC1 1 c1cc2c(cc1)C#Cc1ccccc1N(*)C2|C(N)C1CCC(*)CC1 c1(C(=O)[*])cc(-n2ncc(C(=O)N[*])c2)ccc1 O=C(NC1CCCCC1)c1cnn(-c2cccc(C(=O)N3Cc4ccccc4C#Cc4ccccc43)c2)c1 0.9986231 0.7837 0.4278323 77.9800 1.0000000 215.2120 0.8720069 3.0000 0.2658963 3.3528 1.0000000 1.0000 1.0000000 1.0000 [] []
 | 11.0461 32.0413 53.7855 0.6705216 Cc1nc(C(=O)NC2CCC(CN)CC2)cnc1-c1ccc(C(=O)N2Cc3ccccc3C#Cc3ccccc32)cc1 1 c1cc2c(cc1)C#Cc1ccccc1N(*)C2|C(N)C1CCC(*)CC1 O=C(c1cnc(-c2ccc(C([*])=O)cc2)c(C)n1)N[*] O=C(NC1CCCCC1)c1cnc(-c2ccc(C(=O)N3Cc4ccccc4C#Cc4ccccc43)cc2)cn1 0.9874051 1.3634 0.7015804 85.9400 1.0000000 241.2500 0.8720069 3.0000 0.2356212 3.4089 1.0000000 1.0000 1.0000000 1.0000 [] []
18:32:12 <INFO> Score: 0.48 Agent NLL: 11.68 Valid:  97% Step: 39
 | Agent Prior Target Score SMILES SMILES_state Warheads Linker Scaffold linker logP linker logP (raw) linker TPSA linker TPSA (raw) linker MW linker MW (raw) linker rotatable bonds linker rotatable bonds (raw) synthetic accessibility synthetic accessibility (raw) avoid cleavable motif (non-cleavable payload) avoid cleavable motif (non-cleavable payload) (raw) labile group alerts labile group alerts (raw) matchting_patterns (avoid cleavable motif (non-cleavable payload)) matchting_patterns (labile group alerts)
 | 7.4980 24.2467 -24.2467 0.0000000 Cc1ccc(C(=O)N2Cc3ccccc3C#Cc3ccccc32)cc1NC(=O)c1ccnc(NC2CCC(CN)CC2)n1 1 *N1Cc2ccccc2C#Cc2ccccc21|C1(CN)CCC(*)CC1 c1(C(=O)Nc2cc(C(=O)[*])ccc2C)nc(N[*])ncc1 O=C(Nc1cccc(C(=O)N2Cc3ccccc3C#Cc3ccccc32)c1)c1ccnc(NC2CCCCC2)n1 0.9836738 1.4320 0.9299610 97.9700 1.0000000 256.2650 0.8720069 3.0000 0.2397283 3.4010 1.0000000 1.0000 1.0000000 1.0000 [] []
 | 11.5310 40.9059 -40.9059 0.0000000 n1(-c2cccc(C(=O)[*])c2C)ncc(C(=O)N[*])c1=O 0 *N1Cc2ccccc2C#Cc2ccccc21|C1(CN)CCC(*)CC1 n1(-c2cccc(C(=O)[*])c2C)ncc(C(=O)N[*])c1=O -- 0.0000000 0.0000 0.0000000 0.0000 0.0000000 0.0000 0.0000000 0.0000 0.0000000 0.0000 0.0000000 0.0000 0.0000000 0.0000 None None
 | 10.9096 22.3998 53.0485 0.5894397 NCC1CCC(c2ccc(C(=O)Nc3ccc(C(=O)N4Cc5ccccc5C#Cc5ccccc54)nc3)cn2)CC1 1 *N1Cc2ccccc2C#Cc2ccccc21|C1(CN)CCC(*)CC1 c1(C(=O)Nc2ccc(C(=O)[*])nc2)ccc([*])nc1 O=C(Nc1ccc(C(=O)N2Cc3ccccc3C#Cc3ccccc32)nc1)c1ccc(C2CCCCC2)nc1 0.9753679 1.5414 0.2389420 71.9500 1.0000000 227.2230 0.8720069 3.0000 0.2318199 3.4163 1.0000000 1.0000 1.0000000 1.0000 [] []
 | 7.8897 27.3665 61.1629 0.6916358 NCC1CCC(NC(=O)c2ccc(-c3ccc(C(=O)N4Cc5ccccc5C#Cc5ccccc54)cn3)nc2)CC1 1 *N1Cc2ccccc2C#Cc2ccccc21|C1(CN)CCC(*)CC1 O=C(c1ccc(-c2ccc(C(=O)[*])cn2)nc1)N[*] O=C(NC1CCCCC1)c1ccc(-c2ccc(C(=O)N3Cc4ccccc4C#Cc4ccccc43)cn2)nc1 0.9961098 1.0550 0.7015804 85.9400 1.0000000 227.2230 0.8720069 3.0000 0.2676992 3.3496 1.0000000 1.0000 1.0000000 1.0000 [] []
 | 16.6007 36.3800 15.3876 0.4044343 NCC1CCC(Nc2nccc(-n3cccc3C(=O)c3cccc(C(=O)N4Cc5ccccc5C#Cc5ccccc54)c3)n2)CC1 1 *N1Cc2ccccc2C#Cc2ccccc21|C1(CN)CCC(*)CC1 c1ccc(C(=O)c2cc(C(=O)[*])ccc2)n1-c1ccnc(N[*])n1 O=C(c1cccc(C(=O)N2Cc3ccccc3C#Cc3ccccc32)c1)c1cccn1-c1ccnc(NC2CCCCC2)n1 0.9112868 1.8930 0.8269722 90.8700 1.0000000 292.2980 0.1279931 4.0000 0.1429759 3.6222 1.0000000 1.0000 1.0000000 1.0000 [] []
 | 8.5557 25.8637 55.6643 0.6369379 Cc1ccc(C(=O)N2Cc3ccccc3C#Cc3ccccc32)cc1-c1cnc(NC2CCC(CN)CC2)nn1 1 *N1Cc2ccccc2C#Cc2ccccc21|C1(CN)CCC(*)CC1 c1c(-c2cc(C(=O)[*])ccc2C)nnc(N[*])n1 O=C(c1cccc(-c2cnc(NC3CCCCC3)nn2)c1)N1Cc2ccccc2C#Cc2ccccc21 0.9920675 1.2417 0.5629848 81.7600 1.0000000 214.2280 0.9968477 2.0000 0.1851278 3.5149 1.0000000 1.0000 1.0000000 1.0000 [] []
 | 8.0105 20.4019 47.2575 0.5285890 NCC1CCC(NC(=O)c2cc(C(=O)N3Cc4ccccc4C#Cc4ccccc43)cc(C(F)(F)F)c2)CC1 1 *N1Cc2ccccc2C#Cc2ccccc21|C1(CN)CCC(*)CC1 O=C(c1cc(C(=O)[*])cc(C(F)(F)F)c1)N[*] O=C(NC1CCCCC1)c1cccc(C(=O)N2Cc3ccccc3C#Cc3ccccc32)c1 0.9673718 1.6168 0.0544129 60.1600 1.0000000 217.1460 0.9968477 2.0000 0.2688496 3.3476 1.0000000 1.0000 1.0000000 1.0000 [] []
 | 12.8549 25.1314 15.6400 0.3185262 Cc1cc(C(=O)N2Cc3ccccc3C#Cc3ccccc32)cc(-n2ccc(C3CCC(CN)CC3)n2)c1 1 *N1Cc2ccccc2C#Cc2ccccc21|C1(CN)CCC(*)CC1 c1c(C([*])=O)cc(-n2ccc([*])n2)cc1C O=C(c1cccc(-n2ccc(C3CCCCC3)n2)c1)N1Cc2ccccc2C#Cc2ccccc21 0.8748829 1.9932 0.0015134 34.8900 1.0000000 186.2140 0.9968477 2.0000 0.1919284 3.4994 1.0000000 1.0000 1.0000000 1.0000 [] []
 | 15.3116 39.5086 43.6074 0.6493438 Cc1cc(-c2cncc(C(=O)N3Cc4ccccc4C#Cc4ccccc43)c2)cc(C(=O)NC2CCC(CN)CC2)n1 1 *N1Cc2ccccc2C#Cc2ccccc21|C1(CN)CCC(*)CC1 c1c(-c2cc(C([*])=O)cnc2)cc(C(=O)N[*])nc1C O=C(NC1CCCCC1)c1cc(-c2cncc(C(=O)N3Cc4ccccc4C#Cc4ccccc43)c2)ccn1 0.9874051 1.3634 0.7015804 85.9400 1.0000000 241.2500 0.8720069 3.0000 0.2045910 3.4718 1.0000000 1.0000 1.0000000 1.0000 [] []
 | 8.2612 26.5218 61.2674 0.6858534 Cc1cc(C(=O)N2Cc3ccccc3C#Cc3ccccc32)ccc1NC(=O)c1cc(NC2CCC(CN)CC2)ncn1 1 *N1Cc2ccccc2C#Cc2ccccc21|C1(CN)CCC(*)CC1 c1c(C(=O)Nc2ccc(C(=O)[*])cc2C)ncnc1N[*] O=C(Nc1ccc(C(=O)N2Cc3ccccc3C#Cc3ccccc32)cc1)c1cc(NC2CCCCC2)ncn1 0.9836738 1.4320 0.9299610 97.9700 1.0000000 256.2650 0.8720069 3.0000 0.2269166 3.4259 1.0000000 1.0000 1.0000000 1.0000 [] []
18:32:14 <INFO> Score: 0.45 Agent NLL: 12.68 Valid:  94% Step: 40
 | Agent Prior Target Score SMILES SMILES_state Warheads Linker Scaffold linker logP linker logP (raw) linker TPSA linker TPSA (raw) linker MW linker MW (raw) linker rotatable bonds linker rotatable bonds (raw) synthetic accessibility synthetic accessibility (raw) avoid cleavable motif (non-cleavable payload) avoid cleavable motif (non-cleavable payload) (raw) labile group alerts labile group alerts (raw) matchting_patterns (avoid cleavable motif (non-cleavable payload)) matchting_patterns (labile group alerts)
 | 23.4286 37.6687 34.2512 0.5618743 COC(=O)c1nc(-c2cc(C3CCC(CN)CC3)nc(C)n2)cnc1N1Cc2ccccc2C#Cc2ccccc21 1 c1ccc2c(c1)CN(*)c1ccccc1C#C2|C1(*)CCC(CN)CC1 c1c(-c2cnc([*])c(C(=O)OC)n2)nc(C)nc1[*] C1#Cc2ccccc2N(c2cnc(-c3cc(C4CCCCC4)ncn3)cn2)Cc2ccccc21 0.9964830 1.0286 0.4236102 77.8600 1.0000000 230.2270 0.9968477 2.0000 0.1223751 3.6845 1.0000000 1.0000 1.0000000 1.0000 [] []
 | 10.5719 32.4163 48.6570 0.6333854 NCC1CCC(NC(=O)c2ccc(-c3cccc(C(=O)N4Cc5ccccc5C#Cc5ccccc54)c3)cn2)CC1 1 c1ccc2c(c1)CN(*)c1ccccc1C#C2|C1(*)CCC(CN)CC1 c1c(C([*])=O)cccc1-c1cnc(C(=O)N[*])cc1 O=C(NC1CCCCC1)c1ccc(-c2cccc(C(=O)N3Cc4ccccc4C#Cc4ccccc43)c2)cn1 0.9617135 1.6600 0.2689050 73.0500 1.0000000 226.2350 0.8720069 3.0000 0.3041067 3.2876 1.0000000 1.0000 1.0000000 1.0000 [] []
 | 9.9628 21.1633 62.9586 0.6572024 NCC1CCC(Nc2nccc(-c3ccnc(C(=O)N4Cc5ccccc5C#Cc5ccccc54)c3)n2)CC1 1 c1ccc2c(c1)CN(*)c1ccccc1C#C2|C1(*)CCC(CN)CC1 c1(C(=O)[*])cc(-c2nc(N[*])ncc2)ccn1 O=C(c1cc(-c2ccnc(NC3CCCCC3)n2)ccn1)N1Cc2ccccc2C#Cc2ccccc21 0.9975579 0.9333 0.5629848 81.7600 1.0000000 200.2010 0.9968477 2.0000 0.2113119 3.4576 1.0000000 1.0000 1.0000000 1.0000 [] []
 | 11.4837 35.4992 45.3756 0.6318343 NCC1CCC(NC(=O)c2cccc(-c3cccc(C(=O)N4Cc5ccccc5C#Cc5ccccc54)n3)c2)CC1 1 c1ccc2c(c1)CN(*)c1ccccc1C#C2|C1(*)CCC(CN)CC1 c1c(-c2nc(C([*])=O)ccc2)cccc1C(=O)N[*] O=C(NC1CCCCC1)c1cccc(-c2cccc(C(=O)N3Cc4ccccc4C#Cc4ccccc43)n2)c1 0.9617135 1.6600 0.2689050 73.0500 1.0000000 226.2350 0.8720069 3.0000 0.3008436 3.2930 1.0000000 1.0000 1.0000000 1.0000 [] []
 | 8.9412 20.9470 62.0102 0.6481029 NCC1CCC(Nc2ncc(-c3ncccc3C(=O)N3Cc4ccccc4C#Cc4ccccc43)cn2)CC1 1 c1ccc2c(c1)CN(*)c1ccccc1C#C2|C1(*)CCC(CN)CC1 c1c(C([*])=O)c(-c2cnc(N[*])nc2)ncc1 O=C(c1cccnc1-c1cnc(NC2CCCCC2)nc1)N1Cc2ccccc2C#Cc2ccccc21 0.9975579 0.9333 0.5629848 81.7600 1.0000000 200.2010 0.9968477 2.0000 0.1987380 3.4844 1.0000000 1.0000 1.0000000 1.0000 [] []
 | 10.8587 23.3856 50.0123 0.5734211 Cc1cc(C(=O)N2Cc3ccccc3C#Cc3ccccc32)ccc1-c1cc(NC2CCC(CN)CC2)ncn1 1 c1ccc2c(c1)CN(*)c1ccccc1C#C2|C1(*)CCC(CN)CC1 c1c(-c2ccc(C(=O)[*])cc2C)ncnc1N[*] O=C(c1ccc(-c2cc(NC3CCCCC3)ncn2)cc1)N1Cc2ccccc2C#Cc2ccccc21 0.9246349 1.8467 0.1677392 68.8700 1.0000000 213.2400 0.9968477 2.0000 0.2292085 3.4214 1.0000000 1.0000 1.0000000 1.0000 [] []
 | 10.4973 38.6638 42.1749 0.6315522 Cc1nccc(C(=O)N2Cc3ccccc3C#Cc3ccccc32)c1-c1cccc(C(=O)NC2CCC(CN)CC2)n1 1 c1ccc2c(c1)CN(*)c1ccccc1C#C2|C1(*)CCC(CN)CC1 c1(C(=O)[*])c(-c2nc(C(=O)N[*])ccc2)c(C)ncc1 O=C(NC1CCCCC1)c1cccc(-c2cnccc2C(=O)N2Cc3ccccc3C#Cc3ccccc32)n1 0.9874051 1.3634 0.7015804 85.9400 1.0000000 241.2500 0.8720069 3.0000 0.1810500 3.5244 1.0000000 1.0000 1.0000000 1.0000 [] []
 | 15.0656 38.0639 18.0020 0.4380153 NCC1CCC(NC(=O)c2cccc(-n3c(C(N)=O)ccc3C(=O)N3Cc4ccccc4C#Cc4ccccc43)c2)CC1 1 c1ccc2c(c1)CN(*)c1ccccc1C#C2|C1(*)CCC(CN)CC1 c1ccc(-n2c(C(=O)[*])ccc2C(=O)N)cc1C(=O)N[*] O=C(NC1CCCCC1)c1cccc(-n2cccc2C(=O)N2Cc3ccccc3C#Cc3ccccc32)c1 0.9995576 0.4876 0.9829671 108.1800 1.0000000 257.2490 0.1279931 4.0000 0.1698273 3.5513 1.0000000 1.0000 1.0000000 1.0000 [] []
 | 8.3744 25.6582 51.2578 0.6009063 Cc1ncc(C(=O)N2Cc3ccccc3C#Cc3ccccc32)cc1-c1cccc(C(=O)NC2CCC(CN)CC2)c1 1 c1ccc2c(c1)CN(*)c1ccccc1C#C2|C1(*)CCC(CN)CC1 O=C(c1cccc(-c2cc(C(=O)[*])cnc2C)c1)N[*] O=C(NC1CCCCC1)c1cccc(-c2cncc(C(=O)N3Cc4ccccc4C#Cc4ccccc43)c2)c1 0.8849347 1.9684 0.2689050 73.0500 1.0000000 240.2620 0.8720069 3.0000 0.2621628 3.3595 1.0000000 1.0000 1.0000000 1.0000 [] []
 | 9.3462 22.4565 50.7739 0.5721122 Cc1ncc(-c2cccc(C(=O)N3Cc4ccccc4C#Cc4ccccc43)c2)nc1NC1CCC(CN)CC1 1 c1ccc2c(c1)CN(*)c1ccccc1C#C2|C1(*)CCC(CN)CC1 n1cc(-c2cccc(C(=O)[*])c2)nc(N[*])c1C O=C(c1cccc(-c2cncc(NC3CCCCC3)n2)c1)N1Cc2ccccc2C#Cc2ccccc21 0.9246349 1.8467 0.1677392 68.8700 1.0000000 213.2400 0.9968477 2.0000 0.2269153 3.4259 1.0000000 1.0000 1.0000000 1.0000 [] []
18:32:14 <WARN> Maximum number of steps of 40 reached in stage 1. Terminating all stages.
18:32:14 <INFO> Peak main memory usage: 2713.758 MiB
18:32:14 <INFO> Finished REINVENT on 2026-07-02
