Agent,Prior,Target,Score,SMILES,SMILES_state,Warheads,Linker,Scaffold,linker logP,linker logP (raw),linker TPSA,linker TPSA (raw),linker MW,linker MW (raw),linker rotatable bonds,linker rotatable bonds (raw),synthetic accessibility,synthetic accessibility (raw),avoid cleavable motif (non-cleavable payload),avoid cleavable motif (non-cleavable payload) (raw),labile group alerts,labile group alerts (raw),matchting_patterns (avoid cleavable motif (non-cleavable payload)),matchting_patterns (labile group alerts),step
3.9195,3.9195,-3.5307,0.0030373,NCC1CCC(CCNC(=O)N2Cc3ccccc3C#Cc3ccccc32)CC1,1,C1c2c(cccc2)C#Cc2c(cccc2)N1*|C1CC(CN)CCC1*,C([*])(NCC[*])=O,O=C(NCCC1CCCCC1)N1Cc2ccccc2C#Cc2ccccc21,0.9999319,0.0000,0.0000100,0.0000,0.0000000,0.0000,0.9999985,0.0000,0.2648346,3.3547,1.0000000,1.0000,1.0000000,1.0000,[],[],1
3.0638,3.0638,-3.0638,0.0000000,NCC1CCC(CCNC(=O)N2Cc3ccccc3C#Cc3ccccc32)CC1,2,C1c2c(cccc2)C#Cc2c(cccc2)N1*|C1CC(CN)CCC1*,[*]C(=O)NCC[*],O=C(NCCC1CCCCC1)N1Cc2ccccc2C#Cc2ccccc21,0.0000000,0.0000,0.0000000,0.0000,0.0000000,0.0000,0.0000000,0.0000,0.0000000,3.3547,0.0000000,1.0000,0.0000000,1.0000,[],[],1
7.3502,7.3502,-6.8366,0.0040131,NCC1CCC(CCCCC(=O)N2Cc3ccccc3C#Cc3ccccc32)CC1,1,C1c2c(cccc2)C#Cc2c(cccc2)N1*|C1CC(CN)CCC1*,C(C(=O)[*])CCC[*],O=C(CCCCC1CCCCC1)N1Cc2ccccc2C#Cc2ccccc21,0.9868153,1.3755,0.0001166,17.0700,0.0000000,86.1340,0.8720069,3.0000,0.3028379,3.2897,1.0000000,1.0000,1.0000000,1.0000,[],[],1
5.2083,5.2083,-4.8125,0.0030921,NCC1CCC(CCCC(=O)N2Cc3ccccc3C#Cc3ccccc32)CC1,1,C1c2c(cccc2)C#Cc2c(cccc2)N1*|C1CC(CN)CCC1*,O=C([*])CCC[*],O=C(CCCC1CCCCC1)N1Cc2ccccc2C#Cc2ccccc21,0.9999319,0.0000,0.0000100,0.0000,0.0000000,0.0000,0.9999985,0.0000,0.2865302,3.3170,1.0000000,1.0000,1.0000000,1.0000,[],[],1
3.7208,3.7208,-3.3255,0.0030886,NCC1CCC(CCCN2Cc3ccccc3C#Cc3ccccc32)CC1,1,C1c2c(cccc2)C#Cc2c(cccc2)N1*|C1CC(CN)CCC1*,[*]CCC[*],C1#Cc2ccccc2N(CCCC2CCCCC2)Cc2ccccc21,0.9999319,0.0000,0.0000100,0.0000,0.0000000,0.0000,0.9999985,0.0000,0.2850722,3.3194,1.0000000,1.0000,1.0000000,1.0000,[],[],1
3.0792,3.0792,-3.0792,0.0000000,NCC1CCC(CCNC(=O)N2Cc3ccccc3C#Cc3ccccc32)CC1,2,C1c2c(cccc2)C#Cc2c(cccc2)N1*|C1CC(CN)CCC1*,[*]C(NCC[*])=O,O=C(NCCC1CCCCC1)N1Cc2ccccc2C#Cc2ccccc21,0.0000000,0.0000,0.0000000,0.0000,0.0000000,0.0000,0.0000000,0.0000,0.0000000,3.3547,0.0000000,1.0000,0.0000000,1.0000,[],[],1
4.1444,4.1444,-4.1444,0.0000000,NCC1CCC(CCCC(=O)N2Cc3ccccc3C#Cc3ccccc32)CC1,2,C1c2c(cccc2)C#Cc2c(cccc2)N1*|C1CC(CN)CCC1*,[*]C(=O)CCC[*],O=C(CCCC1CCCCC1)N1Cc2ccccc2C#Cc2ccccc21,0.0000000,0.0000,0.0000000,0.0000,0.0000000,0.0000,0.0000000,0.0000,0.0000000,3.3170,0.0000000,1.0000,0.0000000,1.0000,[],[],1
18.4982,18.4982,14.2165,0.2555840,CC1(C(=O)N2Cc3ccccc3C#Cc3ccccc32)CCCCC1n1nnc(C2CCC(CN)CC2)n1,1,C1c2c(cccc2)C#Cc2c(cccc2)N1*|C1CC(CN)CCC1*,n1(C2CCCCC2(C)C([*])=O)nnc([*])n1,O=C(C1CCCCC1n1nnc(C2CCCCC2)n1)N1Cc2ccccc2C#Cc2ccccc21,0.9969263,0.9934,0.0583150,60.6700,1.0000000,194.2380,0.9968477,2.0000,0.0102998,4.5861,1.0000000,1.0000,1.0000000,1.0000,[],[],1
5.4437,5.4437,-5.4437,0.0000000,NCC1CCC(CCNC(=O)N2Cc3ccccc3C#Cc3ccccc32)CC1,2,C1c2c(cccc2)C#Cc2c(cccc2)N1*|C1CC(CN)CCC1*,C(CNC([*])=O)[*],O=C(NCCC1CCCCC1)N1Cc2ccccc2C#Cc2ccccc21,0.0000000,0.0000,0.0000000,0.0000,0.0000000,0.0000,0.0000000,0.0000,0.0000000,3.3547,0.0000000,1.0000,0.0000000,1.0000,[],[],1
11.5873,11.5873,-11.0314,0.0043427,NCC1CCC(CC(=O)N2CCCC2C(=O)N2Cc3ccccc3C#Cc3ccccc32)CC1,1,C1c2c(cccc2)C#Cc2c(cccc2)N1*|C1CC(CN)CCC1*,C1(C(=O)[*])CCCN1C(=O)C[*],O=C(C1CCCN1C(=O)CC1CCCCC1)N1Cc2ccccc2C#Cc2ccccc21,0.9998553,0.1962,0.0021643,37.3800,0.0000000,141.1700,0.9999319,1.0000,0.0868129,3.8176,1.0000000,1.0000,1.0000000,1.0000,[],[],1
5.0215,5.0215,-5.0215,0.0000000,NCC1CCC(CCCN2Cc3ccccc3C#Cc3ccccc32)CC1,2,C1c2c(cccc2)C#Cc2c(cccc2)N1*|C1CC(CN)CCC1*,C(C[*])C[*],C1#Cc2ccccc2N(CCCC2CCCCC2)Cc2ccccc21,0.0000000,0.0000,0.0000000,0.0000,0.0000000,0.0000,0.0000000,0.0000,0.0000000,3.3194,0.0000000,1.0000,0.0000000,1.0000,[],[],1
4.0047,4.0047,-4.0047,0.0000000,NCC1CCC(CCNC(=O)N2Cc3ccccc3C#Cc3ccccc32)CC1,2,C1c2c(cccc2)C#Cc2c(cccc2)N1*|C1CC(CN)CCC1*,C([*])(=O)NCC[*],O=C(NCCC1CCCCC1)N1Cc2ccccc2C#Cc2ccccc21,0.0000000,0.0000,0.0000000,0.0000,0.0000000,0.0000,0.0000000,0.0000,0.0000000,3.3547,0.0000000,1.0000,0.0000000,1.0000,[],[],1
3.9195,3.9195,-3.9195,0.0000000,NCC1CCC(CCNC(=O)N2Cc3ccccc3C#Cc3ccccc32)CC1,2,C1c2c(cccc2)C#Cc2c(cccc2)N1*|C1CC(CN)CCC1*,C([*])(NCC[*])=O,O=C(NCCC1CCCCC1)N1Cc2ccccc2C#Cc2ccccc21,0.0000000,0.0000,0.0000000,0.0000,0.0000000,0.0000,0.0000000,0.0000,0.0000000,3.3547,0.0000000,1.0000,0.0000000,1.0000,[],[],1
5.1736,5.1736,-5.1736,0.0000000,NCC1CCC(CCNC(=O)N2Cc3ccccc3C#Cc3ccccc32)CC1,2,C1c2c(cccc2)C#Cc2c(cccc2)N1*|C1CC(CN)CCC1*,N(C([*])=O)CC[*],O=C(NCCC1CCCCC1)N1Cc2ccccc2C#Cc2ccccc21,0.0000000,0.0000,0.0000000,0.0000,0.0000000,0.0000,0.0000000,0.0000,0.0000000,3.3547,0.0000000,1.0000,0.0000000,1.0000,[],[],1
13.2424,13.2424,31.9171,0.3528088,CN(C(=O)CCC1CCC(CN)CC1)C1CCN(C(=O)N2Cc3ccccc3C#Cc3ccccc32)CC1,1,C1c2c(cccc2)C#Cc2c(cccc2)N1*|C1CC(CN)CCC1*,[*]C(=O)N1CCC(N(C(CC[*])=O)C)CC1,O=C(CCC1CCCCC1)NC1CCN(C(=O)N2Cc3ccccc3C#Cc3ccccc32)CC1,0.9995775,0.4756,0.0034455,40.6200,1.0000000,198.2660,0.8720069,3.0000,0.1969079,3.4884,1.0000000,1.0000,1.0000000,1.0000,[],[],1
3.9195,3.9195,-3.9195,0.0000000,NCC1CCC(CCNC(=O)N2Cc3ccccc3C#Cc3ccccc32)CC1,2,C1c2c(cccc2)C#Cc2c(cccc2)N1*|C1CC(CN)CCC1*,C([*])(NCC[*])=O,O=C(NCCC1CCCCC1)N1Cc2ccccc2C#Cc2ccccc21,0.0000000,0.0000,0.0000000,0.0000,0.0000000,0.0000,0.0000000,0.0000,0.0000000,3.3547,0.0000000,1.0000,0.0000000,1.0000,[],[],1
3.2120,3.2120,-3.2120,0.0000000,NCC1CCC(CCNC(=O)N2Cc3ccccc3C#Cc3ccccc32)CC1,2,C1c2c(cccc2)C#Cc2c(cccc2)N1*|C1CC(CN)CCC1*,O=C([*])NCC[*],O=C(NCCC1CCCCC1)N1Cc2ccccc2C#Cc2ccccc21,0.0000000,0.0000,0.0000000,0.0000,0.0000000,0.0000,0.0000000,0.0000,0.0000000,3.3547,0.0000000,1.0000,0.0000000,1.0000,[],[],1
4.6304,4.6304,-4.6304,0.0000000,NCC1CCC(CCCC(=O)N2Cc3ccccc3C#Cc3ccccc32)CC1,2,C1c2c(cccc2)C#Cc2c(cccc2)N1*|C1CC(CN)CCC1*,C(C([*])=O)CC[*],O=C(CCCC1CCCCC1)N1Cc2ccccc2C#Cc2ccccc21,0.0000000,0.0000,0.0000000,0.0000,0.0000000,0.0000,0.0000000,0.0000,0.0000000,3.3170,0.0000000,1.0000,0.0000000,1.0000,[],[],1
5.0226,5.0226,-4.4104,0.0047824,NCC1CCC(CCCNC(=O)N2Cc3ccccc3C#Cc3ccccc32)CC1,1,C1c2c(cccc2)C#Cc2c(cccc2)N1*|C1CC(CN)CCC1*,O=C([*])NCCC[*],O=C(NCCCC1CCCCC1)N1Cc2ccccc2C#Cc2ccccc21,0.9998823,0.1424,0.0006584,29.1000,0.0000000,87.1220,0.8720069,3.0000,0.2721346,3.3418,1.0000000,1.0000,1.0000000,1.0000,[],[],1
3.0792,3.0792,-3.0792,0.0000000,NCC1CCC(CCNC(=O)N2Cc3ccccc3C#Cc3ccccc32)CC1,2,C1c2c(cccc2)C#Cc2c(cccc2)N1*|C1CC(CN)CCC1*,[*]C(NCC[*])=O,O=C(NCCC1CCCCC1)N1Cc2ccccc2C#Cc2ccccc21,0.0000000,0.0000,0.0000000,0.0000,0.0000000,0.0000,0.0000000,0.0000,0.0000000,3.3547,0.0000000,1.0000,0.0000000,1.0000,[],[],1
7.0722,7.0722,-6.2691,0.0062747,NCC1CCC(NC2CCN(C(=O)N3Cc4ccccc4C#Cc4ccccc43)CC2)CC1,1,C1c2c(cccc2)C#Cc2c(cccc2)N1*|C1CC(CN)CCC1*,C([*])(N1CCC(N[*])CC1)=O,O=C(N1CCC(NC2CCCCC2)CC1)N1Cc2ccccc2C#Cc2ccccc21,0.9999871,-0.4341,0.0078023,46.3300,0.0000000,128.1750,0.9999319,1.0000,0.2308447,3.4182,1.0000000,1.0000,1.0000000,1.0000,[],[],1
3.9195,3.9195,-3.9195,0.0000000,NCC1CCC(CCNC(=O)N2Cc3ccccc3C#Cc3ccccc32)CC1,2,C1c2c(cccc2)C#Cc2c(cccc2)N1*|C1CC(CN)CCC1*,C([*])(NCC[*])=O,O=C(NCCC1CCCCC1)N1Cc2ccccc2C#Cc2ccccc21,0.0000000,0.0000,0.0000000,0.0000,0.0000000,0.0000,0.0000000,0.0000,0.0000000,3.3547,0.0000000,1.0000,0.0000000,1.0000,[],[],1
3.9195,3.9195,-3.9195,0.0000000,NCC1CCC(CCNC(=O)N2Cc3ccccc3C#Cc3ccccc32)CC1,2,C1c2c(cccc2)C#Cc2c(cccc2)N1*|C1CC(CN)CCC1*,C([*])(NCC[*])=O,O=C(NCCC1CCCCC1)N1Cc2ccccc2C#Cc2ccccc21,0.0000000,0.0000,0.0000000,0.0000,0.0000000,0.0000,0.0000000,0.0000,0.0000000,3.3547,0.0000000,1.0000,0.0000000,1.0000,[],[],1
6.9038,6.9038,-6.3963,0.0039647,NCC1CCC(C2CCC(C(=O)N3Cc4ccccc4C#Cc4ccccc43)CC2)CC1,1,C1c2c(cccc2)C#Cc2c(cccc2)N1*|C1CC(CN)CCC1*,C1CC(C(=O)[*])CCC1[*],O=C(C1CCC(C2CCCCC2)CC1)N1Cc2ccccc2C#Cc2ccccc21,0.9436601,1.7656,0.0001166,17.0700,0.0000000,112.1720,0.9999319,1.0000,0.2654068,3.3537,1.0000000,1.0000,1.0000000,1.0000,[],[],1
19.6258,19.6258,-17.5588,0.0161484,NCC1CCC(CCCC(=O)NC2CCC(CCCCN3Cc4ccccc4C#Cc4ccccc43)CC2)CC1,1,C1c2c(cccc2)C#Cc2c(cccc2)N1*|C1CC(CN)CCC1*,C(CCC(NC1CCC(CCCC[*])CC1)=O)[*],O=C(CCCC1CCCCC1)NC1CCC(CCCCN2Cc3ccccc3C#Cc3ccccc32)CC1,0.0118933,3.6517,0.0006584,29.1000,1.0000000,225.3760,0.0000681,6.0000,0.2405716,3.3994,1.0000000,1.0000,1.0000000,1.0000,[],[],1
8.3795,8.3795,-8.0841,0.0023080,NCC1CCC(NCCCCNC(=O)N2Cc3ccccc3C#Cc3ccccc32)CC1,1,C1c2c(cccc2)C#Cc2c(cccc2)N1*|C1CC(CN)CCC1*,C(CCCNC(=O)[*])N[*],O=C(NCCCCNC1CCCCC1)N1Cc2ccccc2C#Cc2ccccc21,0.9999911,-0.5287,0.0271060,55.1200,0.0000000,116.1640,0.0031523,5.0000,0.2710078,3.3438,1.0000000,1.0000,1.0000000,1.0000,[],[],1
16.3666,16.3666,-15.8132,0.0043238,NCC1CCC(CC2COC(=O)N2CC(=O)N2Cc3ccccc3C#Cc3ccccc32)CC1,1,C1c2c(cccc2)C#Cc2c(cccc2)N1*|C1CC(CN)CCC1*,C(=O)([*])CN1C(=O)OCC1C[*],O=C(CN1C(=O)OCC1CC1CCCCC1)N1Cc2ccccc2C#Cc2ccccc21,0.9999247,0.0260,0.0081205,46.6100,0.0000000,143.1420,0.9968477,2.0000,0.0440856,4.0689,1.0000000,1.0000,1.0000000,1.0000,[],[],1
26.0884,26.0884,-23.9359,0.0168165,CC(C)(C)OC(=O)NC(CC1CCC(CN)CC1)C(=O)OCCOCCC(=O)N1Cc2ccccc2C#Cc2ccccc21,1,C1c2c(cccc2)C#Cc2c(cccc2)N1*|C1CC(CN)CCC1*,O(CCC([*])=O)CCOC(=O)C(C[*])NC(OC(C)(C)C)=O,O=C(CCC1CCCCC1)OCCOCCC(=O)N1Cc2ccccc2C#Cc2ccccc21,0.9962067,1.0484,0.8282042,90.9300,1.0000000,289.3280,0.0000001,8.0000,0.0547106,3.9900,1.0000000,1.0000,1.0000000,1.0000,[],[],1
12.8228,12.8228,-11.7618,0.0082887,NCC1CCC(c2nnc(NC(=O)N3Cc4ccccc4C#Cc4ccccc43)o2)CC1,1,C1c2c(cccc2)C#Cc2c(cccc2)N1*|C1CC(CN)CCC1*,[*]C(=O)Nc1nnc([*])o1,O=C(Nc1nnc(C2CCCCC2)o1)N1Cc2ccccc2C#Cc2ccccc21,0.9999830,-0.3621,0.1513488,68.0200,0.0000000,113.0760,0.9968477,2.0000,0.1788893,3.5295,1.0000000,1.0000,1.0000000,1.0000,[],[],1
4.9166,4.9166,-4.9166,0.0000000,NCC1CCC(CCCC(=O)N2Cc3ccccc3C#Cc3ccccc32)CC1,2,C1c2c(cccc2)C#Cc2c(cccc2)N1*|C1CC(CN)CCC1*,[*]C(CCC[*])=O,O=C(CCCC1CCCCC1)N1Cc2ccccc2C#Cc2ccccc21,0.0000000,0.0000,0.0000000,0.0000,0.0000000,0.0000,0.0000000,0.0000,0.0000000,3.3170,0.0000000,1.0000,0.0000000,1.0000,[],[],1
5.4437,5.4437,-5.4437,0.0000000,NCC1CCC(CCNC(=O)N2Cc3ccccc3C#Cc3ccccc32)CC1,2,C1c2c(cccc2)C#Cc2c(cccc2)N1*|C1CC(CN)CCC1*,C(CNC([*])=O)[*],O=C(NCCC1CCCCC1)N1Cc2ccccc2C#Cc2ccccc21,0.0000000,0.0000,0.0000000,0.0000,0.0000000,0.0000,0.0000000,0.0000,0.0000000,3.3547,0.0000000,1.0000,0.0000000,1.0000,[],[],1
7.5830,7.5830,-7.1154,0.0036533,CN(CCCN1Cc2ccccc2C#Cc2ccccc21)C1CCC(CN)CC1,1,C1c2c(cccc2)C#Cc2c(cccc2)N1*|C1CC(CN)CCC1*,[*]CCCN([*])C,C1#Cc2ccccc2N(CCCNC2CCCCC2)Cc2ccccc21,0.9992766,0.6158,0.0000565,12.0300,0.0000000,73.1390,0.9968477,2.0000,0.2520298,3.3779,1.0000000,1.0000,1.0000000,1.0000,[],[],1
5.5100,7.3189,-6.9587,0.0028140,CN(C1CCC(CN)CC1)C1CCN(C(=O)N2Cc3ccccc3C#Cc3ccccc32)CC1,1,c1cccc2c1C#Cc1c(cccc1)CN2*|C1CC(CN)CCC1*,O=C([*])N1CCC(N([*])C)CC1,O=C(N1CCC(NC2CCCCC2)CC1)N1Cc2ccccc2C#Cc2ccccc21,0.9999319,0.0000,0.0000100,0.0000,0.0000000,0.0000,0.9999985,0.0000,0.1892502,3.5055,1.0000000,1.0000,1.0000000,1.0000,[],[],2
4.7661,2.8599,-2.4711,0.0030373,NCC1CCC(CCNC(=O)N2Cc3ccccc3C#Cc3ccccc32)CC1,1,c1cccc2c1C#Cc1c(cccc1)CN2*|C1CC(CN)CCC1*,[*]C(NCC[*])=O,O=C(NCCC1CCCCC1)N1Cc2ccccc2C#Cc2ccccc21,0.9999319,0.0000,0.0000100,0.0000,0.0000000,0.0000,0.9999985,0.0000,0.2648346,3.3547,1.0000000,1.0000,1.0000000,1.0000,[],[],2
12.9480,16.8068,62.2974,0.6180013,NCC1CCC(N2CCN(C(=O)c3cn(CC(=O)N4Cc5ccccc5C#Cc5ccccc54)nn3)CC2)CC1,1,c1cccc2c1C#Cc1c(cccc1)CN2*|C1CC(CN)CCC1*,C(=O)(c1cn(CC(=O)[*])nn1)N1CCN([*])CC1,O=C(c1cn(CC(=O)N2Cc3ccccc3C#Cc3ccccc32)nn1)N1CCN(C2CCCCC2)CC1,0.9999998,-1.4776,0.5043173,80.1200,1.0000000,223.2360,0.8720069,3.0000,0.1916609,3.5000,1.0000000,1.0000,1.0000000,1.0000,[],[],2
8.8180,9.8627,-9.2120,0.0050841,NCC1CCC(c2noc(N3Cc4ccccc4C#Cc4ccccc43)n2)CC1,1,c1cccc2c1C#Cc1c(cccc1)CN2*|C1CC(CN)CCC1*,c1([*])nc([*])no1,C1#Cc2ccccc2N(c2nc(C3CCCCC3)no2)Cc2ccccc21,0.9999110,0.0696,0.0026998,38.9200,0.0000000,70.0510,0.9999985,0.0000,0.1554945,3.5879,1.0000000,1.0000,1.0000000,1.0000,[],[],2
5.6185,6.8552,-6.2186,0.0049729,NCC1CCC(N2CCC(C(=O)N3Cc4ccccc4C#Cc4ccccc43)CC2)CC1,1,c1cccc2c1C#Cc1c(cccc1)CN2*|C1CC(CN)CCC1*,C1C(C(=O)[*])CCN([*])C1,O=C(C1CCN(C2CCCCC2)CC1)N1Cc2ccccc2C#Cc2ccccc21,0.9998615,0.1849,0.0006584,29.1000,0.0000000,113.1600,0.9999319,1.0000,0.2857181,3.3183,1.0000000,1.0000,1.0000000,1.0000,[],[],2
11.8716,12.7567,-12.2492,0.0039647,NCC1CCC(c2ccc(C(=O)N3Cc4ccccc4C#Cc4ccccc43)c(Cl)c2)CC1,1,c1cccc2c1C#Cc1c(cccc1)CN2*|C1CC(CN)CCC1*,c1cc(C(=O)[*])c(Cl)cc1[*],O=C(c1ccc(C2CCCCC2)cc1)N1Cc2ccccc2C#Cc2ccccc21,0.7914323,2.1525,0.0001166,17.0700,0.0000000,140.5690,0.9999319,1.0000,0.3164648,3.2675,1.0000000,1.0000,1.0000000,1.0000,[],[],2
3.9594,4.6143,-4.2217,0.0030670,NCC1CCC(N2CCC(N3Cc4ccccc4C#Cc4ccccc43)CC2)CC1,1,c1cccc2c1C#Cc1c(cccc1)CN2*|C1CC(CN)CCC1*,C1CC([*])CCN1[*],C1#Cc2ccccc2N(C2CCN(C3CCCCC3)CC2)Cc2ccccc21,0.9999319,0.0000,0.0000100,0.0000,0.0000000,0.0000,0.9999985,0.0000,0.2764185,3.3343,1.0000000,1.0000,1.0000000,1.0000,[],[],2
9.4891,11.5100,-10.5100,0.0078127,NCC1CCC(Nc2nc(N3Cc4ccccc4C#Cc4ccccc43)nn3ccnc23)CC1,1,c1cccc2c1C#Cc1c(cccc1)CN2*|C1CC(CN)CCC1*,[*]c1nn2c(c(N[*])n1)ncc2,C1#Cc2ccccc2N(c2nc(NC3CCCCC3)c3nccn3n2)Cc2ccccc21,0.9999779,-0.2935,0.1724109,69.1000,0.0000000,135.1300,0.9999985,0.0000,0.1288434,3.6640,1.0000000,1.0000,1.0000000,1.0000,[],[],2
7.6862,8.8024,-8.4145,0.0030308,NCC1CCC(N2CCN(C(=O)N3Cc4ccccc4C#Cc4ccccc43)CC2)CC1,1,c1cccc2c1C#Cc1c(cccc1)CN2*|C1CC(CN)CCC1*,C1N(C(=O)[*])CCN([*])C1,O=C(N1CCN(C2CCCCC2)CC1)N1Cc2ccccc2C#Cc2ccccc21,0.9999319,0.0000,0.0000100,0.0000,0.0000000,0.0000,0.9999985,0.0000,0.2623573,3.3592,1.0000000,1.0000,1.0000000,1.0000,[],[],2
18.8329,24.2022,26.4737,0.3959057,NCC1CCC(N2CCCC(n3nnc(C(=O)N4Cc5ccccc5C#Cc5ccccc54)n3)C2)CC1,1,c1cccc2c1C#Cc1c(cccc1)CN2*|C1CC(CN)CCC1*,O=C([*])c1nnn(C2CN([*])CCC2)n1,O=C(c1nnn(C2CCCN(C3CCCCC3)C2)n1)N1Cc2ccccc2C#Cc2ccccc21,0.9999929,-0.5899,0.2591186,72.7000,1.0000000,181.1990,0.9968477,2.0000,0.0334111,4.1691,1.0000000,1.0000,1.0000000,1.0000,[],[],2
15.1393,21.2935,-21.2935,0.0000000,CC1CCN(C(=O)N2Cc3ccccc3C#Cc3ccccc32)C(=O)C1N(C(=O)CC1CCC(CN)CC1)C1CC1,1,c1cccc2c1C#Cc1c(cccc1)CN2*|C1CC(CN)CCC1*,O=C([*])N1C(=O)C(N(C(C[*])=O)C2CC2)C(C)CC1,O=C1C(N(C(=O)CC2CCCCC2)C2CC2)CCCN1C(=O)N1Cc2ccccc2C#Cc2ccccc21,0.0000000,0.0000,0.0000000,0.0000,0.0000000,0.0000,0.0000000,0.0000,0.0000000,0.0000,0.0000000,0.0000,0.0000000,0.0000,['[NX3][CX4][CX3](=O)[NX3][CX3](=O)'],None,2
5.0934,2.8278,-2.8278,0.0000000,NCC1CCC(CCNC(=O)N2Cc3ccccc3C#Cc3ccccc32)CC1,2,c1cccc2c1C#Cc1c(cccc1)CN2*|C1CC(CN)CCC1*,[*]C(=O)NCC[*],O=C(NCCC1CCCCC1)N1Cc2ccccc2C#Cc2ccccc21,0.0000000,0.0000,0.0000000,0.0000,0.0000000,0.0000,0.0000000,0.0000,0.0000000,3.3547,0.0000000,1.0000,0.0000000,1.0000,[],[],2
7.0973,6.1056,-5.3025,0.0062747,NCC1CCC(NC2CCN(C(=O)N3Cc4ccccc4C#Cc4ccccc43)CC2)CC1,1,c1cccc2c1C#Cc1c(cccc1)CN2*|C1CC(CN)CCC1*,[*]C(N1CCC(N[*])CC1)=O,O=C(N1CCC(NC2CCCCC2)CC1)N1Cc2ccccc2C#Cc2ccccc21,0.9999871,-0.4341,0.0078023,46.3300,0.0000000,128.1750,0.9999319,1.0000,0.2308447,3.4182,1.0000000,1.0000,1.0000000,1.0000,[],[],2
8.7101,8.4166,-7.7639,0.0050988,NCC1CCC(N2CCN(CCC(=O)N3Cc4ccccc4C#Cc4ccccc43)CC2)CC1,1,c1cccc2c1C#Cc1c(cccc1)CN2*|C1CC(CN)CCC1*,C1N(CCC([*])=O)CCN([*])C1,O=C(CCN1CCN(C2CCCCC2)CC1)N1Cc2ccccc2C#Cc2ccccc21,0.9999907,-0.5194,0.0010490,32.3400,0.0000000,142.2020,0.8720069,3.0000,0.2857506,3.3183,1.0000000,1.0000,1.0000000,1.0000,[],[],2
33.8427,40.7170,-9.1605,0.2465351,NCC1CCC(c2nnn(C3C(=O)n4c(C(=O)N5Cc6ccccc6C#Cc6ccccc65)nc(=O)n4CC4CCC43)n2)CC1,1,c1cccc2c1C#Cc1c(cccc1)CN2*|C1CC(CN)CCC1*,n1c(=O)n2n(c1C([*])=O)C(=O)C(n1nnc([*])n1)C1CCC1C2,O=C(c1nc(=O)n2n1C(=O)C(n1nnc(C3CCCCC3)n1)C1CCC1C2)N1Cc2ccccc2C#Cc2ccccc21,0.9999994,-1.2349,0.9955274,117.5600,1.0000000,289.2550,0.9968477,2.0000,0.0021207,5.1381,1.0000000,1.0000,1.0000000,1.0000,[],[],2
6.5508,8.2311,-8.2311,0.0000000,NCC1CCC(N2CCN(C(=O)N3Cc4ccccc4C#Cc4ccccc43)CC2)CC1,2,c1cccc2c1C#Cc1c(cccc1)CN2*|C1CC(CN)CCC1*,C1CN(C([*])=O)CCN1[*],O=C(N1CCN(C2CCCCC2)CC1)N1Cc2ccccc2C#Cc2ccccc21,0.0000000,0.0000,0.0000000,0.0000,0.0000000,0.0000,0.0000000,0.0000,0.0000000,3.3592,0.0000000,1.0000,0.0000000,1.0000,[],[],2
15.8388,25.2791,36.3801,0.4817120,N#CCC1(n2nnc(NC3CCC(CN)CC3)n2)CN(C(=O)N2Cc3ccccc3C#Cc3ccccc32)C1,1,c1cccc2c1C#Cc1c(cccc1)CN2*|C1CC(CN)CCC1*,n1n(C2(CC#N)CN(C([*])=O)C2)nc(N[*])n1,O=C(N1CC(n2nnc(NC3CCCCC3)n2)C1)N1Cc2ccccc2C#Cc2ccccc21,0.9999999,-1.6637,0.9922532,113.7200,1.0000000,207.1970,0.8720069,3.0000,0.0456547,4.0562,1.0000000,1.0000,1.0000000,1.0000,[],[],2
21.0071,26.6335,-1.9415,0.1929062,CC(C)N(C(=O)c1nn(C)c(C2CCC(CN)CC2)c1Cl)C1CCN(C(=O)N2Cc3ccccc3C#Cc3ccccc32)C1,1,c1cccc2c1C#Cc1c(cccc1)CN2*|C1CC(CN)CCC1*,[*]C(=O)N1CC(N(C(c2nn(C)c([*])c2Cl)=O)C(C)C)CC1,O=C(NC1CCN(C(=O)N2Cc3ccccc3C#Cc3ccccc32)C1)c1cc(C2CCCCC2)[nH]n1,0.9943047,1.1548,0.0429946,58.4400,1.0000000,298.7740,0.1279931,4.0000,0.0221222,4.3164,1.0000000,1.0000,1.0000000,1.0000,[],[],2
10.7799,16.2895,16.4936,0.2561179,CN(C(=O)N1CCC(N(C)C2CCC(CN)CC2)C1)C1CCN(C(=O)N2Cc3ccccc3C#Cc3ccccc32)C1,1,c1cccc2c1C#Cc1c(cccc1)CN2*|C1CC(CN)CCC1*,O=C([*])N1CCC(N(C(N2CCC(N([*])C)C2)=O)C)C1,O=C(NC1CCN(C(=O)N2Cc3ccccc3C#Cc3ccccc32)C1)N1CCC(NC2CCCCC2)C1,0.9999873,-0.4374,0.0301865,55.8900,1.0000000,254.3340,0.8720069,3.0000,0.0162467,4.4257,1.0000000,1.0000,1.0000000,1.0000,[],[],2
7.7345,9.9468,-9.1959,0.0058668,NCC1CCC(Cn2cnc(C(=O)N3Cc4ccccc4C#Cc4ccccc43)n2)CC1,1,c1cccc2c1C#Cc1c(cccc1)CN2*|C1CC(CN)CCC1*,c1(C([*])=O)nn(C[*])cn1,O=C(c1ncn(CC2CCCCC2)n1)N1Cc2ccccc2C#Cc2ccccc21,0.9999837,-0.3724,0.0095954,47.7800,0.0000000,111.1040,0.9999319,1.0000,0.1548693,3.5896,1.0000000,1.0000,1.0000000,1.0000,[],[],2
13.6120,12.8452,16.3157,0.2278197,CC(Oc1ccc(C2CCC(CN)CC2)cc1)C(=O)N1Cc2ccccc2C#Cc2ccccc21,1,c1cccc2c1C#Cc1c(cccc1)CN2*|C1CC(CN)CCC1*,[*]C(=O)C(Oc1ccc([*])cc1)C,O=C(COc1ccc(C2CCCCC2)cc1)N1Cc2ccccc2C#Cc2ccccc21,0.9627180,1.6528,0.0004401,26.3000,0.6482471,150.1770,0.8720069,3.0000,0.1287994,3.6642,1.0000000,1.0000,1.0000000,1.0000,[],[],2
10.3096,11.2457,-10.4785,0.0059934,NCC1CCC(c2cc(C(=O)N3Cc4ccccc4C#Cc4ccccc43)n[nH]2)CC1,1,c1cccc2c1C#Cc1c(cccc1)CN2*|C1CC(CN)CCC1*,c1c(C(=O)[*])n[nH]c1[*],O=C(c1cc(C2CCCCC2)[nH]n1)N1Cc2ccccc2C#Cc2ccccc21,0.9998402,0.2222,0.0071820,45.7500,0.0000000,96.0890,0.9999319,1.0000,0.1966675,3.4889,1.0000000,1.0000,1.0000000,1.0000,[],[],2
12.9537,17.8812,32.6788,0.3950003,CN(C(=O)OCCC1CCC(CN)CC1)C1CCN(C(=O)N2Cc3ccccc3C#Cc3ccccc32)CC1,1,c1cccc2c1C#Cc1c(cccc1)CN2*|C1CC(CN)CCC1*,O=C([*])N1CCC(N(C)C(OCC[*])=O)CC1,O=C(NC1CCN(C(=O)N2Cc3ccccc3C#Cc3ccccc32)CC1)OCCC1CCCCC1,0.9990181,0.6955,0.0128823,49.8500,1.0000000,214.2650,0.8720069,3.0000,0.1674907,3.5571,1.0000000,1.0000,1.0000000,1.0000,[],[],2
11.9504,12.7271,-11.5043,0.0095528,NCC1CCC(Nc2nc(N3Cc4ccccc4C#Cc4ccccc43)nnc2C(N)=O)CC1,1,c1cccc2c1C#Cc1c(cccc1)CN2*|C1CC(CN)CCC1*,[*]c1nnc(C(N)=O)c(N[*])n1,C1#Cc2ccccc2N(c2nncc(NC3CCCCC3)n2)Cc2ccccc21,0.9999998,-1.4473,0.9819760,107.7800,0.0000000,139.1180,0.9999319,1.0000,0.1307850,3.6581,1.0000000,1.0000,1.0000000,1.0000,[],[],2
5.6883,9.8009,-8.8616,0.0073385,NCC1CCC(c2nnn(CC(=O)N3Cc4ccccc4C#Cc4ccccc43)n2)CC1,1,c1cccc2c1C#Cc1c(cccc1)CN2*|C1CC(CN)CCC1*,n1(CC([*])=O)nnc([*])n1,O=C(Cn1nnc(C2CCCCC2)n1)N1Cc2ccccc2C#Cc2ccccc21,0.9999991,-1.1280,0.0583150,60.6700,0.0000000,112.0920,0.9968477,2.0000,0.1686576,3.5542,1.0000000,1.0000,1.0000000,1.0000,[],[],2
7.0992,10.1824,-10.1824,0.0000000,CN(C1CCC(CN)CC1)C1CCN(C(=O)N2Cc3ccccc3C#Cc3ccccc32)CC1,2,c1cccc2c1C#Cc1c(cccc1)CN2*|C1CC(CN)CCC1*,C1CN(C(=O)[*])CCC1N([*])C,O=C(N1CCC(NC2CCCCC2)CC1)N1Cc2ccccc2C#Cc2ccccc21,0.0000000,0.0000,0.0000000,0.0000,0.0000000,0.0000,0.0000000,0.0000,0.0000000,3.5055,0.0000000,1.0000,0.0000000,1.0000,[],[],2
12.0205,16.1278,10.3251,0.2066629,CN(C1CCC(CN)CC1)C1CCN(C(=O)N2Cc3ccccc3C#Cc3ccccc32)C(C)(C)C1,1,c1cccc2c1C#Cc1c(cccc1)CN2*|C1CC(CN)CCC1*,[*]C(N1C(C)(C)CC(N(C)[*])CC1)=O,O=C(N1CCC(NC2CCCCC2)CC1)N1Cc2ccccc2C#Cc2ccccc21,0.9993055,0.6052,0.0010490,32.3400,1.0000000,170.2560,0.9968477,2.0000,0.0300811,4.2068,1.0000000,1.0000,1.0000000,1.0000,[],[],2
3.9319,4.5466,-4.5466,0.0000000,NCC1CCC(N2CCC(N3Cc4ccccc4C#Cc4ccccc43)CC2)CC1,2,c1cccc2c1C#Cc1c(cccc1)CN2*|C1CC(CN)CCC1*,C1C([*])CCN([*])C1,C1#Cc2ccccc2N(C2CCN(C3CCCCC3)CC2)Cc2ccccc21,0.0000000,0.0000,0.0000000,0.0000,0.0000000,0.0000,0.0000000,0.0000,0.0000000,3.3343,0.0000000,1.0000,0.0000000,1.0000,[],[],2
18.5036,18.5949,-18.5949,0.0000000,c1c(NC(=O)[*])cc([*])no1,0,c1cccc2c1C#Cc1c(cccc1)CN2*|C1CC(CN)CCC1*,c1c(NC(=O)[*])cc([*])no1,,0.0000000,0.0000,0.0000000,0.0000,0.0000000,0.0000,0.0000000,0.0000,0.0000000,0.0000,0.0000000,0.0000,0.0000000,0.0000,None,None,2
13.3198,13.8403,-13.1888,0.0050895,NCC1CCC(CCN(O)C(=O)N2Cc3ccccc3C#Cc3ccccc32)CC1,1,c1cccc2c1C#Cc1c(cccc1)CN2*|C1CC(CN)CCC1*,C(N(O)C(=O)[*])C[*],O=C(NCCC1CCCCC1)N1Cc2ccccc2C#Cc2ccccc21,0.9999611,-0.1461,0.0034062,40.5400,0.0000000,89.0940,0.9968477,2.0000,0.1394752,3.6322,1.0000000,1.0000,1.0000000,1.0000,[],[],2
6.7467,4.8816,-4.2695,0.0047824,NCC1CCC(CCCNC(=O)N2Cc3ccccc3C#Cc3ccccc32)CC1,1,c1cccc2c1C#Cc1c(cccc1)CN2*|C1CC(CN)CCC1*,O=C([*])NCCC[*],O=C(NCCCC1CCCCC1)N1Cc2ccccc2C#Cc2ccccc21,0.9998823,0.1424,0.0006584,29.1000,0.0000000,87.1220,0.8720069,3.0000,0.2721346,3.3418,1.0000000,1.0000,1.0000000,1.0000,[],[],2
13.1974,12.0115,-11.5267,0.0037877,CN(CCNC(=O)N1Cc2ccccc2C#Cc2ccccc21)C1CCC(CN)CC1,1,c1cccc2c1C#Cc1c(cccc1)CN2*|C1CC(CN)CCC1*,[*]C(=O)NCCN([*])C,O=C(NCCNC1CCCCC1)N1Cc2ccccc2C#Cc2ccccc21,0.9999988,-1.0482,0.0037069,41.1300,0.0000000,102.1370,0.1279931,4.0000,0.2311322,3.4176,1.0000000,1.0000,1.0000000,1.0000,[],[],2
17.0377,21.0661,35.0004,0.4380200,NCC1CCC(N2CCN(Cc3cnc4c(N5Cc6ccccc6C#Cc6ccccc65)ncnn34)CC2)CC1,1,c1ccc2c(c1)CN(*)c1c(cccc1)C#C2|C1(*)CCC(CN)CC1,[*]c1ncnn2c(CN3CCN([*])CC3)cnc12,C1#Cc2ccccc2N(c2ncnn3c(CN4CCN(C5CCCCC5)CC4)cnc23)Cc2ccccc21,0.9999888,-0.4705,0.0424649,58.3500,1.0000000,218.2640,0.9968477,2.0000,0.1287649,3.6643,1.0000000,1.0000,1.0000000,1.0000,[],[],3
3.6739,5.4691,-5.0812,0.0030308,NCC1CCC(N2CCN(C(=O)N3Cc4ccccc4C#Cc4ccccc43)CC2)CC1,1,c1ccc2c(c1)CN(*)c1c(cccc1)C#C2|C1(*)CCC(CN)CC1,[*]C(=O)N1CCN([*])CC1,O=C(N1CCN(C2CCCCC2)CC1)N1Cc2ccccc2C#Cc2ccccc21,0.9999319,0.0000,0.0000100,0.0000,0.0000000,0.0000,0.9999985,0.0000,0.2623573,3.3592,1.0000000,1.0000,1.0000000,1.0000,[],[],3
17.0854,23.7882,2.3564,0.2042551,CC1(C)CCC(N(C(=O)N2Cc3ccccc3C#Cc3ccccc32)C2CCN(C3CCC(CN)CC3)CC2)C1,1,c1ccc2c(c1)CN(*)c1c(cccc1)C#C2|C1(*)CCC(CN)CC1,C1CC(N(C([*])=O)C2CCN([*])CC2)CC1(C)C,O=C(N1Cc2ccccc2C#Cc2ccccc21)N(C1CCCC1)C1CCN(C2CCCCC2)CC1,0.9416059,1.7755,0.0010490,32.3400,1.0000000,224.3480,0.8720069,3.0000,0.0342000,4.1607,1.0000000,1.0000,1.0000000,1.0000,[],[],3
7.5471,13.1508,33.7105,0.3661039,NCC1CCC(N2CCC(n3cc(CN4Cc5ccccc5C#Cc5ccccc54)nn3)CC2)CC1,1,c1ccc2c(c1)CN(*)c1c(cccc1)C#C2|C1(*)CCC(CN)CC1,C1C(n2nnc(C[*])c2)CCN([*])C1,C1#Cc2ccccc2N(Cc2cn(C3CCN(C4CCCCC4)CC3)nn2)Cc2ccccc21,0.9995160,0.5110,0.0046689,42.7400,1.0000000,166.2280,0.9999319,1.0000,0.1759896,3.5364,1.0000000,1.0000,1.0000000,1.0000,[],[],3
10.2664,17.4276,44.5486,0.4841890,Cc1nc(NC2CCC(CN)CC2)nn1C1(CC#N)CN(C(=O)N2Cc3ccccc3C#Cc3ccccc32)C1,1,c1ccc2c(c1)CN(*)c1c(cccc1)C#C2|C1(*)CCC(CN)CC1,n1(C2(CC#N)CN(C(=O)[*])C2)nc(N[*])nc1C,O=C(N1CC(n2cnc(NC3CCCCC3)n2)C1)N1Cc2ccccc2C#Cc2ccccc21,0.9999962,-0.7503,0.9524691,100.8300,1.0000000,220.2360,0.8720069,3.0000,0.0476622,4.0405,1.0000000,1.0000,1.0000000,1.0000,[],[],3
4.5097,6.7629,-6.7629,0.0000000,NCC1CCC(N2CCN(C(=O)N3Cc4ccccc4C#Cc4ccccc43)CC2)CC1,2,c1ccc2c(c1)CN(*)c1c(cccc1)C#C2|C1(*)CCC(CN)CC1,C1CN(C([*])=O)CCN1[*],O=C(N1CCN(C2CCCCC2)CC1)N1Cc2ccccc2C#Cc2ccccc21,0.0000000,0.0000,0.0000000,0.0000,0.0000000,0.0000,0.0000000,0.0000,0.0000000,3.3592,0.0000000,1.0000,0.0000000,1.0000,[],[],3
5.8290,8.4626,-7.9876,0.0037106,CC1CN(C(=O)N2Cc3ccccc3C#Cc3ccccc32)CCN1C1CCC(CN)CC1,1,c1ccc2c(c1)CN(*)c1c(cccc1)C#C2|C1(*)CCC(CN)CC1,[*]C(N1CCN([*])C(C)C1)=O,O=C(N1CCN(C2CCCCC2)CC1)N1Cc2ccccc2C#Cc2ccccc21,0.9999922,-0.5635,0.0010490,32.3400,0.0000000,128.1750,0.9999319,1.0000,0.0623981,3.9415,1.0000000,1.0000,1.0000000,1.0000,[],[],3
7.4312,9.3736,-8.9988,0.0029283,NCC1CCC(N2CCC(OC(=O)N3Cc4ccccc4C#Cc4ccccc43)CC2)CC1,1,c1ccc2c(c1)CN(*)c1c(cccc1)C#C2|C1(*)CCC(CN)CC1,C1CC(OC([*])=O)CCN1[*],O=C(OC1CCN(C2CCCCC2)CC1)N1Cc2ccccc2C#Cc2ccccc21,0.9999319,0.0000,0.0000100,0.0000,0.0000000,0.0000,0.9999985,0.0000,0.2254837,3.4287,1.0000000,1.0000,1.0000000,1.0000,[],[],3
14.0470,12.7428,37.7357,0.3943628,NCC1CCC(Nc2ccc(OCC(O)CN3Cc4ccccc4C#Cc4ccccc43)cc2)CC1,1,c1ccc2c(c1)CN(*)c1c(cccc1)C#C2|C1(*)CCC(CN)CC1,c1(OCC(O)C[*])ccc(N[*])cc1,C1#Cc2ccccc2N(CCCOc2ccc(NC3CCCCC3)cc2)Cc2ccccc21,0.9964859,1.0284,0.0285062,55.4800,1.0000000,167.2080,0.8720069,3.0000,0.1120812,3.7191,1.0000000,1.0000,1.0000000,1.0000,[],[],3
11.9859,12.7080,-12.7080,0.0000000,c1nc([*])no1[*],0,c1ccc2c(c1)CN(*)c1c(cccc1)C#C2|C1(*)CCC(CN)CC1,c1nc([*])no1[*],,0.0000000,0.0000,0.0000000,0.0000,0.0000000,0.0000,0.0000000,0.0000,0.0000000,0.0000,0.0000000,0.0000,0.0000000,0.0000,None,None,3
4.3751,5.9120,-5.9119,0.0000000,NCC1CCC(N2CCN(C(=O)N3Cc4ccccc4C#Cc4ccccc43)CC2)CC1,2,c1ccc2c(c1)CN(*)c1c(cccc1)C#C2|C1(*)CCC(CN)CC1,C1N(C([*])=O)CCN([*])C1,O=C(N1CCN(C2CCCCC2)CC1)N1Cc2ccccc2C#Cc2ccccc21,0.0000000,0.0000,0.0000000,0.0000,0.0000000,0.0000,0.0000000,0.0000,0.0000000,3.3592,0.0000000,1.0000,0.0000000,1.0000,[],[],3
3.6739,5.4691,-5.4691,0.0000000,NCC1CCC(N2CCN(C(=O)N3Cc4ccccc4C#Cc4ccccc43)CC2)CC1,2,c1ccc2c(c1)CN(*)c1c(cccc1)C#C2|C1(*)CCC(CN)CC1,[*]C(=O)N1CCN([*])CC1,O=C(N1CCN(C2CCCCC2)CC1)N1Cc2ccccc2C#Cc2ccccc21,0.0000000,0.0000,0.0000000,0.0000,0.0000000,0.0000,0.0000000,0.0000,0.0000000,3.3592,0.0000000,1.0000,0.0000000,1.0000,[],[],3
5.5168,7.1826,-6.7871,0.0030901,NCC1CCC(N2CCC(C(=O)N3Cc4ccccc4C#Cc4ccccc43)CC2)CC1,1,c1ccc2c(c1)CN(*)c1c(cccc1)C#C2|C1(*)CCC(CN)CC1,C1C(C(=O)[*])CCN([*])C1,O=C(C1CCN(C2CCCCC2)CC1)N1Cc2ccccc2C#Cc2ccccc21,0.9999319,0.0000,0.0000100,0.0000,0.0000000,0.0000,0.9999985,0.0000,0.2857181,3.3183,1.0000000,1.0000,1.0000000,1.0000,[],[],3
7.4411,9.2986,-9.2986,0.0000000,NCC1CCC(N2CCC(OC(=O)N3Cc4ccccc4C#Cc4ccccc43)CC2)CC1,2,c1ccc2c(c1)CN(*)c1c(cccc1)C#C2|C1(*)CCC(CN)CC1,C1CC(OC(=O)[*])CCN1[*],O=C(OC1CCN(C2CCCCC2)CC1)N1Cc2ccccc2C#Cc2ccccc21,0.0000000,0.0000,0.0000000,0.0000,0.0000000,0.0000,0.0000000,0.0000,0.0000000,3.4287,0.0000000,1.0000,0.0000000,1.0000,[],[],3
12.6340,13.3532,-12.4039,0.0074162,NCC1CCC(Nc2ccc(OC(=O)N3Cc4ccccc4C#Cc4ccccc43)cc2)CC1,1,c1ccc2c(c1)CN(*)c1c(cccc1)C#C2|C1(*)CCC(CN)CC1,O(C(=O)[*])c1ccc(N[*])cc1,O=C(Oc1ccc(NC2CCCCC2)cc1)N1Cc2ccccc2C#Cc2ccccc21,0.9985117,0.8040,0.0182805,52.3200,0.0000000,137.1380,0.9968477,2.0000,0.3159944,3.2683,1.0000000,1.0000,1.0000000,1.0000,[],[],3
16.9730,20.6779,-20.6779,0.0000000,NCC1CCC(NCC(=O)NC2CC3(CCC3)N(C(=O)N3Cc4ccccc4C#Cc4ccccc43)C2=O)CC1,1,c1ccc2c(c1)CN(*)c1c(cccc1)C#C2|C1(*)CCC(CN)CC1,O=C([*])N1C(=O)C(NC(CN[*])=O)CC12CCC2,O=C(CNC1CCCCC1)NC1CC2(CCC2)N(C(=O)N2Cc3ccccc3C#Cc3ccccc32)C1=O,0.0000000,0.0000,0.0000000,0.0000,0.0000000,0.0000,0.0000000,0.0000,0.0000000,0.0000,0.0000000,0.0000,0.0000000,0.0000,['[NX3][CX4][CX3](=O)[NX3][CX3](=O)'],None,3
4.2270,4.0209,-3.5432,0.0037328,NCC1CCC(N2CCC(N3Cc4ccccc4C#Cc4ccccc43)CC2)CC1,1,c1ccc2c(c1)CN(*)c1c(cccc1)C#C2|C1(*)CCC(CN)CC1,C1CC([*])CCN1[*],C1#Cc2ccccc2N(C2CCN(C3CCCCC3)CC2)Cc2ccccc21,0.9987431,0.7599,0.0000565,12.0300,0.0000000,85.1500,0.9999985,0.0000,0.2764185,3.3343,1.0000000,1.0000,1.0000000,1.0000,[],[],3
4.2270,4.0209,-4.0209,0.0000000,NCC1CCC(N2CCC(N3Cc4ccccc4C#Cc4ccccc43)CC2)CC1,2,c1ccc2c(c1)CN(*)c1c(cccc1)C#C2|C1(*)CCC(CN)CC1,C1CC([*])CCN1[*],C1#Cc2ccccc2N(C2CCN(C3CCCCC3)CC2)Cc2ccccc21,0.0000000,0.7599,0.0000000,12.0300,0.0000000,85.1500,0.0000000,0.0000,0.0000000,3.3343,0.0000000,1.0000,0.0000000,1.0000,[],[],3
10.9708,17.0532,24.8607,0.3274518,CC(C)C(C(=O)N1Cc2ccccc2C#Cc2ccccc21)n1nnc(C2CCC(CN)CC2)n1,1,c1ccc2c(c1)CN(*)c1c(cccc1)C#C2|C1(*)CCC(CN)CC1,n1nn(C(C(=O)[*])C(C)C)nc1[*],O=C(Cn1nnc(C2CCCCC2)n1)N1Cc2ccccc2C#Cc2ccccc21,0.9999112,0.0691,0.0583150,60.6700,0.9999995,154.1730,0.8720069,3.0000,0.0344611,4.1580,1.0000000,1.0000,1.0000000,1.0000,[],[],3
28.8782,31.0497,-29.8862,0.0090897,CN(c1ccc(OCC(CCC(=O)O)S(=O)(=O)CCCN2Cc3ccccc3C#Cc3ccccc32)cc1F)C1CCC(CN)CC1,1,c1ccc2c(c1)CN(*)c1c(cccc1)C#C2|C1(*)CCC(CN)CC1,O=C(O)CCC(S(CCC[*])(=O)=O)COc1cc(F)c(N(C)[*])cc1,O=S(=O)(CCCN1Cc2ccccc2C#Cc2ccccc21)CCOc1ccc(NC2CCCCC2)cc1,0.6793188,2.3044,0.8614847,92.7000,1.0000000,347.4080,0.0000000,10.0000,0.0261766,4.2565,1.0000000,1.0000,1.0000000,1.0000,[],[],3
12.0846,25.8706,4.3197,0.2358614,NCC1CCC(c2nnn(C3OC(n4nnc(C(=O)N5Cc6ccccc6C#Cc6ccccc65)n4)C(O)C3O)n2)CC1,1,c1ccc2c(c1)CN(*)c1c(cccc1)C#C2|C1(*)CCC(CN)CC1,O1C(n2nnc(C([*])=O)n2)C(O)C(O)C1n1nnc([*])n1,O=C(c1nnn(C2CCC(n3nnc(C4CCCCC4)n3)O2)n1)N1Cc2ccccc2C#Cc2ccccc21,1.0000000,-3.0785,0.9999762,153.9600,1.0000000,268.1930,0.8720069,3.0000,0.0019644,5.1647,1.0000000,1.0000,1.0000000,1.0000,[],[],3
9.3789,8.0744,-7.2088,0.0067624,NCC1CCC(Nc2ccc(N3Cc4ccccc4C#Cc4ccccc43)nn2)CC1,1,c1ccc2c(c1)CN(*)c1c(cccc1)C#C2|C1(*)CCC(CN)CC1,[*]c1nnc(N[*])cc1,C1#Cc2ccccc2N(c2ccc(NC3CCCCC3)nn2)Cc2ccccc21,0.9999146,0.0588,0.0169848,51.8000,0.0000000,95.1050,0.9999985,0.0000,0.2174941,3.4448,1.0000000,1.0000,1.0000000,1.0000,[],[],3
4.9324,6.3361,-6.3361,0.0000000,NCC1CCC(N2CCC(C(=O)N3Cc4ccccc4C#Cc4ccccc43)CC2)CC1,2,c1ccc2c(c1)CN(*)c1c(cccc1)C#C2|C1(*)CCC(CN)CC1,C1CC(C([*])=O)CCN1[*],O=C(C1CCN(C2CCCCC2)CC1)N1Cc2ccccc2C#Cc2ccccc21,0.0000000,0.0000,0.0000000,0.0000,0.0000000,0.0000,0.0000000,0.0000,0.0000000,3.3183,0.0000000,1.0000,0.0000000,1.0000,[],[],3
8.6377,22.2508,37.3612,0.4657190,N#CCC1(n2nnc(N3Cc4ccccc4C#Cc4ccccc43)n2)CN(C2CCC(CN)CC2)C1,1,c1ccc2c(c1)CN(*)c1c(cccc1)C#C2|C1(*)CCC(CN)CC1,c1([*])nn(C2(CC#N)CN([*])C2)nn1,C1#Cc2ccccc2N(c2nnn(C3CN(C4CCCCC4)C3)n2)Cc2ccccc21,0.9999990,-1.1147,0.4791449,79.4200,1.0000000,164.1720,0.9968477,2.0000,0.0502049,4.0215,1.0000000,1.0000,1.0000000,1.0000,[],[],3
27.0192,38.4365,-37.9310,0.0039488,NCC1CCC(c2ncn(C3C(O)C(O)C(n4nnc(C(=O)O)n4)C(CSCCNC(=O)N4Cc5ccccc5C#Cc5ccccc54)C3O)n2)CC1,1,c1ccc2c(c1)CN(*)c1c(cccc1)C#C2|C1(*)CCC(CN)CC1,C(=O)(c1nnn(C2C(CSCCNC(=O)[*])C(O)C(n3cnc([*])n3)C(O)C2O)n1)O,O=C(NCCSCC1CC(n2cnc(C3CCCCC3)n2)CCC1n1ncnn1)N1Cc2ccccc2C#Cc2ccccc21,1.0000000,-3.0631,1.0000000,201.4000,1.0000000,428.4310,0.0000000,9.0000,0.0004212,5.7003,1.0000000,1.0000,1.0000000,1.0000,[],[],3
19.2751,25.4113,15.1821,0.3171363,NCC1CCC(CC(=O)NC2Cc3ccccc3N(CC(=O)N3CCN(C(=O)N4Cc5ccccc5C#Cc5ccccc54)CC3)C2=O)CC1,1,c1ccc2c(c1)CN(*)c1c(cccc1)C#C2|C1(*)CCC(CN)CC1,N1(C([*])=O)CCN(C(CN2C(=O)C(NC(C[*])=O)Cc3c2cccc3)=O)CC1,O=C(CC1CCCCC1)NC1Cc2ccccc2N(CC(=O)N2CCN(C(=O)N3Cc4ccccc4C#Cc4ccccc43)CC2)C1=O,0.9999937,-0.6190,0.8089857,90.0300,1.0000000,358.3980,0.1279931,4.0000,0.0451905,4.0599,1.0000000,1.0000,1.0000000,1.0000,[],[],3
9.0247,10.3685,-9.4050,0.0075274,Cn1nc(NC2CCC(CN)CC2)cc1C(=O)N1Cc2ccccc2C#Cc2ccccc21,1,c1ccc2c(c1)CN(*)c1c(cccc1)C#C2|C1(*)CCC(CN)CC1,O=C([*])c1n(C)nc(N[*])c1,O=C(c1cc(NC2CCCCC2)n[nH]1)N1Cc2ccccc2C#Cc2ccccc21,0.9999665,-0.1852,0.0602409,60.9100,0.0000000,125.1310,0.9999319,1.0000,0.1850691,3.5150,1.0000000,1.0000,1.0000000,1.0000,[],[],3
22.2272,22.7001,-20.3432,0.0184134,NCC1CCC(OC2CC[N+]3(CCCCCC(=O)N4Cc5ccccc5C#Cc5ccccc54)CCC2CC3)CC1,1,c1ccc2c(c1)CN(*)c1c(cccc1)C#C2|C1(*)CCC(CN)CC1,O(C1C2CC[N+](CCCCCC(=O)[*])(CC1)CC2)[*],O=C(CCCCC[N+]12CCC(CC1)C(OC1CCCCC1)CC2)N1Cc2ccccc2C#Cc2ccccc21,0.9492007,1.7371,0.0021395,37.3000,1.0000000,240.3670,0.0000681,6.0000,0.0029790,5.0197,1.0000000,1.0000,1.0000000,1.0000,[],[],3
7.3631,9.2951,-8.3558,0.0073385,NCC1CCC(c2nnn(CC(=O)N3Cc4ccccc4C#Cc4ccccc43)n2)CC1,1,c1ccc2c(c1)CN(*)c1c(cccc1)C#C2|C1(*)CCC(CN)CC1,n1(CC([*])=O)nnc([*])n1,O=C(Cn1nnc(C2CCCCC2)n1)N1Cc2ccccc2C#Cc2ccccc21,0.9999991,-1.1280,0.0583150,60.6700,0.0000000,112.0920,0.9968477,2.0000,0.1686576,3.5542,1.0000000,1.0000,1.0000000,1.0000,[],[],3
26.2586,41.5556,0.3042,0.3270301,NCC1CCC(Cn2nnc(C3(n4nnc(C(=O)N5Cc6ccccc6C#Cc6ccccc65)n4)CCS3)n2)CC1,1,c1ccc2c(c1)CN(*)c1c(cccc1)C#C2|C1(*)CCC(CN)CC1,[*]C(=O)c1nn(C2(c3nnn(C[*])n3)SCC2)nn1,O=C(c1nnn(C2(c3nnn(CC4CCCCC4)n3)CCS2)n1)N1Cc2ccccc2C#Cc2ccccc21,0.9999992,-1.1529,0.9704803,104.2700,1.0000000,252.2630,0.8720069,3.0000,0.0083990,4.6577,1.0000000,1.0000,1.0000000,1.0000,[],[],3
23.1669,30.5404,-5.8937,0.1925524,NCC1CCC(C2=NN=NN3C(C2)C(O)C(O)C3n2nnc3c2nnn3CC(=O)N2Cc3ccccc3C#Cc3ccccc32)CC1,1,c1ccc2c(c1)CN(*)c1c(cccc1)C#C2|C1(*)CCC(CN)CC1,[*]C(Cn1nnc2n(C3C(O)C(O)C(n3nnnc3[*])C3)nnc12)=O,O=C(Cn1nnc2c1nnn2C1CCC2CC(C3CCCCC3)=NN=NN21)N1Cc2ccccc2C#Cc2ccccc21,1.0000000,-2.1170,0.9999889,159.2700,1.0000000,320.2730,0.8720069,3.0000,0.0008045,5.4753,1.0000000,1.0000,1.0000000,1.0000,[],[],3
10.3020,16.7305,23.5137,0.3144075,NCC1CCC(N2CCCC(n3nnc(N4Cc5ccccc5C#Cc5ccccc54)n3)C2)CC1,1,c1ccc2c(c1)CN(*)c1c(cccc1)C#C2|C1(*)CCC(CN)CC1,[*]c1nn(C2CCCN([*])C2)nn1,C1#Cc2ccccc2N(c2nnn(C3CCCN(C4CCCCC4)C3)n2)Cc2ccccc21,0.9999855,-0.4024,0.0291102,55.6300,0.9999835,153.1890,0.9999319,1.0000,0.0360567,4.1417,1.0000000,1.0000,1.0000000,1.0000,[],[],3
16.6163,30.3059,12.2502,0.3324698,N#CCC1(n2cc(Cl)c(NC3CCC(CN)CC3)n2)CN(C(=O)N2Cc3ccccc3C#Cc3ccccc32)O1,1,c12ccccc1CN(*)c1c(cccc1)C#C2|C1CC(*)CCC1CN,c1(Cl)cn(C2(CC#N)CN(C([*])=O)O2)nc1N[*],O=C(N1CC(n2ccc(NC3CCCCC3)n2)O1)N1Cc2ccccc2C#Cc2ccccc21,0.9999042,0.0888,0.9220809,97.1700,1.0000000,241.6380,0.8720069,3.0000,0.0092661,4.6232,1.0000000,1.0000,1.0000000,1.0000,[],[],4
11.0611,14.1816,-13.4527,0.0056945,NCC1CCC(c2cnnn2CC(=O)N2Cc3ccccc3C#Cc3ccccc32)CC1,1,c12ccccc1CN(*)c1c(cccc1)C#C2|C1CC(*)CCC1CN,c1nnn(CC(=O)[*])c1[*],O=C(Cn1nncc1C1CCCCC1)N1Cc2ccccc2C#Cc2ccccc21,0.9999908,-0.5230,0.0095954,47.7800,0.0000000,111.1040,0.9968477,2.0000,0.1362085,3.6418,1.0000000,1.0000,1.0000000,1.0000,[],[],4
16.7953,19.5786,22.3342,0.3274437,Cn1nc(C2CCC(CN)CC2)n(C2CCC(CN3Cc4ccccc4C#Cc4ccccc43)CC2)c1=O,1,c12ccccc1CN(*)c1c(cccc1)C#C2|C1CC(*)CCC1CN,n1n(C)c(=O)n(C2CCC(C[*])CC2)c1[*],O=c1[nH]nc(C2CCCCC2)n1C1CCC(CN2Cc3ccccc3C#Cc3ccccc32)CC1,0.9887773,1.3330,0.0030719,39.8200,1.0000000,195.2660,0.9999319,1.0000,0.1342216,3.6477,1.0000000,1.0000,1.0000000,1.0000,[],[],4
15.6332,25.5651,-25.5651,0.0000000,c12c(n(C3CC3)n1)nc([*])nc2N1CCN([*])CC1,0,c12ccccc1CN(*)c1c(cccc1)C#C2|C1CC(*)CCC1CN,c12c(n(C3CC3)n1)nc([*])nc2N1CCN([*])CC1,,0.0000000,0.0000,0.0000000,0.0000,0.0000000,0.0000,0.0000000,0.0000,0.0000000,0.0000,0.0000000,0.0000,0.0000000,0.0000,None,None,4
9.5757,26.7768,15.0575,0.3268299,N#CCC1(n2ncc(C(=O)N3CCN(C4CCC(CN)CC4)CC3)n2)CN(C(=O)N2Cc3ccccc3C#Cc3ccccc32)C1,1,c12ccccc1CN(*)c1c(cccc1)C#C2|C1CC(*)CCC1CN,O=C(c1cnn(C2(CC#N)CN(C(=O)[*])C2)n1)N1CCN([*])CC1,O=C(c1cnn(C2CN(C(=O)N3Cc4ccccc4C#Cc4ccccc43)C2)n1)N1CCN(C2CCCCC2)CC1,0.9999998,-1.5955,0.9802992,107.1500,1.0000000,303.3260,0.1279931,4.0000,0.0468672,4.0466,1.0000000,1.0000,1.0000000,1.0000,[],[],4
9.4709,43.9689,-43.9689,0.0000000,n1(C2(CC#N)CN(C(=O)[*])C2)nnnc([*])n1,0,c12ccccc1CN(*)c1c(cccc1)C#C2|C1CC(*)CCC1CN,n1(C2(CC#N)CN(C(=O)[*])C2)nnnc([*])n1,,0.0000000,0.0000,0.0000000,0.0000,0.0000000,0.0000,0.0000000,0.0000,0.0000000,0.0000,0.0000000,0.0000,0.0000000,0.0000,None,None,4
5.3537,17.3477,39.1296,0.4412294,N#CCC1(n2cc(C3CCC(CN)CC3)nn2)CN(C(=O)N2Cc3ccccc3C#Cc3ccccc32)C1,1,c12ccccc1CN(*)c1c(cccc1)C#C2|C1CC(*)CCC1CN,c1n(C2(CC#N)CN(C(=O)[*])C2)nnc1[*],O=C(N1CC(n2cc(C3CCCCC3)nn2)C1)N1Cc2ccccc2C#Cc2ccccc21,0.9999942,-0.6409,0.3214968,74.8100,1.0000000,191.1940,0.8720069,3.0000,0.0545092,3.9914,1.0000000,1.0000,1.0000000,1.0000,[],[],4
17.5669,43.5726,-43.5726,0.0000000,O(C)c1n(C2CCN(C([*])=O)CC2)nnn1)n1nnc([*])n1,0,c12ccccc1CN(*)c1c(cccc1)C#C2|C1CC(*)CCC1CN,O(C)c1n(C2CCN(C([*])=O)CC2)nnn1)n1nnc([*])n1,,0.0000000,0.0000,0.0000000,0.0000,0.0000000,0.0000,0.0000000,0.0000,0.0000000,0.0000,0.0000000,0.0000,0.0000000,0.0000,None,None,4
14.8134,17.3151,-16.0946,0.0095356,NCC1CCC(Nc2ncnc(C(=O)N3Cc4ccccc4C#Cc4ccccc43)n2)CC1,1,c12ccccc1CN(*)c1c(cccc1)C#C2|C1CC(*)CCC1CN,c1nc(C(=O)[*])nc(N[*])n1,O=C(c1ncnc(NC2CCCCC2)n1)N1Cc2ccccc2C#Cc2ccccc21,0.9999959,-0.7337,0.5629848,81.7600,0.0000000,124.1030,0.9999319,1.0000,0.1713570,3.5476,1.0000000,1.0000,1.0000000,1.0000,[],[],4
27.3757,45.3255,-45.3255,0.0000000,O=c1c(=O)n(C(CC1CCC(C(=O)[*])CC1)C(O)=O)n1nnc([*])n1,0,c12ccccc1CN(*)c1c(cccc1)C#C2|C1CC(*)CCC1CN,O=c1c(=O)n(C(CC1CCC(C(=O)[*])CC1)C(O)=O)n1nnc([*])n1,,0.0000000,0.0000,0.0000000,0.0000,0.0000000,0.0000,0.0000000,0.0000,0.0000000,0.0000,0.0000000,0.0000,0.0000000,0.0000,None,None,4
6.9580,8.6839,-7.8207,0.0067439,NCC1CCC(Nc2ccnc(N3Cc4ccccc4C#Cc4ccccc43)n2)CC1,1,c12ccccc1CN(*)c1c(cccc1)C#C2|C1CC(*)CCC1CN,c1cnc([*])nc1N[*],C1#Cc2ccccc2N(c2nccc(NC3CCCCC3)n2)Cc2ccccc21,0.9999146,0.0588,0.0169848,51.8000,0.0000000,95.1050,0.9999985,0.0000,0.2148904,3.4502,1.0000000,1.0000,1.0000000,1.0000,[],[],4
7.9156,14.5265,-13.4037,0.0087719,NCC1CCC(Nc2nc(N3Cc4ccccc4C#Cc4ccccc43)nc3ncnn23)CC1,1,c12ccccc1CN(*)c1c(cccc1)C#C2|C1CC(*)CCC1CN,c1nn2c(n1)nc([*])nc2N[*],C1#Cc2ccccc2N(c2nc(NC3CCCCC3)n3ncnc3n2)Cc2ccccc21,0.9999979,-0.8985,0.5711106,81.9900,0.0000000,136.1180,0.9999985,0.0000,0.1178285,3.6994,1.0000000,1.0000,1.0000000,1.0000,[],[],4
9.2731,17.2143,40.6081,0.4517374,NCC1CCC(c2nnn(C3CCC(C(=O)N4Cc5ccccc5C#Cc5ccccc54)CC3)n2)CC1,1,c12ccccc1CN(*)c1c(cccc1)C#C2|C1CC(*)CCC1CN,n1n(C2CCC(C([*])=O)CC2)nnc1[*],O=C(C1CCC(n2nnc(C3CCCCC3)n2)CC1)N1Cc2ccccc2C#Cc2ccccc21,0.9993105,0.6033,0.0583150,60.6700,1.0000000,180.2110,0.9968477,2.0000,0.1259338,3.6731,1.0000000,1.0000,1.0000000,1.0000,[],[],4
13.3110,23.6599,50.7963,0.5816883,NCC1CCC(Cn2nnc(-n3cc(C(=O)N4Cc5ccccc5C#Cc5ccccc54)nn3)n2)CC1,1,c12ccccc1CN(*)c1c(cccc1)C#C2|C1CC(*)CCC1CN,O=C([*])c1nnn(-c2nnn(C[*])n2)c1,O=C(c1cn(-c2nnn(CC3CCCCC3)n2)nn1)N1Cc2ccccc2C#Cc2ccccc21,0.9999997,-1.3967,0.8372235,91.3800,1.0000000,179.1430,0.9968477,2.0000,0.1010302,3.7594,1.0000000,1.0000,1.0000000,1.0000,[],[],4
16.7460,32.5885,7.8238,0.3157211,NCC1CCC(c2nnn(C3(CS(=O)(=O)N4Cc5ccccc5C#Cc5ccccc54)CCS3)n2)CC1,1,c12ccccc1CN(*)c1c(cccc1)C#C2|C1CC(*)CCC1CN,n1n(C2(CS([*])(=O)=O)CCS2)nnc1[*],O=S(=O)(CC1(n2nnc(C3CCCCC3)n2)CCS1)N1Cc2ccccc2C#Cc2ccccc21,0.9999980,-0.9258,0.4193991,77.7400,1.0000000,220.2790,0.8720069,3.0000,0.0109435,4.5649,1.0000000,1.0000,1.0000000,1.0000,[],[],4
21.4733,44.5580,-44.5580,0.0000000,n1n(C2(CC#N)CN(C([*])=O)c3c(n2)n(C2CCC([*])CC2C)nn3)nnn1,0,c12ccccc1CN(*)c1c(cccc1)C#C2|C1CC(*)CCC1CN,n1n(C2(CC#N)CN(C([*])=O)c3c(n2)n(C2CCC([*])CC2C)nn3)nnn1,,0.0000000,0.0000,0.0000000,0.0000,0.0000000,0.0000,0.0000000,0.0000,0.0000000,0.0000,0.0000000,0.0000,0.0000000,0.0000,None,None,4
6.8040,23.2095,-23.2095,0.0000000,N#CCC1(n2nnc(NC3CCC(CN)CC3)n2)CN(C(=O)N2Cc3ccccc3C#Cc3ccccc32)C1,1,c12ccccc1CN(*)c1c(cccc1)C#C2|C1CC(*)CCC1CN,n1(C2(CC#N)CN(C(=O)[*])C2)nc(N[*])nn1,O=C(N1CC(n2nnc(NC3CCCCC3)n2)C1)N1Cc2ccccc2C#Cc2ccccc21,0.9999999,-1.6637,0.9922532,113.7200,1.0000000,207.1970,0.8720069,3.0000,0.0456547,4.0562,1.0000000,1.0000,1.0000000,1.0000,[],[],4
23.4119,44.5053,-43.2706,0.0096464,NCC1CCC(N2CCN(CC(=O)OCC(CO)OCCCn3nnc(C(=O)N4Cc5ccccc5C#Cc5ccccc54)n3)CC2)CC1,1,c12ccccc1CN(*)c1c(cccc1)C#C2|C1CC(*)CCC1CN,O=C([*])c1nnn(CCCOC(CO)COC(CN2CCN([*])CC2)=O)n1,O=C(CN1CCN(C2CCCCC2)CC1)OCCOCCCn1nnc(C(=O)N2Cc3ccccc3C#Cc3ccccc32)n1,1.0000000,-2.2984,0.9994132,131.7000,1.0000000,356.3830,0.0000000,11.0000,0.0214454,4.3274,1.0000000,1.0000,1.0000000,1.0000,[],[],4
7.4293,14.2563,47.3180,0.4810494,NCC1CCC(N2CCC(n3cc(C(=O)N4Cc5ccccc5C#Cc5ccccc54)nn3)CC2)CC1,1,c12ccccc1CN(*)c1c(cccc1)C#C2|C1CC(*)CCC1CN,C1CC(n2nnc(C([*])=O)c2)CCN1[*],O=C(c1cn(C2CCN(C3CCCCC3)CC2)nn1)N1Cc2ccccc2C#Cc2ccccc21,0.9999278,0.0151,0.0518787,59.8100,1.0000000,180.2110,0.9968477,2.0000,0.1759565,3.5364,1.0000000,1.0000,1.0000000,1.0000,[],[],4
15.5728,20.8449,28.4743,0.3853059,NCC1CCC(N2CCN(C(=O)c3nn(C4CC4)cc3NC(=O)N3Cc4ccccc4C#Cc4ccccc43)CC2)CC1,1,c12ccccc1CN(*)c1c(cccc1)C#C2|C1CC(*)CCC1CN,n1n(C2CC2)cc(NC(=O)[*])c1C(N1CCN([*])CC1)=O,O=C(c1nn(C2CC2)cc1NC(=O)N1Cc2ccccc2C#Cc2ccccc21)N1CCN(C2CCCCC2)CC1,0.9999643,-0.1683,0.4734016,79.2600,1.0000000,263.3010,0.1279931,4.0000,0.1391482,3.6332,1.0000000,1.0000,1.0000000,1.0000,[],[],4
24.4267,35.2795,30.6310,0.5149257,CN(C)S(=O)(=O)c1cn(C(=O)N2CCN(C3CCC(CN)CC3)CC2)nc1N1CCC(N2Cc3ccccc3C#Cc3ccccc32)CC1,1,c12ccccc1CN(*)c1c(cccc1)C#C2|C1CC(*)CCC1CN,c1(N2CCC([*])CC2)nn(C(=O)N2CCN([*])CC2)cc1S(=O)(N(C)C)=O,O=C(N1CCN(C2CCCCC2)CC1)n1ccc(N2CCC(N3Cc4ccccc4C#Cc4ccccc43)CC2)n1,0.9999326,-0.0030,0.8251110,90.7800,1.0000000,370.4790,0.8720069,3.0000,0.0671400,3.9143,1.0000000,1.0000,1.0000000,1.0000,[],[],4
3.5718,23.2651,-23.2651,0.0000000,N#CCC1(n2nnc(N3Cc4ccccc4C#Cc4ccccc43)n2)CN(C2CCC(CN)CC2)C1,1,c12ccccc1CN(*)c1c(cccc1)C#C2|C1CC(*)CCC1CN,[*]c1nn(C2(CC#N)CN([*])C2)nn1,C1#Cc2ccccc2N(c2nnn(C3CN(C4CCCCC4)C3)n2)Cc2ccccc21,0.9999319,0.0000,0.0000100,0.0000,0.0000000,0.0000,0.9999985,0.0000,0.0502049,4.0215,1.0000000,1.0000,1.0000000,1.0000,[],[],4
8.0339,12.0209,-11.0816,0.0073385,NCC1CCC(c2nnn(CC(=O)N3Cc4ccccc4C#Cc4ccccc43)n2)CC1,1,c12ccccc1CN(*)c1c(cccc1)C#C2|C1CC(*)CCC1CN,C(C(=O)[*])n1nnc([*])n1,O=C(Cn1nnc(C2CCCCC2)n1)N1Cc2ccccc2C#Cc2ccccc21,0.9999991,-1.1280,0.0583150,60.6700,0.0000000,112.0920,0.9968477,2.0000,0.1686576,3.5542,1.0000000,1.0000,1.0000000,1.0000,[],[],4
11.8891,13.7187,-13.0152,0.0054957,NCC1CCC(Cn2nnc(CN3Cc4ccccc4C#Cc4ccccc43)n2)CC1,1,c12ccccc1CN(*)c1c(cccc1)C#C2|C1CC(*)CCC1CN,C([*])c1nnn(C[*])n1,C1#Cc2ccccc2N(Cc2nnn(CC3CCCCC3)n2)Cc2ccccc21,0.9999893,-0.4815,0.0052808,43.6000,0.0000000,98.1090,0.9999985,0.0000,0.1565917,3.5850,1.0000000,1.0000,1.0000000,1.0000,[],[],4
15.4611,26.8535,-26.8535,0.0000000,c1(C(C(=O)[*])n2nnc([*])n2)n(C(C)(C)C)nn1,0,c12ccccc1CN(*)c1c(cccc1)C#C2|C1CC(*)CCC1CN,c1(C(C(=O)[*])n2nnc([*])n2)n(C(C)(C)C)nn1,,0.0000000,0.0000,0.0000000,0.0000,0.0000000,0.0000,0.0000000,0.0000,0.0000000,0.0000,0.0000000,0.0000,0.0000000,0.0000,None,None,4
5.3971,24.8005,-24.8005,0.0000000,N#CCC1(n2nnc(N3Cc4ccccc4C#Cc4ccccc43)n2)CN(C2CCC(CN)CC2)C1,2,c12ccccc1CN(*)c1c(cccc1)C#C2|C1CC(*)CCC1CN,c1([*])nn(C2(CC#N)CN([*])C2)nn1,C1#Cc2ccccc2N(c2nnn(C3CN(C4CCCCC4)C3)n2)Cc2ccccc21,0.0000000,0.0000,0.0000000,0.0000,0.0000000,0.0000,0.0000000,0.0000,0.0000000,4.0215,0.0000000,1.0000,0.0000000,1.0000,[],[],4
13.1287,31.1380,-19.9774,0.0871922,N#CCC1(n2nc(N3CCN(C4CCC(CN)CC4)CC3)nc2N2CC3CC3C2)CN(C(=O)N2Cc3ccccc3C#Cc3ccccc32)C1,1,c12ccccc1CN(*)c1c(cccc1)C#C2|C1CC(*)CCC1CN,n1(C2(CC#N)CN(C([*])=O)C2)nc(N2CCN([*])CC2)nc1N1CC2CC2C1,O=C(N1CC(n2nc(N3CCN(C4CCCCC4)CC3)nc2N2CC3CC3C2)C1)N1Cc2ccccc2C#Cc2ccccc21,0.9999965,-0.7752,0.8717926,93.3200,1.0000000,356.4340,0.0031523,5.0000,0.0041603,4.9032,1.0000000,1.0000,1.0000000,1.0000,[],[],4
37.7867,64.8645,-60.2609,0.0359654,N#CC1(n2cncn2)C(=O)N(CCC2CCC(CN)CC2)N1c1nnn(C2(CS(=O)(=O)N3Cc4ccccc4C#Cc4ccccc43)CCCCC2)n1,1,c12ccccc1CN(*)c1c(cccc1)C#C2|C1CC(*)CCC1CN,n1(C2(CS(=O)(=O)[*])CCCCC2)nnc(N2N(CC[*])C(=O)C2(C#N)n2ncnc2)n1,O=C1C(n2cncn2)N(c2nnn(C3(CS(=O)(=O)N4Cc5ccccc5C#Cc5ccccc54)CCCCC3)n2)N1CCC1CCCCC1,0.9999986,-1.0045,0.9999817,155.7900,1.0000000,420.4590,0.0000681,6.0000,0.0024883,5.0824,1.0000000,1.0000,1.0000000,1.0000,[],[],4
48.4564,53.3008,-53.3008,0.0000000,c1c(OC3(C([*])=O)C2CN(C(C)=O)CC2CCCC)ccc(Cl)cc1-c1nn(C)c([*])n1,0,c12ccccc1CN(*)c1c(cccc1)C#C2|C1CC(*)CCC1CN,c1c(OC3(C([*])=O)C2CN(C(C)=O)CC2CCCC)ccc(Cl)cc1-c1nn(C)c([*])n1,,0.0000000,0.0000,0.0000000,0.0000,0.0000000,0.0000,0.0000000,0.0000,0.0000000,0.0000,0.0000000,0.0000,0.0000000,0.0000,None,None,4
23.9655,45.8655,-38.2234,0.0597039,Cn1nnc(C2OCCC(CS(=O)(=O)N3Cc4ccccc4C#Cc4ccccc43)(n3nnnn3)CC2n2nnnc2C2CCC(CN)CC2)n1,1,c12ccccc1CN(*)c1c(cccc1)C#C2|C1CC(*)CCC1CN,n1(C2(CS(=O)(=O)[*])CCOC(c3nn(C)nn3)C(n3nnnc3[*])C2)nnnn1,O=S(=O)(CC1(n2nnnn2)CCOC(c2nn[nH]n2)C(n2nnnc2C2CCCCC2)C1)N1Cc2ccccc2C#Cc2ccccc21,1.0000000,-3.3222,0.9999998,187.0600,1.0000000,397.3850,0.0031523,5.0000,0.0007339,5.5072,1.0000000,1.0000,1.0000000,1.0000,[],[],4
14.0873,29.1668,-10.4895,0.1459169,N#CCC1(n2nc(NC3CCC(CN)CC3)c(NC3CC3)n2)CN(C(=O)N2Cc3ccccc3C#Cc3ccccc32)C1,1,c12ccccc1CN(*)c1c(cccc1)C#C2|C1CC(*)CCC1CN,N(c1nn(C2(CC#N)CN(C(=O)[*])C2)nc1N[*])C1CC1,O=C(N1CC(n2nc(NC3CCCCC3)c(NC3CC3)n2)C1)N1Cc2ccccc2C#Cc2ccccc21,0.9999894,-0.4844,0.9912415,112.8600,1.0000000,261.2890,0.0031523,5.0000,0.0376022,4.1265,1.0000000,1.0000,1.0000000,1.0000,[],[],4
16.4591,29.6464,-29.6464,0.0000000,Cc1n(C2CCC([*])CC2)nnn1C(CN[*])=O,0,c12ccccc1CN(*)c1c(cccc1)C#C2|C1CC(*)CCC1CN,Cc1n(C2CCC([*])CC2)nnn1C(CN[*])=O,,0.0000000,0.0000,0.0000000,0.0000,0.0000000,0.0000,0.0000000,0.0000,0.0000000,0.0000,0.0000000,0.0000,0.0000000,0.0000,None,None,4
20.2500,51.4517,-43.5516,0.0617190,CC(C)=CCN(C(=O)N1Cc2ccccc2C#Cc2ccccc21)C1CCN(C(=O)c2nnn(-c3nnn(CC4CCC(CN)CC4)n3)n2)CC1,1,c1cccc2c1C#Cc1c(cccc1)N(*)C2|C1C(CN)CCC(*)C1,c1(C(N2CCC(N(CC=C(C)C)C([*])=O)CC2)=O)nn(-c2nnn(C[*])n2)nn1,O=C(c1nnn(-c2nnn(CC3CCCCC3)n2)n1)N1CCC(NC(=O)N2Cc3ccccc3C#Cc3ccccc32)CC1,0.9999967,-0.7850,0.9989748,127.8200,1.0000000,374.4090,0.0000681,6.0000,0.0267962,4.2481,1.0000000,1.0000,1.0000000,1.0000,[],[],5
21.4045,65.2761,-65.2761,0.0000000,c1cnn(C2(C(=O)[*])CCN(C(c3n(C(=O)N4CCN([*])CC4)CCn4nnnn4)C3)CC2)n1,0,c1cccc2c1C#Cc1c(cccc1)N(*)C2|C1C(CN)CCC(*)C1,c1cnn(C2(C(=O)[*])CCN(C(c3n(C(=O)N4CCN([*])CC4)CCn4nnnn4)C3)CC2)n1,,0.0000000,0.0000,0.0000000,0.0000,0.0000000,0.0000,0.0000000,0.0000,0.0000000,0.0000,0.0000000,0.0000,0.0000000,0.0000,None,None,5
9.3695,27.4423,22.7336,0.3919995,NCC1CCC(N2CCC(n3nnc(C(=O)N4Cc5ccccc5C#Cc5ccccc54)n3)C2)CC1,1,c1cccc2c1C#Cc1c(cccc1)N(*)C2|C1C(CN)CCC(*)C1,c1(C(=O)[*])nnn(C2CN([*])CC2)n1,O=C(c1nnn(C2CCN(C3CCCCC3)C2)n1)N1Cc2ccccc2C#Cc2ccccc21,0.9999984,-0.9800,0.2591186,72.7000,1.0000000,167.1720,0.9968477,2.0000,0.0319846,4.1848,1.0000000,1.0000,1.0000000,1.0000,[],[],5
11.4685,18.3776,31.9644,0.3932967,NCC1CCC(N2CCC(n3cc(C(=O)N4Cc5ccccc5C#Cc5ccccc54)cn3)CC2)CC1,1,c1cccc2c1C#Cc1c(cccc1)N(*)C2|C1C(CN)CCC(*)C1,[*]C(=O)c1cnn(C2CCN([*])CC2)c1,O=C(c1cnn(C2CCN(C3CCCCC3)CC2)c1)N1Cc2ccccc2C#Cc2ccccc21,0.9992646,0.6201,0.0084879,46.9200,1.0000000,179.2230,0.9968477,2.0000,0.1794418,3.5281,1.0000000,1.0000,1.0000000,1.0000,[],[],5
11.1857,26.4296,-26.4296,0.0000000,NCC1CCC(c2nnn(CC(=O)N3CCN(C(=O)N4Cc5ccccc5C#Cc5ccccc54)CC3=O)n2)CC1,1,c1cccc2c1C#Cc1c(cccc1)N(*)C2|C1C(CN)CCC(*)C1,[*]C(N1CCN(C(=O)Cn2nnc([*])n2)C(=O)C1)=O,O=C1CN(C(=O)N2Cc3ccccc3C#Cc3ccccc32)CCN1C(=O)Cn1nnc(C2CCCCC2)n1,0.0000000,0.0000,0.0000000,0.0000,0.0000000,0.0000,0.0000000,0.0000,0.0000000,0.0000,0.0000000,0.0000,0.0000000,0.0000,['[NX3][CX4][CX3](=O)[NX3][CX3](=O)'],None,5
9.3558,11.2965,-10.4308,0.0067627,NCC1CCC(c2nnc(C(=O)N3Cc4ccccc4C#Cc4ccccc43)o2)CC1,1,c1cccc2c1C#Cc1c(cccc1)N(*)C2|C1C(CN)CCC(*)C1,o1c(C(=O)[*])nnc1[*],O=C(c1nnc(C2CCCCC2)o1)N1Cc2ccccc2C#Cc2ccccc21,0.9999567,-0.1179,0.0306107,55.9900,0.0000000,98.0610,0.9999319,1.0000,0.1620505,3.5709,1.0000000,1.0000,1.0000000,1.0000,[],[],5
7.9940,17.4861,-17.4861,0.0000000,NCC1CCC(N2CCC(n3cc(C(=O)N4Cc5ccccc5C#Cc5ccccc54)nn3)CC2)CC1,1,c1cccc2c1C#Cc1c(cccc1)N(*)C2|C1C(CN)CCC(*)C1,C1C(n2cc(C(=O)[*])nn2)CCN([*])C1,O=C(c1cn(C2CCN(C3CCCCC3)CC2)nn1)N1Cc2ccccc2C#Cc2ccccc21,0.9999278,0.0151,0.0518787,59.8100,1.0000000,180.2110,0.9968477,2.0000,0.1759565,3.5364,1.0000000,1.0000,1.0000000,1.0000,[],[],5
16.6994,45.6800,-27.9968,0.1381499,CN(CC(=O)N1CCCC(n2cc(C(=O)N3CCN(C(=O)N4Cc5ccccc5C#Cc5ccccc54)CC3)nn2)C1)C1CCC(CN)CC1,1,c1cccc2c1C#Cc1c(cccc1)N(*)C2|C1C(CN)CCC(*)C1,c1c(C(N2CCN(C(=O)[*])CC2)=O)nnn1C1CN(C(CN(C)[*])=O)CCC1,O=C(CNC1CCCCC1)N1CCCC(n2cc(C(=O)N3CCN(C(=O)N4Cc5ccccc5C#Cc5ccccc54)CC3)nn2)C1,0.9999997,-1.4248,0.9679036,103.6700,1.0000000,363.4220,0.0031523,5.0000,0.0299130,4.2088,1.0000000,1.0000,1.0000000,1.0000,[],[],5
13.9713,36.2604,-12.6324,0.1845936,NCC1CCC(c2nnn(C3C(O)C(O)C(n4nnc(N5Cc6ccccc6C#Cc6ccccc65)n4)C3n3cnnn3)n2)CC1,1,c1cccc2c1C#Cc1c(cccc1)N(*)C2|C1C(CN)CCC(*)C1,n1c([*])nn(C2C(O)C(O)C(n3nnc([*])n3)C2n2nnnc2)n1,C1#Cc2ccccc2N(c2nnn(C3CCC(n4nnc(C5CCCCC5)n4)C3n3cnnn3)n2)Cc2ccccc21,1.0000000,-3.5948,0.9999980,171.2600,1.0000000,306.2500,0.8720069,3.0000,0.0006682,5.5398,1.0000000,1.0000,1.0000000,1.0000,[],[],5
12.4962,32.0306,10.1914,0.3298594,CC(C)(CN1CCN(C2CCC(CN)CC2)CC1)n1nnc(C(=O)N2Cc3ccccc3C#Cc3ccccc32)n1,1,c1cccc2c1C#Cc1c(cccc1)N(*)C2|C1C(CN)CCC(*)C1,c1(C(=O)[*])nnn(C(C)(C)CN2CCN([*])CC2)n1,O=C(c1nnn(CCN2CCN(C3CCCCC3)CC2)n1)N1Cc2ccccc2C#Cc2ccccc21,0.9999976,-0.8741,0.3579482,75.9400,1.0000000,238.2950,0.1279931,4.0000,0.0807737,3.8449,1.0000000,1.0000,1.0000000,1.0000,[],[],5
11.1471,26.8723,48.0109,0.5850243,NCC1CCC(N2CCN(C(=O)c3nnn(C(=O)N4Cc5ccccc5C#Cc5ccccc54)n3)CC2)CC1,1,c1cccc2c1C#Cc1c(cccc1)N(*)C2|C1C(CN)CCC(*)C1,C1CN(C(=O)c2nn(C(=O)[*])nn2)CCN1[*],O=C(c1nnn(C(=O)N2Cc3ccccc3C#Cc3ccccc32)n1)N1CCN(C2CCCCC2)CC1,1.0000000,-2.2432,0.8667230,93.0100,1.0000000,210.1970,0.9968477,2.0000,0.1018261,3.7564,1.0000000,1.0000,1.0000000,1.0000,[],[],5
7.9940,17.4861,-17.4861,0.0000000,NCC1CCC(N2CCC(n3cc(C(=O)N4Cc5ccccc5C#Cc5ccccc54)nn3)CC2)CC1,2,c1cccc2c1C#Cc1c(cccc1)N(*)C2|C1C(CN)CCC(*)C1,C1C(n2cc(C(=O)[*])nn2)CCN([*])C1,O=C(c1cn(C2CCN(C3CCCCC3)CC2)nn1)N1Cc2ccccc2C#Cc2ccccc21,0.0000000,0.0151,0.0000000,59.8100,0.0000000,180.2110,0.0000000,2.0000,0.0000000,3.5364,0.0000000,1.0000,0.0000000,1.0000,[],[],5
38.2995,85.4310,-85.1934,0.0018561,COCC12C(O)C(O)C(n3nnc(C4CCC(CN)CC4)n3)C1N=NN=C(C(OCCn1nnn(CC(=O)N3Cc4ccccc4C#Cc4ccccc43)c1=O)n1cnnn1)N=NN2O,1,c1cccc2c1C#Cc1c(cccc1)N(*)C2|C1C(CN)CCC(*)C1,O=c1n(CC([*])=O)nnn1CCOC(c1nnn(C2(COC)C(O)C(O)C(n3nnc([*])n3)C2nnn1)O)n1nnnc1,O=C(Cn1nnn(CCOC(C2=NN=NC3C(CCC3n3nnc(C4CCCCC4)n3)NN=N2)n2cnnn2)c1=O)N1Cc2ccccc2C#Cc2ccccc21,1.0000000,-4.6047,1.0000000,301.1700,1.0000000,578.4710,0.0000000,11.0000,0.0000152,6.8540,1.0000000,1.0000,1.0000000,1.0000,[],[],5
4.7986,25.6205,-25.6205,0.0000000,N#CCC1(n2nnc(NC3CCC(CN)CC3)n2)CN(C(=O)N2Cc3ccccc3C#Cc3ccccc32)C1,1,c1cccc2c1C#Cc1c(cccc1)N(*)C2|C1C(CN)CCC(*)C1,n1n(C2(CC#N)CN(C([*])=O)C2)nc(N[*])n1,O=C(N1CC(n2nnc(NC3CCCCC3)n2)C1)N1Cc2ccccc2C#Cc2ccccc21,0.9999999,-1.6637,0.9922532,113.7200,1.0000000,207.1970,0.8720069,3.0000,0.0456547,4.0562,1.0000000,1.0000,1.0000000,1.0000,[],[],5
16.5047,37.6488,8.3368,0.3592626,NCC1CCC(CC(=O)N2CC(n3nnc(C(=O)N4Cc5ccccc5C#Cc5ccccc54)n3)CC2C(=O)O)CC1,1,c1cccc2c1C#Cc1c(cccc1)N(*)C2|C1C(CN)CCC(*)C1,C([*])(=O)c1nnn(C2CN(C(C[*])=O)C(C(=O)O)C2)n1,O=C(CC1CCCCC1)N1CCC(n2nnc(C(=O)N3Cc4ccccc4C#Cc4ccccc43)n2)C1,0.9999995,-1.2679,0.9959659,118.2800,1.0000000,253.2180,0.8720069,3.0000,0.0125378,4.5170,1.0000000,1.0000,1.0000000,1.0000,[],[],5
9.7406,37.7184,36.3982,0.5790361,NCC1CCC(N2CCN(C(=O)n3nnc(N4CCN(C(=O)N5Cc6ccccc6C#Cc6ccccc65)CC4)n3)CC2)CC1,1,c1cccc2c1C#Cc1c(cccc1)N(*)C2|C1C(CN)CCC(*)C1,C1CN(C(=O)[*])CCN1c1nn(C(=O)N2CCN([*])CC2)nn1,O=C(N1CCN(c2nnn(C(=O)N3CCN(C4CCCCC4)CC3)n2)CC1)N1Cc2ccccc2C#Cc2ccccc21,1.0000000,-2.1752,0.9429366,99.4900,1.0000000,294.3190,0.9968477,2.0000,0.0933034,3.7901,1.0000000,1.0000,1.0000000,1.0000,[],[],5
5.2323,23.1700,-22.8505,0.0024961,NCC1CCC(N2CCC(n3nnc(C(=O)N4Cc5ccccc5C#Cc5ccccc54)n3)CC2)CC1,1,c1cccc2c1C#Cc1c(cccc1)N(*)C2|C1C(CN)CCC(*)C1,O=C([*])c1nnn(C2CCN([*])CC2)n1,O=C(c1nnn(C2CCN(C3CCCCC3)CC2)n1)N1Cc2ccccc2C#Cc2ccccc21,0.9999319,0.0000,0.0000100,0.0000,0.0000000,0.0000,0.9999985,0.0000,0.1116821,3.7205,1.0000000,1.0000,1.0000000,1.0000,[],[],5
21.2212,35.9603,-22.9119,0.1019404,NCC1CCC(Cn2nnn(C3CCCC3(CCC(=O)N3Cc4ccccc4C#Cc4ccccc43)C(=O)O)c2=O)CC1,1,c1cccc2c1C#Cc1c(cccc1)N(*)C2|C1C(CN)CCC(*)C1,O=c1n(C2CCCC2(CCC(=O)[*])C(=O)O)nnn1C[*],O=C(CCC1CCCC1n1nnn(CC2CCCCC2)c1=O)N1Cc2ccccc2C#Cc2ccccc21,0.9999737,-0.2481,0.9801037,107.0800,1.0000000,268.2730,0.0031523,5.0000,0.0078043,4.6834,1.0000000,1.0000,1.0000000,1.0000,[],[],5
4.7117,26.4225,33.4138,0.4674709,N#CCC1(n2nnc(C3CCC(CN)CC3)n2)CN(C(=O)N2Cc3ccccc3C#Cc3ccccc32)C1,1,c1cccc2c1C#Cc1c(cccc1)N(*)C2|C1C(CN)CCC(*)C1,n1n(C2(CC#N)CN(C(=O)[*])C2)nnc1[*],O=C(N1CC(n2nnc(C3CCCCC3)n2)C1)N1Cc2ccccc2C#Cc2ccccc21,0.9999994,-1.2459,0.7517782,87.7000,1.0000000,192.1820,0.8720069,3.0000,0.0459629,4.0537,1.0000000,1.0000,1.0000000,1.0000,[],[],5
21.3372,35.3464,40.7592,0.5945747,NCC1CCC(N2C(=O)C(=O)N(CC(=O)Oc3ccc(N4Cc5ccccc5C#Cc5ccccc54)nn3)C2=O)CC1,1,c1cccc2c1C#Cc1c(cccc1)N(*)C2|C1C(CN)CCC(*)C1,[*]c1ccc(OC(CN2C(=O)C(=O)N([*])C2=O)=O)nn1,O=C(CN1C(=O)C(=O)N(C2CCCCC2)C1=O)Oc1ccc(N2Cc3ccccc3C#Cc3ccccc32)nn1,0.9999998,-1.5396,0.9961246,118.5600,1.0000000,250.1700,0.8720069,3.0000,0.1150492,3.7088,1.0000000,1.0000,1.0000000,1.0000,[],[],5
19.2203,41.8227,-41.8227,0.0000000,n1n(C2CCC(C)([*])CC2)cnn1C(=O)N1CCN([*])CC1,0,c1cccc2c1C#Cc1c(cccc1)N(*)C2|C1C(CN)CCC(*)C1,n1n(C2CCC(C)([*])CC2)cnn1C(=O)N1CCN([*])CC1,,0.0000000,0.0000,0.0000000,0.0000,0.0000000,0.0000,0.0000000,0.0000,0.0000000,0.0000,0.0000000,0.0000,0.0000000,0.0000,None,None,5
5.9939,22.9749,-22.9749,0.0000000,NCC1CCC(N2CCC(n3nnc(C(=O)N4Cc5ccccc5C#Cc5ccccc54)n3)CC2)CC1,2,c1cccc2c1C#Cc1c(cccc1)N(*)C2|C1C(CN)CCC(*)C1,[*]C(c1nnn(C2CCN([*])CC2)n1)=O,O=C(c1nnn(C2CCN(C3CCCCC3)CC2)n1)N1Cc2ccccc2C#Cc2ccccc21,0.0000000,0.0000,0.0000000,0.0000,0.0000000,0.0000,0.0000000,0.0000,0.0000000,3.7205,0.0000000,1.0000,0.0000000,1.0000,[],[],5
14.8409,28.0448,-20.3954,0.0597608,NCC1CCC(N2CCN(C(=O)C(CCCC(=O)N3Cc4ccccc4C#Cc4ccccc43)n3nnnn3)CC2)CC1,1,c1cccc2c1C#Cc1c(cccc1)N(*)C2|C1C(CN)CCC(*)C1,n1nnn(C(CCCC([*])=O)C(N2CCN([*])CC2)=O)n1,O=C(C(CCCC(=O)N1Cc2ccccc2C#Cc2ccccc21)n1nnnn1)N1CCN(C2CCCCC2)CC1,0.9999998,-1.5898,0.9765077,105.9000,1.0000000,267.2930,0.0000681,6.0000,0.0235180,4.2946,1.0000000,1.0000,1.0000000,1.0000,[],[],5
11.8407,25.5656,-25.5656,0.0000000,n1nn(C(C(=O)[*])C2CCCCC2)nn1C[*],0,c1cccc2c1C#Cc1c(cccc1)N(*)C2|C1C(CN)CCC(*)C1,n1nn(C(C(=O)[*])C2CCCCC2)nn1C[*],,0.0000000,0.0000,0.0000000,0.0000,0.0000000,0.0000,0.0000000,0.0000,0.0000000,0.0000,0.0000000,0.0000,0.0000000,0.0000,None,None,5
35.1638,78.2908,-77.6313,0.0051528,CN1CC(COC(=O)C2CCC(CN)CC2)(n2nnc(C(=O)OCC(C)(C)n3nnn(C4CCCC(C(=O)N5Cc6ccccc6C#Cc6ccccc65)C4)c3=O)n2)C1,1,c1cccc2c1C#Cc1c(cccc1)N(*)C2|C1C(CN)CCC(*)C1,O=c1n(C2CCCC(C(=O)[*])C2)nnn1C(C)(C)COC(c1nn(C2(COC([*])=O)CN(C)C2)nn1)=O,O=C(OCCn1nnn(C2CCCC(C(=O)N3Cc4ccccc4C#Cc4ccccc43)C2)c1=O)c1nnn(C2(COC(=O)C3CCCCC3)CNC2)n1,0.9999994,-1.2377,0.9999973,169.2200,1.0000000,491.5090,0.0000000,10.0000,0.0013583,5.2931,1.0000000,1.0000,1.0000000,1.0000,[],[],5
31.4924,59.1814,-59.1814,0.0000000,O=c1n(C2CC3CCC(C2)N3C(=O)[*])nnnn1C(C(C(O)=O)OCCO[*])C=CC,0,c1cccc2c1C#Cc1c(cccc1)N(*)C2|C1C(CN)CCC(*)C1,O=c1n(C2CC3CCC(C2)N3C(=O)[*])nnnn1C(C(C(O)=O)OCCO[*])C=CC,,0.0000000,0.0000,0.0000000,0.0000,0.0000000,0.0000,0.0000000,0.0000,0.0000000,0.0000,0.0000000,0.0000,0.0000000,0.0000,None,None,5
10.0608,14.1268,35.2974,0.3861262,NCC1CCC(N2CCN(S(=O)(=O)N3Cc4ccccc4C#Cc4ccccc43)CC2)CC1,1,c1cccc2c1C#Cc1c(cccc1)N(*)C2|C1C(CN)CCC(*)C1,C1CN(S([*])(=O)=O)CCN1[*],O=S(=O)(N1CCN(C2CCCCC2)CC1)N1Cc2ccccc2C#Cc2ccccc21,0.9999998,-1.5820,0.0121014,49.4100,0.6684421,150.2030,0.9999319,1.0000,0.2066108,3.4675,1.0000000,1.0000,1.0000000,1.0000,[],[],5
7.8841,20.5800,-20.5800,0.0000000,n1nn(C(C)C([*])=O)nnc1[*],0,c1cccc2c1C#Cc1c(cccc1)N(*)C2|C1C(CN)CCC(*)C1,n1nn(C(C)C([*])=O)nnc1[*],,0.0000000,0.0000,0.0000000,0.0000,0.0000000,0.0000,0.0000000,0.0000,0.0000000,0.0000,0.0000000,0.0000,0.0000000,0.0000,None,None,5
40.1235,72.6173,-71.8650,0.0058772,CC(C)CN(c1ncnc(NC2CCC(CN)CC2)n1)S(=O)N(C)CC(C)N1CCC(n2nnnc2C(=O)N2Cc3ccccc3C#Cc3ccccc32)CC1,1,c1cccc2c1C#Cc1c(cccc1)N(*)C2|C1C(CN)CCC(*)C1,[*]C(=O)c1nnnn1C1CCN(C(CN(S(N(c2ncnc(N[*])n2)CC(C)C)=O)C)C)CC1,O=C(c1nnnn1C1CCN(CCNS(=O)Nc2ncnc(NC3CCCCC3)n2)CC1)N1Cc2ccccc2C#Cc2ccccc21,0.9999435,-0.0487,0.9999691,152.1500,1.0000000,465.5880,0.0000000,10.0000,0.0024231,5.0917,1.0000000,1.0000,1.0000000,1.0000,[],[],5
15.1645,29.7756,-29.7756,0.0000000,NCC1CCC(N2CC(=O)N(C(=O)n3nnc(N4Cc5ccccc5C#Cc5ccccc54)n3)CC2C(=O)O)CC1,1,c1cccc2c1C#Cc1c(cccc1)N(*)C2|C1C(CN)CCC(*)C1,n1nc([*])nn1C(N1C(=O)CN([*])C(C(=O)O)C1)=O,O=C1CN(C2CCCCC2)CCN1C(=O)n1nnc(N2Cc3ccccc3C#Cc3ccccc32)n1,0.0000000,0.0000,0.0000000,0.0000,0.0000000,0.0000,0.0000000,0.0000,0.0000000,0.0000,0.0000000,0.0000,0.0000000,0.0000,['[NX3][CX4][CX3](=O)[NX3][CX3](=O)'],None,5
23.8123,40.3269,-20.1643,0.1575200,NCC1CCC(N2CCN(C(=O)OC3C(O)C(O)C(C(=O)O)OC3n3nnc(C(=O)N4Cc5ccccc5C#Cc5ccccc54)n3)CC2)CC1,1,c1cccc2c1C#Cc1c(cccc1)N(*)C2|C1C(CN)CCC(*)C1,O=C([*])c1nn(C2C(OC(N3CCN([*])CC3)=O)C(O)C(O)C(C(O)=O)O2)nn1,O=C(OC1CCCOC1n1nnc(C(=O)N2Cc3ccccc3C#Cc3ccccc32)n1)N1CCN(C2CCCCC2)CC1,1.0000000,-3.4002,0.9999999,189.2300,1.0000000,386.3210,0.1279931,4.0000,0.0018699,5.1819,1.0000000,1.0000,1.0000000,1.0000,[],[],5
42.4741,72.4987,-72.4987,0.0000000,C([*])(OCc1n(C2(CO)CC(n3c(=O)n(Cc4nnn(C[*])n4)c(=O)n(C(=O)OC(=O)C)n3)nn2)nnn1)=O,0,c1cccc2c1C#Cc1c(cccc1)N(*)C2|C1C(CN)CCC(*)C1,C([*])(OCc1n(C2(CO)CC(n3c(=O)n(Cc4nnn(C[*])n4)c(=O)n(C(=O)OC(=O)C)n3)nn2)nnn1)=O,,0.0000000,0.0000,0.0000000,0.0000,0.0000000,0.0000,0.0000000,0.0000,0.0000000,0.0000,0.0000000,0.0000,0.0000000,0.0000,None,None,5
18.5032,28.5910,28.0836,0.4427707,CN(C(=O)N1Cc2ccccc2C#Cc2ccccc21)c1nnc(N2CCN(C3CCC(CN)CC3)CC2)s1,1,c1cccc2c1CN(*)c1ccccc1C#C2|C1CC(CN)CCC1*,c1(N(C(=O)[*])C)nnc(N2CCN([*])CC2)s1,O=C(Nc1nnc(N2CCN(C3CCCCC3)CC2)s1)N1Cc2ccccc2C#Cc2ccccc21,0.9999883,-0.4597,0.0640132,61.3600,1.0000000,227.2930,0.8720069,3.0000,0.1240479,3.6791,1.0000000,1.0000,1.0000000,1.0000,[],[],6
5.5789,17.3015,46.4228,0.4978465,N#CCC1(n2cnc(NC3CCC(CN)CC3)n2)CN(C(=O)N2Cc3ccccc3C#Cc3ccccc32)C1,1,c1cccc2c1CN(*)c1ccccc1C#C2|C1CC(CN)CCC1*,c1n(C2(CC#N)CN(C(=O)[*])C2)nc(N[*])n1,O=C(N1CC(n2cnc(NC3CCCCC3)n2)C1)N1Cc2ccccc2C#Cc2ccccc21,0.9999988,-1.0587,0.9524691,100.8300,1.0000000,206.2090,0.8720069,3.0000,0.0538675,3.9957,1.0000000,1.0000,1.0000000,1.0000,[],[],6
19.3926,19.1540,-18.3056,0.0066276,NCC1CCC(Oc2ccnn3nc(N4Cc5ccccc5C#Cc5ccccc54)nc23)CC1,1,c1cccc2c1CN(*)c1ccccc1C#C2|C1CC(CN)CCC1*,n1n2nc([*])nc2c(O[*])cc1,C1#Cc2ccccc2N(c2nc3c(OC4CCCCC4)ccnn3n2)Cc2ccccc21,0.9999645,-0.1701,0.0830292,63.3100,0.0000000,136.1140,0.9999985,0.0000,0.0900232,3.8037,1.0000000,1.0000,1.0000000,1.0000,[],[],6
6.8869,21.6558,-21.6558,0.0000000,N#CCC1(n2nnc(NC3CCC(CN)CC3)n2)CN(C(=O)N2Cc3ccccc3C#Cc3ccccc32)C1,1,c1cccc2c1CN(*)c1ccccc1C#C2|C1CC(CN)CCC1*,n1nn(C2(CC#N)CN(C(=O)[*])C2)nc1N[*],O=C(N1CC(n2nnc(NC3CCCCC3)n2)C1)N1Cc2ccccc2C#Cc2ccccc21,0.9999999,-1.6637,0.9922532,113.7200,1.0000000,207.1970,0.8720069,3.0000,0.0456547,4.0562,1.0000000,1.0000,1.0000000,1.0000,[],[],6
45.3965,66.4579,-66.4579,0.0000000,O=S(=O)(=O)[*]n(CN1C(=O)c2c-1n(nn1)nc(O[*])n2)C(C)(C)C,0,c1cccc2c1CN(*)c1ccccc1C#C2|C1CC(CN)CCC1*,O=S(=O)(=O)[*]n(CN1C(=O)c2c-1n(nn1)nc(O[*])n2)C(C)(C)C,,0.0000000,0.0000,0.0000000,0.0000,0.0000000,0.0000,0.0000000,0.0000,0.0000000,0.0000,0.0000000,0.0000,0.0000000,0.0000,None,None,6
8.9466,24.4234,7.0976,0.2462579,NCC1CCC(c2nnn(C3OC(n4nnc(N5Cc6ccccc6C#Cc6ccccc65)n4)C(O)C3O)n2)CC1,1,c1cccc2c1CN(*)c1ccccc1C#C2|C1CC(CN)CCC1*,[*]c1nn(C2C(O)C(O)C(n3nnc([*])n3)O2)nn1,C1#Cc2ccccc2N(c2nnn(C3CCC(n4nnc(C5CCCCC5)n4)O3)n2)Cc2ccccc21,1.0000000,-2.8910,0.9997219,136.8900,1.0000000,240.1830,0.9968477,2.0000,0.0021058,5.1405,1.0000000,1.0000,1.0000000,1.0000,[],[],6
7.7834,7.8640,-6.8318,0.0080640,NCC1CCC(Nc2ncnc(N3Cc4ccccc4C#Cc4ccccc43)n2)CC1,1,c1cccc2c1CN(*)c1ccccc1C#C2|C1CC(CN)CCC1*,n1c([*])ncnc1N[*],C1#Cc2ccccc2N(c2ncnc(NC3CCCCC3)n2)Cc2ccccc21,0.9999916,-0.5462,0.0994558,64.6900,0.0000000,96.0930,0.9999985,0.0000,0.1949919,3.4926,1.0000000,1.0000,1.0000000,1.0000,[],[],6
9.8468,16.7861,31.2489,0.3752734,Cn1c(N2CCN(C3CCC(CN)CC3)CC2)nnc1N1Cc2ccccc2C#Cc2ccccc21,1,c1cccc2c1CN(*)c1ccccc1C#C2|C1CC(CN)CCC1*,n1nc([*])n(C)c1N1CCN([*])CC1,C1#Cc2ccccc2N(c2nnc(N3CCN(C4CCCCC4)CC3)[nH]2)Cc2ccccc21,0.9999965,-0.7753,0.0074219,45.9800,1.0000000,167.2160,0.9999319,1.0000,0.1555610,3.5877,1.0000000,1.0000,1.0000000,1.0000,[],[],6
6.1584,9.7374,-8.9977,0.0057796,NCC1CCC(c2nnc(N3Cc4ccccc4C#Cc4ccccc43)nn2)CC1,1,c1cccc2c1CN(*)c1ccccc1C#C2|C1CC(CN)CCC1*,c1([*])nnc([*])nn1,C1#Cc2ccccc2N(c2nnc(C3CCCCC3)nn2)Cc2ccccc21,0.9999959,-0.7334,0.0164176,51.5600,0.0000000,82.0660,0.9999985,0.0000,0.1108389,3.7234,1.0000000,1.0000,1.0000000,1.0000,[],[],6
10.3279,25.6291,45.9312,0.5590642,NCC1CCC(N2CCC(n3nnc(S(=O)(=O)N4Cc5ccccc5C#Cc5ccccc54)n3)CC2)CC1,1,c1cccc2c1CN(*)c1ccccc1C#C2|C1CC(CN)CCC1*,[*]S(=O)(=O)c1nnn(C2CCN([*])CC2)n1,O=S(=O)(c1nnn(C2CCN(C3CCCCC3)CC2)n1)N1Cc2ccccc2C#Cc2ccccc21,0.9999997,-1.4321,0.8031367,89.7700,1.0000000,217.2540,0.9968477,2.0000,0.0866305,3.8184,1.0000000,1.0000,1.0000000,1.0000,[],[],6
8.2906,16.3352,-15.4928,0.0065814,NCC1CCC(C(=O)n2nnc(N3Cc4ccccc4C#Cc4ccccc43)n2)CC1,1,c1cccc2c1CN(*)c1ccccc1C#C2|C1CC(CN)CCC1*,n1c([*])nnn1C([*])=O,O=C(C1CCCCC1)n1nnc(N2Cc3ccccc3C#Cc3ccccc32)n1,0.9999995,-1.2886,0.0583150,60.6700,0.0000000,98.0650,0.9999319,1.0000,0.1041673,3.7476,1.0000000,1.0000,1.0000000,1.0000,[],[],6
10.0414,26.0512,14.8467,0.3195148,N#CCC1(n2nc(NC3CCC(CN)CC3)nc2C2CC2)CN(C(=O)N2Cc3ccccc3C#Cc3ccccc32)C1,1,c1cccc2c1CN(*)c1ccccc1C#C2|C1CC(CN)CCC1*,n1(C2(CC#N)CN(C(=O)[*])C2)nc(N[*])nc1C2CC2,O=C(N1CC(n2nc(NC3CCCCC3)nc2C2CC2)C1)N1Cc2ccccc2C#Cc2ccccc21,0.9999660,-0.1813,0.9524691,100.8300,1.0000000,246.2740,0.1279931,4.0000,0.0430409,4.0776,1.0000000,1.0000,1.0000000,1.0000,[],[],6
8.2226,9.3093,-8.4619,0.0066202,NCC1CCC(Nc2cnc(N3Cc4ccccc4C#Cc4ccccc43)cn2)CC1,1,c1cccc2c1CN(*)c1ccccc1C#C2|C1CC(CN)CCC1*,c1c([*])ncc(N[*])n1,C1#Cc2ccccc2N(c2cnc(NC3CCCCC3)cn2)Cc2ccccc21,0.9999146,0.0588,0.0169848,51.8000,0.0000000,95.1050,0.9999985,0.0000,0.1980823,3.4858,1.0000000,1.0000,1.0000000,1.0000,[],[],6
8.4147,15.5550,-14.6613,0.0069823,NCC1CCC(Cn2nnc(C(=O)N3Cc4ccccc4C#Cc4ccccc43)n2)CC1,1,c1cccc2c1CN(*)c1ccccc1C#C2|C1CC(CN)CCC1*,C(n1nnc(C([*])=O)n1)[*],O=C(c1nnn(CC2CCCCC2)n1)N1Cc2ccccc2C#Cc2ccccc21,0.9999984,-0.9774,0.0583150,60.6700,0.0000000,112.0920,0.9999319,1.0000,0.1351223,3.6450,1.0000000,1.0000,1.0000000,1.0000,[],[],6
11.0854,17.9793,50.1517,0.5322730,NCC1CCC(c2nnn(-c3cn(CC(=O)N4Cc5ccccc5C#Cc5ccccc54)nn3)n2)CC1,1,c1cccc2c1CN(*)c1ccccc1C#C2|C1CC(CN)CCC1*,n1n(-c2cn(CC([*])=O)nn2)nnc1[*],O=C(Cn1cc(-n2nnc(C3CCCCC3)n2)nn1)N1Cc2ccccc2C#Cc2ccccc21,0.9999998,-1.5473,0.8372235,91.3800,1.0000000,179.1430,0.8720069,3.0000,0.0771086,3.8624,1.0000000,1.0000,1.0000000,1.0000,[],[],6
4.5881,11.1795,-10.0661,0.0086987,NCC1CCC(Nc2nnc(N3Cc4ccccc4C#Cc4ccccc43)nn2)CC1,1,c1cccc2c1CN(*)c1ccccc1C#C2|C1CC(CN)CCC1*,c1([*])nnc(N[*])nn1,C1#Cc2ccccc2N(c2nnc(NC3CCCCC3)nn2)Cc2ccccc21,0.9999992,-1.1512,0.4138030,77.5800,0.0000000,97.0810,0.9999985,0.0000,0.1334141,3.6501,1.0000000,1.0000,1.0000000,1.0000,[],[],6
7.0014,14.8629,25.3813,0.3144075,NCC1CCC(N2CCCC(n3nnc(N4Cc5ccccc5C#Cc5ccccc54)n3)C2)CC1,1,c1cccc2c1CN(*)c1ccccc1C#C2|C1CC(CN)CCC1*,[*]c1nn(C2CN([*])CCC2)nn1,C1#Cc2ccccc2N(c2nnn(C3CCCN(C4CCCCC4)C3)n2)Cc2ccccc21,0.9999855,-0.4024,0.0291102,55.6300,0.9999835,153.1890,0.9999319,1.0000,0.0360567,4.1417,1.0000000,1.0000,1.0000000,1.0000,[],[],6
10.7084,16.9882,-15.8882,0.0085941,NCC1CCC(Nc2nc(N3Cc4ccccc4C#Cc4ccccc43)cn3nnc-3n2)CC1,1,c1cccc2c1CN(*)c1ccccc1C#C2|C1CC(CN)CCC1*,n1n2cc([*])nc(N[*])nc2n1,C1#Cc2ccccc2N(c2cn3nnc-3nc(NC3CCCCC3)n2)Cc2ccccc21,0.9999980,-0.9227,0.5893353,82.5100,0.0000000,136.1180,0.9999985,0.0000,0.1059999,3.7408,1.0000000,1.0000,1.0000000,1.0000,[],[],6
5.6805,11.6783,-10.7030,0.0076202,NCC1CCC(Nc2cnc(N3Cc4ccccc4C#Cc4ccccc43)nn2)CC1,1,c1cccc2c1CN(*)c1ccccc1C#C2|C1CC(CN)CCC1*,n1c([*])ncc(N[*])n1,C1#Cc2ccccc2N(c2ncc(NC3CCCCC3)nn2)Cc2ccccc21,0.9999916,-0.5462,0.0994558,64.6900,0.0000000,96.0930,0.9999985,0.0000,0.1519948,3.5973,1.0000000,1.0000,1.0000000,1.0000,[],[],6
6.2128,14.3510,44.4936,0.4597241,NCC1CCC(N2CCN(C(=O)n3cnc(N4Cc5ccccc5C#Cc5ccccc54)n3)CC2)CC1,1,c1cccc2c1CN(*)c1ccccc1C#C2|C1CC(CN)CCC1*,c1nc([*])nn1C(=O)N1CCN([*])CC1,O=C(N1CCN(C2CCCCC2)CC1)n1cnc(N2Cc3ccccc3C#Cc3ccccc32)n1,0.9999974,-0.8486,0.0802245,63.0500,1.0000000,181.1990,0.9999985,0.0000,0.1155677,3.7071,1.0000000,1.0000,1.0000000,1.0000,[],[],6
11.0095,17.4378,37.4145,0.4285336,COC(=O)C(C(=O)N1Cc2ccccc2C#Cc2ccccc21)n1nnc(C2CCC(CN)CC2)n1,1,c1cccc2c1CN(*)c1ccccc1C#C2|C1CC(CN)CCC1*,n1nn(C(C(=O)[*])C(OC)=O)nc1[*],O=C(Cn1nnc(C2CCCCC2)n1)N1Cc2ccccc2C#Cc2ccccc21,0.9999997,-1.4139,0.7316605,86.9700,1.0000000,170.1280,0.8720069,3.0000,0.0317768,4.1871,1.0000000,1.0000,1.0000000,1.0000,[],[],6
3.4483,19.5713,-19.5713,0.0000000,N#CCC1(n2nnc(N3Cc4ccccc4C#Cc4ccccc43)n2)CN(C2CCC(CN)CC2)C1,1,c1cccc2c1CN(*)c1ccccc1C#C2|C1CC(CN)CCC1*,[*]c1nn(C2(CC#N)CN([*])C2)nn1,C1#Cc2ccccc2N(c2nnn(C3CN(C4CCCCC4)C3)n2)Cc2ccccc21,0.9999990,-1.1147,0.4791449,79.4200,1.0000000,164.1720,0.9968477,2.0000,0.0502049,4.0215,1.0000000,1.0000,1.0000000,1.0000,[],[],6
9.0137,11.6082,-10.6137,0.0077691,Cc1nc(NC2CCC(CN)CC2)nnc1N1Cc2ccccc2C#Cc2ccccc21,1,c1cccc2c1CN(*)c1ccccc1C#C2|C1CC(CN)CCC1*,[*]c1nnc(N[*])nc1C,C1#Cc2ccccc2N(c2cnc(NC3CCCCC3)nn2)Cc2ccccc21,0.9999726,-0.2378,0.0994558,64.6900,0.0000000,110.1200,0.9999985,0.0000,0.1655129,3.5621,1.0000000,1.0000,1.0000000,1.0000,[],[],6
8.6827,11.3825,37.0319,0.3782377,NCC1CCC(N2CCN(c3ccc(N4Cc5ccccc5C#Cc5ccccc54)nn3)CC2)CC1,1,c1cccc2c1CN(*)c1ccccc1C#C2|C1CC(CN)CCC1*,N1(c2ccc([*])nn2)CCN([*])CC1,C1#Cc2ccccc2N(c2ccc(N3CCN(C4CCCCC4)CC3)nn2)Cc2ccccc21,0.9999560,-0.1138,0.0036646,41.0500,1.0000000,164.2120,0.9999319,1.0000,0.2291902,3.4214,1.0000000,1.0000,1.0000000,1.0000,[],[],6
7.6874,8.6747,-7.9126,0.0059534,NCC1CCC(Oc2cnc(N3Cc4ccccc4C#Cc4ccccc43)nc2)CC1,1,c1cccc2c1CN(*)c1ccccc1C#C2|C1CC(CN)CCC1*,O(c1cnc([*])nc1)[*],C1#Cc2ccccc2N(c2ncc(OC3CCCCC3)cn2)Cc2ccccc21,0.9998629,0.1822,0.0074538,46.0100,0.0000000,96.0890,0.9999985,0.0000,0.1874341,3.5096,1.0000000,1.0000,1.0000000,1.0000,[],[],6
13.8556,26.4706,10.5087,0.2889004,NCC1CCC(NCC(C(=O)O)n2nnc(C(=O)N3Cc4ccccc4C#Cc4ccccc43)n2)CC1,1,c1cccc2c1CN(*)c1ccccc1C#C2|C1CC(CN)CCC1*,C(=O)([*])c1nnn(C(C(=O)O)CN[*])n1,O=C(c1nnn(CCNC2CCCCC2)n1)N1Cc2ccccc2C#Cc2ccccc21,0.9999999,-1.9300,0.9982224,123.9900,1.0000000,185.1430,0.1279931,4.0000,0.0269905,4.2455,1.0000000,1.0000,1.0000000,1.0000,[],[],6
3.4483,19.5713,-19.5713,0.0000000,N#CCC1(n2nnc(N3Cc4ccccc4C#Cc4ccccc43)n2)CN(C2CCC(CN)CC2)C1,2,c1cccc2c1CN(*)c1ccccc1C#C2|C1CC(CN)CCC1*,[*]c1nn(C2(CC#N)CN([*])C2)nn1,C1#Cc2ccccc2N(c2nnn(C3CN(C4CCCCC4)C3)n2)Cc2ccccc21,0.0000000,-1.1147,0.0000000,79.4200,0.0000000,164.1720,0.0000000,2.0000,0.0000000,4.0215,0.0000000,1.0000,0.0000000,1.0000,[],[],6
14.2637,31.9691,-31.9691,0.0000000,n1nn(C2OC(C[*])C(O)C2n2nncn2)nn1C[*],0,c1cccc2c1CN(*)c1ccccc1C#C2|C1CC(CN)CCC1*,n1nn(C2OC(C[*])C(O)C2n2nncn2)nn1C[*],,0.0000000,0.0000,0.0000000,0.0000,0.0000000,0.0000,0.0000000,0.0000,0.0000000,0.0000,0.0000000,0.0000,0.0000000,0.0000,None,None,6
6.4836,8.6105,-7.9211,0.0053858,NCC1CCC(Cn2nnc(N3Cc4ccccc4C#Cc4ccccc43)n2)CC1,1,c1cccc2c1CN(*)c1ccccc1C#C2|C1CC(CN)CCC1*,n1c([*])nnn1C[*],C1#Cc2ccccc2N(c2nnn(CC3CCCCC3)n2)Cc2ccccc21,0.9999967,-0.7899,0.0052808,43.6000,0.0000000,84.0820,0.9999985,0.0000,0.1432742,3.6213,1.0000000,1.0000,1.0000000,1.0000,[],[],6
19.8596,37.6951,3.5252,0.3220334,NCC1CCC(c2nnn(C3CC(=O)N(C(=O)CO)c4nc(N5Cc6ccccc6C#Cc6ccccc65)nn43)n2)CC1,1,c1cccc2c1CN(*)c1ccccc1C#C2|C1CC(CN)CCC1*,n1n(C2n3nc([*])nc3N(C(=O)CO)C(=O)C2)nnc1[*],O=C1CC(n2nnc(C3CCCCC3)n2)n2nc(N3Cc4ccccc4C#Cc4ccccc43)nc2N1,1.0000000,-2.4329,0.9994315,131.9200,1.0000000,264.2050,0.9968477,2.0000,0.0068568,4.7287,1.0000000,1.0000,1.0000000,1.0000,[],[],6
7.2219,12.3216,62.3799,0.5836059,Cn1c(NC2CCC(CN)CC2)nnc1S(=O)(=O)N1Cc2ccccc2C#Cc2ccccc21,1,c1cccc2c1CN(*)c1ccccc1C#C2|C1CC(CN)CCC1*,O=S(=O)([*])c1nnc(N[*])n1C,O=S(=O)(c1nnc(NC2CCCCC2)[nH]1)N1Cc2ccccc2C#Cc2ccccc21,0.9999999,-1.6324,0.8269722,90.8700,1.0000000,162.1740,0.9999319,1.0000,0.1028509,3.7525,1.0000000,1.0000,1.0000000,1.0000,[],[],6
15.8797,24.4847,46.5695,0.5551104,NCC1CCC(Oc2cnn(-c3nnn(CC(=O)N4Cc5ccccc5C#Cc5ccccc54)n3)c2)CC1,1,c1cccc2c1CN(*)c1ccccc1C#C2|C1CC(CN)CCC1*,c1nn(-c2nnn(CC([*])=O)n2)cc1O[*],O=C(Cn1nnc(-n2cc(OC3CCCCC3)cn2)n1)N1Cc2ccccc2C#Cc2ccccc21,0.9999994,-1.2367,0.9366732,98.7200,1.0000000,194.1540,0.8720069,3.0000,0.0877016,3.8137,1.0000000,1.0000,1.0000000,1.0000,[],[],6
21.2103,43.7278,-43.7278,0.0000000,C1OCC1Cn1nnc([*])n1)N1CCN([*])S1(=O)=O,0,c1cc2c(cc1)N(*)Cc1ccccc1C#C2|C1CC(*)CCC1CN,C1OCC1Cn1nnc([*])n1)N1CCN([*])S1(=O)=O,,0.0000000,0.0000,0.0000000,0.0000,0.0000000,0.0000,0.0000000,0.0000,0.0000000,0.0000,0.0000000,0.0000,0.0000000,0.0000,None,None,7
10.2119,21.8047,-21.0676,0.0057591,CC(CNC1CCC(CN)CC1)n1nnc(N2Cc3ccccc3C#Cc3ccccc32)n1,1,c1cc2c(cc1)N(*)Cc1ccccc1C#C2|C1CC(*)CCC1CN,n1nc([*])nn1C(C)CN[*],C1#Cc2ccccc2N(c2nnn(CCNC3CCCCC3)n2)Cc2ccccc21,0.9999969,-0.8072,0.1833518,69.6200,0.0000000,127.1510,0.9968477,2.0000,0.0327464,4.1763,1.0000000,1.0000,1.0000000,1.0000,[],[],7
23.6940,46.7962,-46.7962,0.0000000,n1n(C2(CC#N)CN3C(CS3)C(=O)[*])nnc2c(N[*])nc1N1C(C)COCC1,0,c1cc2c(cc1)N(*)Cc1ccccc1C#C2|C1CC(*)CCC1CN,n1n(C2(CC#N)CN3C(CS3)C(=O)[*])nnc2c(N[*])nc1N1C(C)COCC1,,0.0000000,0.0000,0.0000000,0.0000,0.0000000,0.0000,0.0000000,0.0000,0.0000000,0.0000,0.0000000,0.0000,0.0000000,0.0000,None,None,7
8.0598,16.0347,-15.1351,0.0070280,NCC1CCC(Nc2ccn(C(=O)N3Cc4ccccc4C#Cc4ccccc43)n2)CC1,1,c1cc2c(cc1)N(*)Cc1ccccc1C#C2|C1CC(*)CCC1CN,c1cn(C([*])=O)nc1N[*],O=C(N1Cc2ccccc2C#Cc2ccccc21)n1ccc(NC2CCCCC2)n1,0.9999899,-0.4964,0.0602409,60.9100,0.0000000,111.1040,0.9999319,1.0000,0.1368197,3.6400,1.0000000,1.0000,1.0000000,1.0000,[],[],7
7.3149,12.2884,-11.9741,0.0024557,NCC1CCC(c2nnn(C(=O)N3Cc4ccccc4C#Cc4ccccc43)n2)CC1,1,c1cc2c(cc1)N(*)Cc1ccccc1C#C2|C1CC(*)CCC1CN,n1nn(C([*])=O)nc1[*],O=C(N1Cc2ccccc2C#Cc2ccccc21)n1nnc(C2CCCCC2)n1,0.9999319,0.0000,0.0000100,0.0000,0.0000000,0.0000,0.9999985,0.0000,0.1039416,3.7484,1.0000000,1.0000,1.0000000,1.0000,[],[],7
9.5740,13.9001,-12.8354,0.0083178,NCC1CCC(Nc2nnc(C(=O)N3Cc4ccccc4C#Cc4ccccc43)s2)CC1,1,c1cc2c(cc1)N(*)Cc1ccccc1C#C2|C1CC(*)CCC1CN,s1c(C(=O)[*])nnc1N[*],O=C(c1nnc(NC2CCCCC2)s1)N1Cc2ccccc2C#Cc2ccccc21,0.9999474,-0.0672,0.1677392,68.8700,0.0000000,129.1440,0.9999319,1.0000,0.1720973,3.5458,1.0000000,1.0000,1.0000000,1.0000,[],[],7
8.3354,12.8618,-11.7305,0.0088381,NCC1CCC(Nc2ccc(C(=O)N3Cc4ccccc4C#Cc4ccccc43)nn2)CC1,1,c1cc2c(cc1)N(*)Cc1ccccc1C#C2|C1CC(*)CCC1CN,[*]C(c1ccc(N[*])nn1)=O,O=C(c1ccc(NC2CCCCC2)nn1)N1Cc2ccccc2C#Cc2ccccc21,0.9999585,-0.1287,0.1677392,68.8700,0.0000000,123.1150,0.9999319,1.0000,0.2247483,3.4302,1.0000000,1.0000,1.0000000,1.0000,[],[],7
7.1993,10.7160,69.2892,0.6250404,NCC1CCC(Nc2ccc(S(=O)(=O)N3Cc4ccccc4C#Cc4ccccc43)cn2)CC1,1,c1cc2c(cc1)N(*)Cc1ccccc1C#C2|C1CC(*)CCC1CN,c1c(S([*])(=O)=O)ccc(N[*])n1,O=S(=O)(c1ccc(NC2CCCCC2)nc1)N1Cc2ccccc2C#Cc2ccccc21,0.9999833,-0.3659,0.2689050,73.0500,1.0000000,158.1820,0.9999319,1.0000,0.2439102,3.3931,1.0000000,1.0000,1.0000000,1.0000,[],[],7
7.1047,23.4196,38.9785,0.4874851,N#CCC1(n2cc(NC3CCC(CN)CC3)nn2)CN(C(=O)N2Cc3ccccc3C#Cc3ccccc32)C1,1,c1cc2c(cc1)N(*)Cc1ccccc1C#C2|C1CC(*)CCC1CN,c1n(C2(CC#N)CN(C(=O)[*])C2)nnc1N[*],O=C(N1CC(n2cc(NC3CCCCC3)nn2)C1)N1Cc2ccccc2C#Cc2ccccc21,0.9999988,-1.0587,0.9524691,100.8300,1.0000000,206.2090,0.8720069,3.0000,0.0491063,4.0296,1.0000000,1.0000,1.0000000,1.0000,[],[],7
6.4086,19.8539,-19.0919,0.0059533,NCC1CCC(c2nnn(C3(C(=O)N4Cc5ccccc5C#Cc5ccccc54)CC3)n2)CC1,1,c1cc2c(cc1)N(*)Cc1ccccc1C#C2|C1CC(*)CCC1CN,n1n(C2(C([*])=O)CC2)nnc1[*],O=C(N1Cc2ccccc2C#Cc2ccccc21)C1(n2nnc(C3CCCCC3)n2)CC1,0.9999942,-0.6389,0.0583150,60.6700,0.0000000,138.1300,0.9968477,2.0000,0.0671872,3.9140,1.0000000,1.0000,1.0000000,1.0000,[],[],7
9.4607,23.2433,25.4272,0.3802379,CC1CN(C(=O)n2nnc(N3Cc4ccccc4C#Cc4ccccc43)n2)CCN1C1CCC(CN)CC1,1,c1cc2c(cc1)N(*)Cc1ccccc1C#C2|C1CC(*)CCC1CN,n1nc([*])nn1C(N1CCN([*])C(C)C1)=O,O=C(N1CCN(C2CCCCC2)CC1)n1nnc(N2Cc3ccccc3C#Cc3ccccc32)n1,0.9999989,-1.0651,0.3579482,75.9400,1.0000000,196.2140,0.9999985,0.0000,0.0237320,4.2914,1.0000000,1.0000,1.0000000,1.0000,[],[],7
8.2271,13.0291,67.2819,0.6274298,NCC1CCC(Nc2nnc(S(=O)(=O)N3Cc4ccccc4C#Cc4ccccc43)s2)CC1,1,c1cc2c(cc1)N(*)Cc1ccccc1C#C2|C1CC(*)CCC1CN,c1(S(=O)([*])=O)nnc(N[*])s1,O=S(=O)(c1nnc(NC2CCCCC2)s1)N1Cc2ccccc2C#Cc2ccccc21,0.9999979,-0.9094,0.7015804,85.9400,1.0000000,165.1990,0.9999319,1.0000,0.1535591,3.5931,1.0000000,1.0000,1.0000000,1.0000,[],[],7
12.5952,21.6924,39.3394,0.4768108,NCC1CCC(N2CCC(n3ncc(-c4cnc(N5Cc6ccccc6C#Cc6ccccc65)nc4)n3)CC2)CC1,1,c1cc2c(cc1)N(*)Cc1ccccc1C#C2|C1CC(*)CCC1CN,C1CC(n2ncc(-c3cnc([*])nc3)n2)CCN1[*],C1#Cc2ccccc2N(c2ncc(-c3cnn(C4CCN(C5CCCCC5)CC4)n3)cn2)Cc2ccccc21,0.9991444,0.6596,0.1608246,68.5200,1.0000000,230.2750,0.9968477,2.0000,0.0961949,3.7783,1.0000000,1.0000,1.0000000,1.0000,[],[],7
14.4932,34.1979,1.5526,0.2793005,NCC1CCC(N2CCC(C(C(=O)O)n3nnc(C(=O)N4Cc5ccccc5C#Cc5ccccc54)n3)CC2)CC1,1,c1cc2c(cc1)N(*)Cc1ccccc1C#C2|C1CC(*)CCC1CN,[*]C(=O)c1nnn(C(C(=O)O)C2CCN([*])CC2)n1,O=C(c1nnn(CC2CCN(C3CCCCC3)CC2)n1)N1Cc2ccccc2C#Cc2ccccc21,0.9999977,-0.8891,0.9868402,110.0000,1.0000000,239.2350,0.1279931,4.0000,0.0233951,4.2965,1.0000000,1.0000,1.0000000,1.0000,[],[],7
5.8478,13.4321,-13.0852,0.0027104,NCC1CCC(Nc2ccc(S(=O)(=O)N3Cc4ccccc4C#Cc4ccccc43)nn2)CC1,1,c1cc2c(cc1)N(*)Cc1ccccc1C#C2|C1CC(*)CCC1CN,O=S(=O)([*])c1ccc(N[*])nn1,O=S(=O)(c1ccc(NC2CCCCC2)nn1)N1Cc2ccccc2C#Cc2ccccc21,0.9999319,0.0000,0.0000100,0.0000,0.0000000,0.0000,0.9999985,0.0000,0.1604580,3.5749,1.0000000,1.0000,1.0000000,1.0000,[],[],7
19.7245,28.1992,11.6479,0.3113056,NCC1CCC(Nc2nnn(-c3ccc(OCC(O)CN4Cc5ccccc5C#Cc5ccccc54)c(Cl)c3)n2)CC1,1,c1cc2c(cc1)N(*)Cc1ccccc1C#C2|C1CC(*)CCC1CN,n1n(-c2cc(Cl)c(OCC(C[*])O)cc2)nnc1N[*],C1#Cc2ccccc2N(CCCOc2ccc(-n3nnc(NC4CCCCC4)n3)cc2)Cc2ccccc21,0.9991512,0.6575,0.9396776,99.0800,1.0000000,269.6920,0.1279931,4.0000,0.0386753,4.1163,1.0000000,1.0000,1.0000000,1.0000,[],[],7
7.3356,20.0452,39.6752,0.4665654,NCC1CCC(c2nnn(C3CCN(C(=O)N4Cc5ccccc5C#Cc5ccccc54)CC3)n2)CC1,1,c1cc2c(cc1)N(*)Cc1ccccc1C#C2|C1CC(*)CCC1CN,n1n(C2CCN(C([*])=O)CC2)nnc1[*],O=C(N1CCC(n2nnc(C3CCCCC3)n2)CC1)N1Cc2ccccc2C#Cc2ccccc21,0.9999912,-0.5336,0.0898443,63.9100,1.0000000,181.1990,0.9968477,2.0000,0.1168712,3.7027,1.0000000,1.0000,1.0000000,1.0000,[],[],7
7.1952,14.0657,-14.0657,0.0000000,NCC1CCC(Nc2ccc(S(=O)(=O)N3Cc4ccccc4C#Cc4ccccc43)nn2)CC1,2,c1cc2c(cc1)N(*)Cc1ccccc1C#C2|C1CC(*)CCC1CN,[*]S(=O)(c1ccc(N[*])nn1)=O,O=S(=O)(c1ccc(NC2CCCCC2)nn1)N1Cc2ccccc2C#Cc2ccccc21,0.0000000,0.0000,0.0000000,0.0000,0.0000000,0.0000,0.0000000,0.0000,0.0000000,3.5749,0.0000000,1.0000,0.0000000,1.0000,[],[],7
15.0505,24.4069,19.1901,0.3406014,CN(C)C(=O)C1CN(C2CCC(CN)CC2)CCN1c1cnc(N2Cc3ccccc3C#Cc3ccccc32)nc1,1,c1cc2c(cc1)N(*)Cc1ccccc1C#C2|C1CC(*)CCC1CN,c1nc([*])ncc1N1C(C(N(C)C)=O)CN([*])CC1,C1#Cc2ccccc2N(c2ncc(N3CCN(C4CCCCC4)CC3)cn2)Cc2ccccc21,0.9999945,-0.6570,0.0640132,61.3600,1.0000000,235.2910,0.9968477,2.0000,0.0346726,4.1558,1.0000000,1.0000,1.0000000,1.0000,[],[],7
7.5697,11.7513,-11.7513,0.0000000,NCC1CCC(c2nnn(C(=O)N3Cc4ccccc4C#Cc4ccccc43)n2)CC1,2,c1cc2c(cc1)N(*)Cc1ccccc1C#C2|C1CC(*)CCC1CN,n1(C(=O)[*])nnc([*])n1,O=C(N1Cc2ccccc2C#Cc2ccccc21)n1nnc(C2CCCCC2)n1,0.0000000,0.0000,0.0000000,0.0000,0.0000000,0.0000,0.0000000,0.0000,0.0000000,3.7484,0.0000000,1.0000,0.0000000,1.0000,[],[],7
21.7534,33.8755,9.3930,0.3380344,CC(C)(C)n1c(NC2CCC(CN)CC2)nnc1Oc1ccc(NS(=O)(=O)N2Cc3ccccc3C#Cc3ccccc32)cn1,1,c1cc2c(cc1)N(*)Cc1ccccc1C#C2|C1CC(*)CCC1CN,c1(Oc2ncc(NS(=O)([*])=O)cc2)nnc(N[*])n1C(C)(C)C,O=S(=O)(Nc1ccc(Oc2nnc(NC3CCCCC3)[nH]2)nc1)N1Cc2ccccc2C#Cc2ccccc21,0.9988314,0.7409,0.9984668,125.0200,1.0000000,312.3550,0.1279931,4.0000,0.0539263,3.9953,1.0000000,1.0000,1.0000000,1.0000,[],[],7
5.2984,16.7770,36.1364,0.4133862,NCC1CCC(N2CCC(n3nnc(N4Cc5ccccc5C#Cc5ccccc54)n3)CC2)CC1,1,c1cc2c(cc1)N(*)Cc1ccccc1C#C2|C1CC(*)CCC1CN,[*]c1nnn(C2CCN([*])CC2)n1,C1#Cc2ccccc2N(c2nnn(C3CCN(C4CCCCC4)CC3)n2)Cc2ccccc21,0.9999855,-0.4024,0.0291102,55.6300,0.9999835,153.1890,0.9999319,1.0000,0.1202220,3.6915,1.0000000,1.0000,1.0000000,1.0000,[],[],7
4.6680,23.5459,-23.5459,0.0000000,N#CCC1(n2nnc(N3Cc4ccccc4C#Cc4ccccc43)n2)CN(C2CCC(CN)CC2)C1,1,c1cc2c(cc1)N(*)Cc1ccccc1C#C2|C1CC(*)CCC1CN,[*]c1nn(C2(CC#N)CN([*])C2)nn1,C1#Cc2ccccc2N(c2nnn(C3CN(C4CCCCC4)C3)n2)Cc2ccccc21,0.9999990,-1.1147,0.4791449,79.4200,1.0000000,164.1720,0.9968477,2.0000,0.0502049,4.0215,1.0000000,1.0000,1.0000000,1.0000,[],[],7
20.4949,34.4761,33.5447,0.5314130,NCC1CCC(Nc2ncnn3cc(C(=O)n4nnnc4N4Cc5ccccc5C#Cc5ccccc54)nc23)CC1,1,c1cc2c(cc1)N(*)Cc1ccccc1C#C2|C1CC(*)CCC1CN,c1([*])nnnn1C(=O)c1cn2ncnc(N[*])c2n1,O=C(c1cn2ncnc(NC3CCCCC3)c2n1)n1nnnc1N1Cc2ccccc2C#Cc2ccccc21,0.9999999,-1.6185,0.9992255,129.7700,1.0000000,231.1790,0.9999319,1.0000,0.0619579,3.9441,1.0000000,1.0000,1.0000000,1.0000,[],[],7
16.0908,19.8344,-18.7985,0.0080929,NCC1CCC(Nc2cc(F)c(C(=O)N3Cc4ccccc4C#Cc4ccccc43)nn2)CC1,1,c1cc2c(cc1)N(*)Cc1ccccc1C#C2|C1CC(*)CCC1CN,c1c(F)c(C(=O)[*])nnc1N[*],O=C(c1ccc(NC2CCCCC2)nn1)N1Cc2ccccc2C#Cc2ccccc21,0.9999291,0.0104,0.1677392,68.8700,0.0000000,141.1050,0.9999319,1.0000,0.1525485,3.5958,1.0000000,1.0000,1.0000000,1.0000,[],[],7
19.2044,30.8255,13.8367,0.3489234,NCC1CCC(NS(=O)(=O)CC2(n3cnc(N4Cc5ccccc5C#Cc5ccccc54)n3)CCSC2)CC1,1,c1cc2c(cc1)N(*)Cc1ccccc1C#C2|C1CC(*)CCC1CN,c1nc([*])nn1C1(CS(=O)(=O)N[*])CSCC1,O=S(=O)(CC1(n2cnc(N3Cc4ccccc4C#Cc4ccccc43)n2)CCSC1)NC1CCCCC1,0.9999932,-0.6012,0.8269722,90.8700,1.0000000,248.3330,0.8720069,3.0000,0.0121005,4.5295,1.0000000,1.0000,1.0000000,1.0000,[],[],7
20.8941,58.2594,-58.2594,0.0000000,n1n(C2(CC#N)CN(C([*])=O)C2)nc(N2CCN([*])CC2)nc1N1C2CC(C1)OC2,0,c1cc2c(cc1)N(*)Cc1ccccc1C#C2|C1CC(*)CCC1CN,n1n(C2(CC#N)CN(C([*])=O)C2)nc(N2CCN([*])CC2)nc1N1C2CC(C1)OC2,,0.0000000,0.0000,0.0000000,0.0000,0.0000000,0.0000,0.0000000,0.0000,0.0000000,0.0000,0.0000000,0.0000,0.0000000,0.0000,None,None,7
13.0771,23.7459,44.1547,0.5304732,NCC1CCC(Nc2nn(C3(C(=O)O)CCN(C(=O)N4Cc5ccccc5C#Cc5ccccc54)CC3)cc2Cl)CC1,1,c1cc2c(cc1)N(*)Cc1ccccc1C#C2|C1CC(*)CCC1CN,c1(Cl)cn(C2(C(=O)O)CCN(C(=O)[*])CC2)nc1N[*],O=C(N1CCC(n2ccc(NC3CCCCC3)n2)CC1)N1Cc2ccccc2C#Cc2ccccc21,0.9998785,0.1508,0.9563493,101.4500,1.0000000,272.6920,0.8720069,3.0000,0.0710879,3.8929,1.0000000,1.0000,1.0000000,1.0000,[],[],7
6.2737,19.8941,-19.8941,0.0000000,N#CCC1(n2cnc(NC3CCC(CN)CC3)n2)CN(C(=O)N2Cc3ccccc3C#Cc3ccccc32)C1,1,c1cc2c(cc1)N(*)Cc1ccccc1C#C2|C1CC(*)CCC1CN,c1n(C2(CC#N)CN(C(=O)[*])C2)nc(N[*])n1,O=C(N1CC(n2cnc(NC3CCCCC3)n2)C1)N1Cc2ccccc2C#Cc2ccccc21,0.9999988,-1.0587,0.9524691,100.8300,1.0000000,206.2090,0.8720069,3.0000,0.0538675,3.9957,1.0000000,1.0000,1.0000000,1.0000,[],[],7
11.2655,28.8610,29.9252,0.4592679,NCC1CCC(c2nnn(C3CCC(N4CCN(C(=O)N5Cc6ccccc6C#Cc6ccccc65)CC4)CC3)n2)CC1,1,c1cc2c(cc1)N(*)Cc1ccccc1C#C2|C1CC(*)CCC1CN,n1n(C2CCC(N3CCN(C([*])=O)CC3)CC2)nnc1[*],O=C(N1CCN(C2CCC(n3nnc(C4CCCCC4)n3)CC2)CC1)N1Cc2ccccc2C#Cc2ccccc21,0.9999478,-0.0692,0.1359594,67.1500,1.0000000,264.3330,0.8720069,3.0000,0.0999864,3.7634,1.0000000,1.0000,1.0000000,1.0000,[],[],7
7.3903,7.2775,42.1467,0.3861262,NCC1CCC(N2CCN(S(=O)(=O)N3Cc4ccccc4C#Cc4ccccc43)CC2)CC1,1,c1cc2c(cc1)N(*)Cc1ccccc1C#C2|C1CC(*)CCC1CN,O=S(=O)([*])N1CCN([*])CC1,O=S(=O)(N1CCN(C2CCCCC2)CC1)N1Cc2ccccc2C#Cc2ccccc21,0.9999998,-1.5820,0.0121014,49.4100,0.6684421,150.2030,0.9999319,1.0000,0.2066108,3.4675,1.0000000,1.0000,1.0000000,1.0000,[],[],7
12.9630,20.2032,18.1172,0.2993784,NCC1CCC(N2CCC(Oc3ccc(N4Cc5ccccc5C#Cc5ccccc54)nn3)C2)CC1,1,c1cc2c(cc1)N(*)Cc1ccccc1C#C2|C1CC(*)CCC1CN,C1CC(Oc2ccc([*])nn2)CN1[*],C1#Cc2ccccc2N(c2ccc(OC3CCN(C4CCCCC4)C3)nn2)Cc2ccccc21,0.9998432,0.2173,0.0086344,47.0400,1.0000000,165.1960,0.9968477,2.0000,0.0535249,3.9980,1.0000000,1.0000,1.0000000,1.0000,[],[],7
7.2121,19.6502,-19.0460,0.0047202,NCC1CCC(N2CCC(n3nnc(N4Cc5ccccc5C#Cc5ccccc54)n3)C2)CC1,1,C1#Cc2ccccc2CN(*)c2ccccc21|C1C(CN)CCC(*)C1,[*]c1nn(C2CCN([*])C2)nn1,C1#Cc2ccccc2N(c2nnn(C3CCN(C4CCCCC4)C3)n2)Cc2ccccc21,0.9999967,-0.7925,0.0291102,55.6300,0.0000000,139.1620,0.9999319,1.0000,0.0341529,4.1612,1.0000000,1.0000,1.0000000,1.0000,[],[],8
12.8207,34.2042,-34.2042,0.0000000,n1(C2CC2)nc([*])nn1C(=O)N1CCN([*])CC1,0,C1#Cc2ccccc2CN(*)c2ccccc21|C1C(CN)CCC(*)C1,n1(C2CC2)nc([*])nn1C(=O)N1CCN([*])CC1,,0.0000000,0.0000,0.0000000,0.0000,0.0000000,0.0000,0.0000000,0.0000,0.0000000,0.0000,0.0000000,0.0000,0.0000000,0.0000,None,None,8
10.4282,19.0063,31.3128,0.3931185,NCC1CCC(CC(=O)ON2CCN(C(=O)N3Cc4ccccc4C#Cc4ccccc43)CC2)CC1,1,C1#Cc2ccccc2CN(*)c2ccccc21|C1C(CN)CCC(*)C1,N1(C([*])=O)CCN(OC(=O)C[*])CC1,O=C(CC1CCCCC1)ON1CCN(C(=O)N2Cc3ccccc3C#Cc3ccccc32)CC1,0.9999963,-0.7615,0.0128823,49.8500,1.0000000,172.1840,0.9968477,2.0000,0.1452587,3.6158,1.0000000,1.0000,1.0000000,1.0000,[],[],8
3.9979,14.6922,-14.6922,0.0000000,NCC1CCC(N2CCC(n3nnc(N4Cc5ccccc5C#Cc5ccccc54)n3)CC2)CC1,1,C1#Cc2ccccc2CN(*)c2ccccc21|C1C(CN)CCC(*)C1,[*]c1nn(C2CCN([*])CC2)nn1,C1#Cc2ccccc2N(c2nnn(C3CCN(C4CCCCC4)CC3)n2)Cc2ccccc21,0.9999855,-0.4024,0.0291102,55.6300,0.9999835,153.1890,0.9999319,1.0000,0.1202220,3.6915,1.0000000,1.0000,1.0000000,1.0000,[],[],8
7.8077,19.3724,20.0814,0.3082329,NCC1CCC(c2cn(C3CCCN(C(=O)N4Cc5ccccc5C#Cc5ccccc54)C3)nn2)CC1,1,C1#Cc2ccccc2CN(*)c2ccccc21|C1C(CN)CCC(*)C1,c1n(C2CCCN(C(=O)[*])C2)nnc1[*],O=C(N1CCCC(n2cc(C3CCCCC3)nn2)C1)N1Cc2ccccc2C#Cc2ccccc21,0.9999104,0.0714,0.0152088,51.0200,1.0000000,180.2110,0.9968477,2.0000,0.0458452,4.0547,1.0000000,1.0000,1.0000000,1.0000,[],[],8
8.7390,23.1763,34.1547,0.4478987,NCC1CCC(N2CCC(n3ncc(C(=O)N4Cc5ccccc5C#Cc5ccccc54)n3)CC2)CC1,1,C1#Cc2ccccc2CN(*)c2ccccc21|C1C(CN)CCC(*)C1,c1(C([*])=O)cnn(C2CCN([*])CC2)n1,O=C(c1cnn(C2CCN(C3CCCCC3)CC2)n1)N1Cc2ccccc2C#Cc2ccccc21,0.9999278,0.0151,0.0518787,59.8100,1.0000000,180.2110,0.9968477,2.0000,0.1285174,3.6650,1.0000000,1.0000,1.0000000,1.0000,[],[],8
13.4786,33.4041,-33.4041,0.0000000,n1nc([*])nn(CN2CCN([*])CC2)n1,0,C1#Cc2ccccc2CN(*)c2ccccc21|C1C(CN)CCC(*)C1,n1nc([*])nn(CN2CCN([*])CC2)n1,,0.0000000,0.0000,0.0000000,0.0000,0.0000000,0.0000,0.0000000,0.0000,0.0000000,0.0000,0.0000000,0.0000,0.0000000,0.0000,None,None,8
14.8806,20.2320,-20.2320,0.0000000,n1oc(C([*])=O)nn1CC[*],0,C1#Cc2ccccc2CN(*)c2ccccc21|C1C(CN)CCC(*)C1,n1oc(C([*])=O)nn1CC[*],,0.0000000,0.0000,0.0000000,0.0000,0.0000000,0.0000,0.0000000,0.0000,0.0000000,0.0000,0.0000000,0.0000,0.0000000,0.0000,None,None,8
26.2701,53.0475,-51.1152,0.0150956,NCC1CCC(N2CCN(Cn3nnc(Nc4nc(NC(=O)N5Cc6ccccc6C#Cc6ccccc65)n(Cc5nn[nH]n5)n4)n3)CC2)CC1,1,C1#Cc2ccccc2CN(*)c2ccccc21|C1C(CN)CCC(*)C1,n1n(Cc2n[nH]nn2)c(NC([*])=O)nc1Nc1nn(CN2CCN([*])CC2)nn1,O=C(Nc1nc(Nc2nnn(CN3CCN(C4CCCCC4)CC3)n2)nn1Cc1nn[nH]n1)N1Cc2ccccc2C#Cc2ccccc21,1.0000000,-2.9994,0.9999998,185.1700,1.0000000,375.3610,0.0000001,8.0000,0.0308455,4.1978,1.0000000,1.0000,1.0000000,1.0000,[],[],8
4.7382,13.6944,-13.3439,0.0027383,NCC1CCC(Nc2nnn(CC(=O)N3Cc4ccccc4C#Cc4ccccc43)n2)CC1,1,C1#Cc2ccccc2CN(*)c2ccccc21|C1C(CN)CCC(*)C1,n1nn(CC(=O)[*])nc1N[*],O=C(Cn1nnc(NC2CCCCC2)n1)N1Cc2ccccc2C#Cc2ccccc21,0.9999319,0.0000,0.0000100,0.0000,0.0000000,0.0000,0.9999985,0.0000,0.1678730,3.5562,1.0000000,1.0000,1.0000000,1.0000,[],[],8
4.7382,13.6944,-13.6944,0.0000000,NCC1CCC(Nc2nnn(CC(=O)N3Cc4ccccc4C#Cc4ccccc43)n2)CC1,2,C1#Cc2ccccc2CN(*)c2ccccc21|C1C(CN)CCC(*)C1,n1nn(CC(=O)[*])nc1N[*],O=C(Cn1nnc(NC2CCCCC2)n1)N1Cc2ccccc2C#Cc2ccccc21,0.0000000,0.0000,0.0000000,0.0000,0.0000000,0.0000,0.0000000,0.0000,0.0000000,3.5562,0.0000000,1.0000,0.0000000,1.0000,[],[],8
8.7957,21.2507,25.5031,0.3652641,NCC1CCC(N2CCN(c3nnc(N4Cc5ccccc5C#Cc5ccccc54)s3)CC2)CC1,1,C1#Cc2ccccc2CN(*)c2ccccc21|C1C(CN)CCC(*)C1,[*]c1nnc(N2CCN([*])CC2)s1,C1#Cc2ccccc2N(c2nnc(N3CCN(C4CCCCC4)CC3)s2)Cc2ccccc21,0.9999443,-0.0523,0.0036646,41.0500,1.0000000,170.2410,0.9999319,1.0000,0.1965652,3.4892,1.0000000,1.0000,1.0000000,1.0000,[],[],8
6.1136,11.3898,38.0343,0.3861262,NCC1CCC(N2CCN(S(=O)(=O)N3Cc4ccccc4C#Cc4ccccc43)CC2)CC1,1,C1#Cc2ccccc2CN(*)c2ccccc21|C1C(CN)CCC(*)C1,O=S([*])(=O)N1CCN([*])CC1,O=S(=O)(N1CCN(C2CCCCC2)CC1)N1Cc2ccccc2C#Cc2ccccc21,0.9999998,-1.5820,0.0121014,49.4100,0.6684421,150.2030,0.9999319,1.0000,0.2066108,3.4675,1.0000000,1.0000,1.0000000,1.0000,[],[],8
9.4237,13.0551,-12.0531,0.0078284,NCC1CCC(Nc2cnn(CC(=O)N3Cc4ccccc4C#Cc4ccccc43)c2)CC1,1,C1#Cc2ccccc2CN(*)c2ccccc21|C1C(CN)CCC(*)C1,c1nn(CC(=O)[*])cc1N[*],O=C(Cn1cc(NC2CCCCC2)cn1)N1Cc2ccccc2C#Cc2ccccc21,0.9999812,-0.3358,0.0602409,60.9100,0.0000000,125.1310,0.9968477,2.0000,0.2205284,3.4387,1.0000000,1.0000,1.0000000,1.0000,[],[],8
26.1155,42.9518,18.2016,0.4777605,NCC1CCC(c2nnn(CC(=O)N3CC(=O)N3S(=O)(=O)N3Cc4ccccc4C#Cc4ccccc43)n2)CC1,1,C1#Cc2ccccc2CN(*)c2ccccc21|C1C(CN)CCC(*)C1,S(=O)(=O)([*])N1C(=O)CN1C(Cn1nnc([*])n1)=O,O=C(Cn1nnc(C2CCCCC2)n1)N1CC(=O)N1S(=O)(=O)N1Cc2ccccc2C#Cc2ccccc21,1.0000000,-3.2147,0.9960119,118.3600,1.0000000,246.2080,0.8720069,3.0000,0.0439466,4.0700,1.0000000,1.0000,1.0000000,1.0000,[],[],8
5.7613,23.5107,46.0297,0.5432840,NCC1CCC(N2CCN(c3nnn(C(=O)N4Cc5ccccc5C#Cc5ccccc54)n3)CC2)CC1,1,C1#Cc2ccccc2CN(*)c2ccccc21|C1C(CN)CCC(*)C1,n1nn(C(=O)[*])nc1N1CCN([*])CC1,O=C(N1Cc2ccccc2C#Cc2ccccc21)n1nnc(N2CCN(C3CCCCC3)CC2)n1,0.9999999,-1.8790,0.3579482,75.9400,1.0000000,182.1870,0.9968477,2.0000,0.1144043,3.7110,1.0000000,1.0000,1.0000000,1.0000,[],[],8
7.5815,14.8553,-14.5409,0.0024557,NCC1CCC(c2nnn(C(=O)N3Cc4ccccc4C#Cc4ccccc43)n2)CC1,1,C1#Cc2ccccc2CN(*)c2ccccc21|C1C(CN)CCC(*)C1,n1nn(C([*])=O)nc1[*],O=C(N1Cc2ccccc2C#Cc2ccccc21)n1nnc(C2CCCCC2)n1,0.9999319,0.0000,0.0000100,0.0000,0.0000000,0.0000,0.9999985,0.0000,0.1039416,3.7484,1.0000000,1.0000,1.0000000,1.0000,[],[],8
8.9171,17.5096,29.6936,0.3687754,Cn1nc(N2CCN(C3CCC(CN)CC3)CC2)nc1N1Cc2ccccc2C#Cc2ccccc21,1,C1#Cc2ccccc2CN(*)c2ccccc21|C1C(CN)CCC(*)C1,n1n(C)c([*])nc1N1CCN([*])CC1,C1#Cc2ccccc2N(c2nc(N3CCN(C4CCCCC4)CC3)n[nH]2)Cc2ccccc21,0.9999965,-0.7753,0.0074219,45.9800,1.0000000,167.2160,0.9999319,1.0000,0.1440533,3.6191,1.0000000,1.0000,1.0000000,1.0000,[],[],8
4.7539,13.4295,-13.4295,0.0000000,NCC1CCC(Nc2nnn(CC(=O)N3Cc4ccccc4C#Cc4ccccc43)n2)CC1,2,C1#Cc2ccccc2CN(*)c2ccccc21|C1C(CN)CCC(*)C1,n1nn(CC([*])=O)nc1N[*],O=C(Cn1nnc(NC2CCCCC2)n1)N1Cc2ccccc2C#Cc2ccccc21,0.0000000,0.0000,0.0000000,0.0000,0.0000000,0.0000,0.0000000,0.0000,0.0000000,3.5562,0.0000000,1.0000,0.0000000,1.0000,[],[],8
15.2983,23.9382,-5.8230,0.1415250,NCC1CCC(N2CCN(CCOCn3nc(N4Cc5ccccc5C#Cc5ccccc54)ccc3=O)CC2)CC1,1,C1#Cc2ccccc2CN(*)c2ccccc21|C1C(CN)CCC(*)C1,c1cc([*])nn(COCCN2CCN([*])CC2)c1=O,O=c1ccc(N2Cc3ccccc3C#Cc3ccccc32)nn1COCCN1CCN(C2CCCCC2)CC1,0.9999977,-0.8774,0.0489849,59.3900,1.0000000,238.2910,0.0031523,5.0000,0.1478663,3.6085,1.0000000,1.0000,1.0000000,1.0000,[],[],8
18.6801,27.2167,-27.2167,0.0000000,C(C([*])=O)n1cncn1)N1CCN(C(=O)CN[*])CC1,0,C1#Cc2ccccc2CN(*)c2ccccc21|C1C(CN)CCC(*)C1,C(C([*])=O)n1cncn1)N1CCN(C(=O)CN[*])CC1,,0.0000000,0.0000,0.0000000,0.0000,0.0000000,0.0000,0.0000000,0.0000,0.0000000,0.0000,0.0000000,0.0000,0.0000000,0.0000,None,None,8
8.9763,25.3046,40.2285,0.5119774,NCC1CCC(Nc2cn(-c3nnn(C(=O)N4Cc5ccccc5C#Cc5ccccc54)n3)nn2)CC1,1,C1#Cc2ccccc2CN(*)c2ccccc21|C1C(CN)CCC(*)C1,c1n(-c2nn(C(=O)[*])nn2)nnc1N[*],O=C(N1Cc2ccccc2C#Cc2ccccc21)n1nnc(-n2cc(NC3CCCCC3)nn2)n1,1.0000000,-2.1257,0.9954238,117.4000,1.0000000,180.1310,0.9968477,2.0000,0.0528364,4.0028,1.0000000,1.0000,1.0000000,1.0000,[],[],8
7.2223,11.0414,-10.1758,0.0067624,NCC1CCC(Nc2ccc(N3Cc4ccccc4C#Cc4ccccc43)nn2)CC1,1,C1#Cc2ccccc2CN(*)c2ccccc21|C1C(CN)CCC(*)C1,c1cc([*])nnc1N[*],C1#Cc2ccccc2N(c2ccc(NC3CCCCC3)nn2)Cc2ccccc21,0.9999146,0.0588,0.0169848,51.8000,0.0000000,95.1050,0.9999985,0.0000,0.2174941,3.4448,1.0000000,1.0000,1.0000000,1.0000,[],[],8
8.2121,22.5984,50.4656,0.5708126,NCC1CCC(N2CCN(c3nnnn3CC(=O)N3Cc4ccccc4C#Cc4ccccc43)CC2)CC1,1,C1#Cc2ccccc2CN(*)c2ccccc21|C1C(CN)CCC(*)C1,n1nnn(CC(=O)[*])c1N1CCN([*])CC1,O=C(Cn1nnnc1N1CCN(C2CCCCC2)CC1)N1Cc2ccccc2C#Cc2ccccc21,0.9999999,-1.7184,0.3579482,75.9400,1.0000000,196.2140,0.8720069,3.0000,0.1603960,3.5751,1.0000000,1.0000,1.0000000,1.0000,[],[],8
12.9452,35.8962,-25.5176,0.0810823,NCC1CCC(c2nnn(CC(=O)Nc3cnn(C4CCC(NC(=O)N5Cc6ccccc6C#Cc6ccccc65)CC4)c3)n2)CC1,1,C1#Cc2ccccc2CN(*)c2ccccc21|C1C(CN)CCC(*)C1,c1nn(C2CCC(NC(=O)[*])CC2)cc1NC(=O)Cn1nnc([*])n1,O=C(Cn1nnc(C2CCCCC2)n1)Nc1cnn(C2CCC(NC(=O)N3Cc4ccccc4C#Cc4ccccc43)CC2)c1,0.9999751,-0.2620,0.9966711,119.6200,1.0000000,318.3410,0.0000681,6.0000,0.0891282,3.8076,1.0000000,1.0000,1.0000000,1.0000,[],[],8
9.8717,15.4660,-14.4448,0.0079785,NCC1CCC(NCCn2nnc(N3Cc4ccccc4C#Cc4ccccc43)n2)CC1,1,C1#Cc2ccccc2CN(*)c2ccccc21|C1C(CN)CCC(*)C1,n1c([*])nnn1CCN[*],C1#Cc2ccccc2N(c2nnn(CCNC3CCCCC3)n2)Cc2ccccc21,0.9999996,-1.3682,0.1833518,69.6200,0.0000000,113.1240,0.9968477,2.0000,0.1374171,3.6382,1.0000000,1.0000,1.0000000,1.0000,[],[],8
5.0459,9.5481,-8.6087,0.0073385,NCC1CCC(c2nnn(CC(=O)N3Cc4ccccc4C#Cc4ccccc43)n2)CC1,1,C1#Cc2ccccc2CN(*)c2ccccc21|C1C(CN)CCC(*)C1,n1n(CC(=O)[*])nnc1[*],O=C(Cn1nnc(C2CCCCC2)n1)N1Cc2ccccc2C#Cc2ccccc21,0.9999991,-1.1280,0.0583150,60.6700,0.0000000,112.0920,0.9968477,2.0000,0.1686576,3.5542,1.0000000,1.0000,1.0000000,1.0000,[],[],8
4.7018,12.7885,-11.6751,0.0086987,NCC1CCC(Nc2nnc(N3Cc4ccccc4C#Cc4ccccc43)nn2)CC1,1,C1#Cc2ccccc2CN(*)c2ccccc21|C1C(CN)CCC(*)C1,[*]c1nnc(N[*])nn1,C1#Cc2ccccc2N(c2nnc(NC3CCCCC3)nn2)Cc2ccccc21,0.9999992,-1.1512,0.4138030,77.5800,0.0000000,97.0810,0.9999985,0.0000,0.1334141,3.6501,1.0000000,1.0000,1.0000000,1.0000,[],[],8
36.3998,53.7636,-48.4280,0.0416840,NCC1CCC(CS(=O)(=O)N2CCC(NC(=O)CC3CCN(S(=O)(=O)N4Cc5ccccc5C#Cc5ccccc54)CC3)C2n2cnnn2)CC1,1,C1#Cc2ccccc2CN(*)c2ccccc21|C1C(CN)CCC(*)C1,O=S(N1C(n2nnnc2)C(NC(CC2CCN(S([*])(=O)=O)CC2)=O)CC1)(C[*])=O,O=C(CC1CCN(S(=O)(=O)N2Cc3ccccc3C#Cc3ccccc32)CC1)NC1CCN(S(=O)(=O)CC2CCCCC2)C1n1cnnn1,1.0000000,-2.0497,0.9999392,147.4600,1.0000000,421.5050,0.0000681,6.0000,0.0047631,4.8560,1.0000000,1.0000,1.0000000,1.0000,[],[],8
4.7018,12.7885,-12.7885,0.0000000,NCC1CCC(Nc2nnc(N3Cc4ccccc4C#Cc4ccccc43)nn2)CC1,2,C1#Cc2ccccc2CN(*)c2ccccc21|C1C(CN)CCC(*)C1,[*]c1nnc(N[*])nn1,C1#Cc2ccccc2N(c2nnc(NC3CCCCC3)nn2)Cc2ccccc21,0.0000000,-1.1512,0.0000000,77.5800,0.0000000,97.0810,0.0000000,0.0000,0.0000000,3.6501,0.0000000,1.0000,0.0000000,1.0000,[],[],8
13.9979,18.5079,-10.8756,0.0596276,NCC1CCC(NS(=O)(=O)c2ccc(N3Cc4ccccc4C#Cc4ccccc43)o2)CC1,1,C1#Cc2ccccc2CN(*)c2ccccc21|C1C(CN)CCC(*)C1,c1cc([*])oc1S(=O)(N[*])=O,O=S(=O)(NC1CCCCC1)c1ccc(N2Cc3ccccc3C#Cc3ccccc32)o1,0.9999485,-0.0730,0.2760366,73.3000,0.0000540,147.1550,0.9999319,1.0000,0.1442307,3.6186,1.0000000,1.0000,1.0000000,1.0000,[],[],8
6.9613,12.6447,-12.6447,0.0000000,NCC1CCC(c2nnn(C(=O)N3Cc4ccccc4C#Cc4ccccc43)n2)CC1,2,C1#Cc2ccccc2CN(*)c2ccccc21|C1C(CN)CCC(*)C1,n1(C(=O)[*])nnc([*])n1,O=C(N1Cc2ccccc2C#Cc2ccccc21)n1nnc(C2CCCCC2)n1,0.0000000,0.0000,0.0000000,0.0000,0.0000000,0.0000,0.0000000,0.0000,0.0000000,3.7484,0.0000000,1.0000,0.0000000,1.0000,[],[],8
15.7294,31.5314,17.6357,0.3841180,NCC1CCC(N2CCN(CC3CN(c4cnc(N5Cc6ccccc6C#Cc6ccccc65)cn4)C(=O)O3)CC2)CC1,1,c12ccccc1C#Cc1ccccc1N(*)C2|C1C(*)CCC(CN)C1,c1c([*])ncc(N2C(=O)OC(CN3CCN([*])CC3)C2)n1,O=C1OC(CN2CCN(C3CCCCC3)CC2)CN1c1cnc(N2Cc3ccccc3C#Cc3ccccc32)cn1,0.9999779,-0.2930,0.2051832,70.5900,1.0000000,263.3010,0.8720069,3.0000,0.0370779,4.1316,1.0000000,1.0000,1.0000000,1.0000,[],[],9
5.4834,19.4426,-19.1249,0.0024823,NCC1CCC(N2CCN(C(=O)n3nnc(N4Cc5ccccc5C#Cc5ccccc54)n3)CC2)CC1,1,c12ccccc1C#Cc1ccccc1N(*)C2|C1C(*)CCC(CN)C1,n1nc([*])nn1C(=O)N1CCN([*])CC1,O=C(N1CCN(C2CCCCC2)CC1)n1nnc(N2Cc3ccccc3C#Cc3ccccc32)n1,0.9999319,0.0000,0.0000100,0.0000,0.0000000,0.0000,0.9999985,0.0000,0.1089873,3.7300,1.0000000,1.0000,1.0000000,1.0000,[],[],9
6.6580,15.7877,-14.8940,0.0069823,NCC1CCC(Cn2nnc(C(=O)N3Cc4ccccc4C#Cc4ccccc43)n2)CC1,1,c12ccccc1C#Cc1ccccc1N(*)C2|C1C(*)CCC(CN)C1,O=C([*])c1nnn(C[*])n1,O=C(c1nnn(CC2CCCCC2)n1)N1Cc2ccccc2C#Cc2ccccc21,0.9999984,-0.9774,0.0583150,60.6700,0.0000000,112.0920,0.9999319,1.0000,0.1351223,3.6450,1.0000000,1.0000,1.0000000,1.0000,[],[],9
12.6714,22.9971,42.5332,0.5119556,CN(c1nnc(S(=O)(=O)N2Cc3ccccc3C#Cc3ccccc32)n1C)C1CCC(CN)CC1,1,c12ccccc1C#Cc1ccccc1N(*)C2|C1C(*)CCC(CN)C1,O=S([*])(c1nnc(N(C)[*])n1C)=O,O=S(=O)(c1nnc(NC2CCCCC2)[nH]1)N1Cc2ccccc2C#Cc2ccccc21,0.9999992,-1.1729,0.3895975,76.8800,1.0000000,176.2010,0.9968477,2.0000,0.0844401,3.8281,1.0000000,1.0000,1.0000000,1.0000,[],[],9
14.3547,22.3535,6.0326,0.2217665,NCC1CCC(N2CCC(Oc3ccc(Cl)c(NC(=O)N4Cc5ccccc5C#Cc5ccccc54)c3)C2)CC1,1,c12ccccc1C#Cc1ccccc1N(*)C2|C1C(*)CCC(CN)C1,c1cc(Cl)c(NC(=O)[*])cc1OC1CCN([*])C1,O=C(Nc1cccc(OC2CCN(C3CCCCC3)C2)c1)N1Cc2ccccc2C#Cc2ccccc21,0.9632379,1.6490,0.0138498,50.3600,1.0000000,240.6900,0.1279931,4.0000,0.0743051,3.8764,1.0000000,1.0000,1.0000000,1.0000,[],[],9
8.9778,26.6664,20.7820,0.3706910,NCC1CCC(N2CCN(c3nn(C(=O)N4Cc5ccccc5C#Cc5ccccc54)cc3Cl)CC2)CC1,1,c12ccccc1C#Cc1ccccc1N(*)C2|C1C(*)CCC(CN)C1,c1(Cl)cn(C(=O)[*])nc1N1CCN([*])CC1,O=C(N1Cc2ccccc2C#Cc2ccccc21)n1ccc(N2CCN(C3CCCCC3)CC2)n1,0.9999358,-0.0156,0.0134621,50.1600,1.0000000,214.6560,0.9968477,2.0000,0.1097383,3.7273,1.0000000,1.0000,1.0000000,1.0000,[],[],9
8.0036,31.9725,-31.7320,0.0018786,NCC1CCC(N2CCC(n3nnc(C(=O)N4Cc5ccccc5C#Cc5ccccc54)n3)C2)CC1,1,c12ccccc1C#Cc1ccccc1N(*)C2|C1C(*)CCC(CN)C1,C(=O)([*])c1nnn(C2CN([*])CC2)n1,O=C(c1nnn(C2CCN(C3CCCCC3)C2)n1)N1Cc2ccccc2C#Cc2ccccc21,0.9999319,0.0000,0.0000100,0.0000,0.0000000,0.0000,0.9999985,0.0000,0.0319846,4.1848,1.0000000,1.0000,1.0000000,1.0000,[],[],9
6.6869,13.5074,-12.5659,0.0073559,NCC1CCC(Nc2nc(N3Cc4ccccc4C#Cc4ccccc43)no2)CC1,1,c12ccccc1C#Cc1ccccc1N(*)C2|C1C(*)CCC(CN)C1,o1nc([*])nc1N[*],C1#Cc2ccccc2N(c2noc(NC3CCCCC3)n2)Cc2ccccc21,0.9999821,-0.3482,0.1027249,64.9400,0.0000000,85.0660,0.9999985,0.0000,0.1280429,3.6665,1.0000000,1.0000,1.0000000,1.0000,[],[],9
16.0294,45.6596,26.2824,0.5620472,NCC1CCC(N2CCN(c3nnc4c(N5CCN(C(=O)N6Cc7ccccc7C#Cc7ccccc76)CC5)ncnn34)CC2)CC1,1,c12ccccc1C#Cc1ccccc1N(*)C2|C1C(*)CCC(CN)C1,C([*])(N1CCN(c2ncnn3c2nnc3N2CCN([*])CC2)CC1)=O,O=C(N1CCN(c2ncnn3c(N4CCN(C5CCCCC5)CC4)nnc23)CC1)N1Cc2ccccc2C#Cc2ccccc21,0.9999999,-1.7927,0.8936380,94.7900,1.0000000,317.3570,0.8720069,3.0000,0.0948313,3.7838,1.0000000,1.0000,1.0000000,1.0000,[],[],9
15.3245,33.5534,31.8880,0.5112607,NCC1CCC(c2nc(-n3nnc(N4Cc5ccccc5C#Cc5ccccc54)n3)ccc2O)CC1,1,c12ccccc1C#Cc1ccccc1N(*)C2|C1C(*)CCC(CN)C1,[*]c1nnn(-c2ccc(O)c([*])n2)n1,C1#Cc2ccccc2N(c2nnn(-c3cccc(C4CCCCC4)n3)n2)Cc2ccccc21,0.9999726,-0.2371,0.3841359,76.7200,1.0000000,163.1400,0.9999319,1.0000,0.0842991,3.8287,1.0000000,1.0000,1.0000000,1.0000,[],[],9
22.9881,38.9854,-38.9854,0.0000000,c1cc2n(nn1)nc([*])n2OC1CN([*])CC1,0,c12ccccc1C#Cc1ccccc1N(*)C2|C1C(*)CCC(CN)C1,c1cc2n(nn1)nc([*])n2OC1CN([*])CC1,,0.0000000,0.0000,0.0000000,0.0000,0.0000000,0.0000,0.0000000,0.0000,0.0000000,0.0000,0.0000000,0.0000,0.0000000,0.0000,None,None,9
5.5202,24.1996,-23.4345,0.0059773,NCC1CCC(N2CC(n3nnc(N4Cc5ccccc5C#Cc5ccccc54)n3)C2)CC1,1,c12ccccc1C#Cc1ccccc1N(*)C2|C1C(*)CCC(CN)C1,[*]c1nn(C2CN([*])C2)nn1,C1#Cc2ccccc2N(c2nnn(C3CN(C4CCCCC4)C3)n2)Cc2ccccc21,0.9999993,-1.1826,0.0291102,55.6300,0.0000000,125.1350,0.9999319,1.0000,0.0965195,3.7770,1.0000000,1.0000,1.0000000,1.0000,[],[],9
24.9215,39.4755,-39.4755,0.0000000,CC(OC(=O)CNC1CCC(CN)CC1)OC(=O)n1nnnc1C(=O)N1Cc2ccccc2C#Cc2ccccc21,1,c12ccccc1C#Cc1ccccc1N(*)C2|C1C(*)CCC(CN)C1,[*]C(c1n(C(=O)OC(C)OC(=O)CN[*])nnn1)=O,O=C(CNC1CCCCC1)OCOC(=O)n1nnnc1C(=O)N1Cc2ccccc2C#Cc2ccccc21,0.0000000,0.0000,0.0000000,0.0000,0.0000000,0.0000,0.0000000,0.0000,0.0000000,0.0000,1.0000000,1.0000,0.0000000,0.0000,[],['[CX4]([OX2H0])[OX2H0]'],9
6.3110,11.3088,-10.5301,0.0060837,NCC1CCC(c2cn(CC(=O)N3Cc4ccccc4C#Cc4ccccc43)nn2)CC1,1,c12ccccc1C#Cc1ccccc1N(*)C2|C1C(*)CCC(CN)C1,c1n(CC(=O)[*])nnc1[*],O=C(Cn1cc(C2CCCCC2)nn1)N1Cc2ccccc2C#Cc2ccccc21,0.9999908,-0.5230,0.0095954,47.7800,0.0000000,111.1040,0.9968477,2.0000,0.1821948,3.5217,1.0000000,1.0000,1.0000000,1.0000,[],[],9
5.0095,25.4580,-25.4580,0.0000000,NCC1CCC(N2CCN(c3nnn(C(=O)N4Cc5ccccc5C#Cc5ccccc54)n3)CC2)CC1,1,c12ccccc1C#Cc1ccccc1N(*)C2|C1C(*)CCC(CN)C1,n1nn(C(=O)[*])nc1N1CCN([*])CC1,O=C(N1Cc2ccccc2C#Cc2ccccc21)n1nnc(N2CCN(C3CCCCC3)CC2)n1,0.9999999,-1.8790,0.3579482,75.9400,1.0000000,182.1870,0.9968477,2.0000,0.1144043,3.7110,1.0000000,1.0000,1.0000000,1.0000,[],[],9
13.5020,36.8106,-14.9878,0.1704904,NCC1CCC(N2CCN(Cn3cc(Cn4nnc(C(=O)N5Cc6ccccc6C#Cc6ccccc65)n4)nn3)CC2)CC1,1,c12ccccc1C#Cc1ccccc1N(*)C2|C1C(*)CCC(CN)C1,c1(C(=O)[*])nnn(Cc2nnn(CN3CCN([*])CC3)c2)n1,O=C(c1nnn(Cc2cn(CN3CCN(C4CCCCC4)CC3)nn2)n1)N1Cc2ccccc2C#Cc2ccccc21,0.9999999,-2.0119,0.9788604,106.6500,1.0000000,277.2920,0.0031523,5.0000,0.0750503,3.8726,1.0000000,1.0000,1.0000000,1.0000,[],[],9
6.8193,9.7041,-9.1596,0.0042536,NCC1CCC(c2nnc(N3Cc4ccccc4C#Cc4ccccc43)s2)CC1,1,c12ccccc1C#Cc1ccccc1N(*)C2|C1C(*)CCC(CN)C1,[*]c1nnc([*])s1,C1#Cc2ccccc2N(c2nnc(C3CCCCC3)s2)Cc2ccccc21,0.9994630,0.5381,0.0004084,25.7800,0.0000000,86.1190,0.9999985,0.0000,0.1824792,3.5210,1.0000000,1.0000,1.0000000,1.0000,[],[],9
11.9268,26.1773,-17.9231,0.0644860,NCC1CCC(N2CCN(CCOc3ccc(OC(=O)N4Cc5ccccc5C#Cc5ccccc54)cc3)CC2)CC1,1,c12ccccc1C#Cc1ccccc1N(*)C2|C1C(*)CCC(CN)C1,c1(OC([*])=O)ccc(OCCN2CCN([*])CC2)cc1,O=C(Oc1ccc(OCCN2CCN(C3CCCCC3)CC2)cc1)N1Cc2ccccc2C#Cc2ccccc21,0.9995256,0.5058,0.0147418,50.8000,1.0000000,250.2980,0.0000681,6.0000,0.2676612,3.3497,1.0000000,1.0000,1.0000000,1.0000,[],[],9
6.6129,21.8690,-21.8690,0.0000000,NCC1CCC(N2CCN(C(=O)n3nnc(N4Cc5ccccc5C#Cc5ccccc54)n3)CC2)CC1,2,c12ccccc1C#Cc1ccccc1N(*)C2|C1C(*)CCC(CN)C1,n1nc([*])nn1C(N1CCN([*])CC1)=O,O=C(N1CCN(C2CCCCC2)CC1)n1nnc(N2Cc3ccccc3C#Cc3ccccc32)n1,0.0000000,0.0000,0.0000000,0.0000,0.0000000,0.0000,0.0000000,0.0000,0.0000000,3.7300,0.0000000,1.0000,0.0000000,1.0000,[],[],9
6.7495,11.2861,-10.3364,0.0074194,NCC1CCC(Nc2nnc(N3Cc4ccccc4C#Cc4ccccc43)o2)CC1,1,c12ccccc1C#Cc1ccccc1N(*)C2|C1C(*)CCC(CN)C1,n1nc([*])oc1N[*],C1#Cc2ccccc2N(c2nnc(NC3CCCCC3)o2)Cc2ccccc21,0.9999821,-0.3482,0.1027249,64.9400,0.0000000,85.0660,0.9999985,0.0000,0.1329799,3.6514,1.0000000,1.0000,1.0000000,1.0000,[],[],9
13.9698,43.3688,2.7541,0.3603349,NCC1CCC(Oc2nnnn2CC(=O)ON2CCN(C(=O)N3Cc4ccccc4C#Cc4ccccc43)CC2)CC1,1,c12ccccc1C#Cc1ccccc1N(*)C2|C1C(*)CCC(CN)C1,N1(C([*])=O)CCN(OC(=O)Cn2nnnc2O[*])CC1,O=C(Cn1nnnc1OC1CCCCC1)ON1CCN(C(=O)N2Cc3ccccc3C#Cc3ccccc32)CC1,1.0000000,-2.3891,0.9922088,113.6800,1.0000000,256.2220,0.1279931,4.0000,0.0715712,3.8904,1.0000000,1.0000,1.0000000,1.0000,[],[],9
12.3601,35.9093,14.9322,0.3971988,NCC1CCC(N2CCN(C(=O)Cn3cc(OC(=O)N4Cc5ccccc5C#Cc5ccccc54)nn3)CC2)CC1,1,c12ccccc1C#Cc1ccccc1N(*)C2|C1C(*)CCC(CN)C1,c1c(OC([*])=O)nnn1CC(N1CCN([*])CC1)=O,O=C(Cn1cc(OC(=O)N2Cc3ccccc3C#Cc3ccccc32)nn1)N1CCN(C2CCCCC2)CC1,0.9999999,-1.7549,0.7934049,89.3500,1.0000000,239.2350,0.1279931,4.0000,0.1228625,3.6829,1.0000000,1.0000,1.0000000,1.0000,[],[],9
16.2450,33.2297,-4.1261,0.2273716,CC1CC(n2cnn3nc(N4Cc5ccccc5C#Cc5ccccc54)nc23)CN(C2CCC(CN)CC2)C1,1,c12ccccc1C#Cc1ccccc1N(*)C2|C1C(*)CCC(CN)C1,c1nn2nc([*])nc2n1C1CN([*])CC(C)C1,C1#Cc2ccccc2N(c2nc3n(C4CCCN(C5CCCCC5)C4)cnn3n2)Cc2ccccc21,0.9999014,0.0963,0.0535311,60.0400,1.0000000,206.2530,0.9999319,1.0000,0.0063886,4.7534,1.0000000,1.0000,1.0000000,1.0000,[],[],9
7.9174,23.7150,-22.8053,0.0071067,CC(C(=O)N1Cc2ccccc2C#Cc2ccccc21)n1nnc(NC2CCC(CN)CC2)n1,1,c12ccccc1C#Cc1ccccc1N(*)C2|C1C(*)CCC(CN)C1,n1nn(C(C([*])=O)C)nc1N[*],O=C(Cn1nnc(NC2CCCCC2)n1)N1Cc2ccccc2C#Cc2ccccc21,0.9999985,-0.9848,0.7236758,86.6900,0.0000000,141.1340,0.9968477,2.0000,0.0415710,4.0902,1.0000000,1.0000,1.0000000,1.0000,[],[],9
6.5811,13.3098,-12.5701,0.0057796,NCC1CCC(c2nnc(N3Cc4ccccc4C#Cc4ccccc43)nn2)CC1,1,c12ccccc1C#Cc1ccccc1N(*)C2|C1C(*)CCC(CN)C1,[*]c1nnc([*])nn1,C1#Cc2ccccc2N(c2nnc(C3CCCCC3)nn2)Cc2ccccc21,0.9999959,-0.7334,0.0164176,51.5600,0.0000000,82.0660,0.9999985,0.0000,0.1108389,3.7234,1.0000000,1.0000,1.0000000,1.0000,[],[],9
7.9687,30.6891,-30.6891,0.0000000,NCC1CCC(N2CCC(n3nnc(C(=O)N4Cc5ccccc5C#Cc5ccccc54)n3)C2)CC1,2,c12ccccc1C#Cc1ccccc1N(*)C2|C1C(*)CCC(CN)C1,[*]C(c1nnn(C2CN([*])CC2)n1)=O,O=C(c1nnn(C2CCN(C3CCCCC3)C2)n1)N1Cc2ccccc2C#Cc2ccccc21,0.0000000,0.0000,0.0000000,0.0000,0.0000000,0.0000,0.0000000,0.0000,0.0000000,4.1848,0.0000000,1.0000,0.0000000,1.0000,[],[],9
7.5930,25.7606,40.9068,0.5208392,NCC1CCC(N2CCC(n3nnc(C(=O)N4Cc5ccccc5C#Cc5ccccc54)n3)CC2)CC1,1,c12ccccc1C#Cc1ccccc1N(*)C2|C1C(*)CCC(CN)C1,C1C(n2nnc(C(=O)[*])n2)CCN([*])C1,O=C(c1nnn(C2CCN(C3CCCCC3)CC2)n1)N1Cc2ccccc2C#Cc2ccccc21,0.9999929,-0.5899,0.2591186,72.7000,1.0000000,181.1990,0.9968477,2.0000,0.1116821,3.7205,1.0000000,1.0000,1.0000000,1.0000,[],[],9
10.8978,29.2941,17.7747,0.3677249,CN(C(=O)N1Cc2ccccc2C#Cc2ccccc21)C1CCC(n2cc(C3CCC(CN)CC3)nn2)CC1,1,c12ccccc1C#Cc1ccccc1N(*)C2|C1C(*)CCC(CN)C1,c1n(C2CCC(N(C)C(=O)[*])CC2)nnc1[*],O=C(NC1CCC(n2cc(C3CCCCC3)nn2)CC1)N1Cc2ccccc2C#Cc2ccccc21,0.9982249,0.8500,0.0152088,51.0200,1.0000000,208.2650,0.8720069,3.0000,0.1126051,3.7172,1.0000000,1.0000,1.0000000,1.0000,[],[],9
11.3390,35.5676,31.7978,0.5262921,CN(C(=O)N1Cc2ccccc2C#Cc2ccccc21)C1CCN(c2nnc(NC3CCC(CN)CC3)n2C)CC1,1,c12ccccc1C#Cc1ccccc1N(*)C2|C1C(*)CCC(CN)C1,c1(N2CCC(N(C(=O)[*])C)CC2)nnc(N[*])n1C,O=C(NC1CCN(c2nnc(NC3CCCCC3)[nH]2)CC1)N1Cc2ccccc2C#Cc2ccccc21,0.9999916,-0.5457,0.5100724,80.2800,1.0000000,238.2950,0.8720069,3.0000,0.0939979,3.7872,1.0000000,1.0000,1.0000000,1.0000,[],[],9
26.0872,53.9562,-53.9562,0.0000000,c1n(C2(CC#N)N1C([*])=O)ncn2C(N1CCN([*])CC1)=O,0,c12ccccc1C#Cc1ccccc1N(*)C2|C1C(*)CCC(CN)C1,c1n(C2(CC#N)N1C([*])=O)ncn2C(N1CCN([*])CC1)=O,,0.0000000,0.0000,0.0000000,0.0000,0.0000000,0.0000,0.0000000,0.0000,0.0000000,0.0000,0.0000000,0.0000,0.0000000,0.0000,None,None,9
15.6340,29.8315,19.4760,0.3852146,NCC1CCC(N2CCN(C(=O)c3cnn(COC(=O)N4Cc5ccccc5C#Cc5ccccc54)c3)CC2)CC1,1,c12ccccc1C#Cc1ccccc1N(*)C2|C1C(*)CCC(CN)C1,O=C(c1cnn(COC([*])=O)c1)N1CCN([*])CC1,O=C(c1cnn(COC(=O)N2Cc3ccccc3C#Cc3ccccc32)c1)N1CCN(C2CCCCC2)CC1,0.9999982,-0.9410,0.3753231,76.4600,1.0000000,238.2470,0.1279931,4.0000,0.1561069,3.5863,1.0000000,1.0000,1.0000000,1.0000,[],[],9
5.1942,11.0172,-10.3589,0.0051428,NCC1CCC(N2CCN(C(=O)N3Cc4ccccc4C#Cc4ccccc43)CC2)CC1,1,c12ccccc1C#Cc1ccccc1N(*)C2|C1C(*)CCC(CN)C1,C1CN(C(=O)[*])CCN1[*],O=C(N1CCN(C2CCCCC2)CC1)N1Cc2ccccc2C#Cc2ccccc21,0.9999982,-0.9520,0.0010490,32.3400,0.0000000,114.1480,0.9999319,1.0000,0.2623573,3.3592,1.0000000,1.0000,1.0000000,1.0000,[],[],9
9.7569,11.4682,-10.7001,0.0060004,NCC1CCC(Oc2ccc(N3Cc4ccccc4C#Cc4ccccc43)nn2)CC1,1,N1(*)c2c(cccc2)C#Cc2ccccc2C1|*C1CCC(CN)CC1,c1([*])ccc(O[*])nn1,C1#Cc2ccccc2N(c2ccc(OC3CCCCC3)nn2)Cc2ccccc21,0.9998629,0.1822,0.0074538,46.0100,0.0000000,96.0890,0.9999985,0.0000,0.1940329,3.4948,1.0000000,1.0000,1.0000000,1.0000,[],[],10
6.4334,24.8219,-24.8219,0.0000000,NCC1CCC(N2CCN(c3nnn(C(=O)N4Cc5ccccc5C#Cc5ccccc54)n3)CC2)CC1,1,N1(*)c2c(cccc2)C#Cc2ccccc2C1|*C1CCC(CN)CC1,n1n(C(=O)[*])nnc1N1CCN([*])CC1,O=C(N1Cc2ccccc2C#Cc2ccccc21)n1nnc(N2CCN(C3CCCCC3)CC2)n1,0.9999319,0.0000,0.0000100,0.0000,0.0000000,0.0000,0.9999985,0.0000,0.1144043,3.7110,1.0000000,1.0000,1.0000000,1.0000,[],[],10
9.7972,17.8000,44.9609,0.4903190,NCC1CCC(N2CCN(c3ccc(NC(=O)N4Cc5ccccc5C#Cc5ccccc54)cn3)CC2)CC1,1,N1(*)c2c(cccc2)C#Cc2ccccc2C1|*C1CCC(CN)CC1,N1(c2ccc(NC([*])=O)cn2)CCN([*])CC1,O=C(Nc1ccc(N2CCN(C3CCCCC3)CC2)nc1)N1Cc2ccccc2C#Cc2ccccc21,0.9999144,0.0595,0.0365250,57.2600,1.0000000,206.2490,0.8720069,3.0000,0.2572648,3.3684,1.0000000,1.0000,1.0000000,1.0000,[],[],10
7.1964,14.4021,49.4463,0.4988158,NCC1CCC(N2CCN(c3ncc(C(=O)N4Cc5ccccc5C#Cc5ccccc54)cn3)CC2)CC1,1,N1(*)c2c(cccc2)C#Cc2ccccc2C1|*C1CCC(CN)CC1,c1(C(=O)[*])cnc(N2CCN([*])CC2)nc1,O=C(c1cnc(N2CCN(C3CCCCC3)CC2)nc1)N1Cc2ccccc2C#Cc2ccccc21,0.9999785,-0.3013,0.0411392,58.1200,1.0000000,192.2220,0.9968477,2.0000,0.2317674,3.4164,1.0000000,1.0000,1.0000000,1.0000,[],[],10
13.3848,24.1063,19.5500,0.3410652,NCC1CCC(N2CCN(c3cnc(OC4CN(C(=O)N5Cc6ccccc6C#Cc6ccccc65)C4)cn3)CC2)CC1,1,N1(*)c2c(cccc2)C#Cc2ccccc2C1|*C1CCC(CN)CC1,c1(OC2CN(C([*])=O)C2)ncc(N2CCN([*])CC2)nc1,O=C(N1CC(Oc2cnc(N3CCN(C4CCCCC4)CC3)cn2)C1)N1Cc2ccccc2C#Cc2ccccc21,0.9999978,-0.8944,0.2051832,70.5900,1.0000000,263.3010,0.1279931,4.0000,0.1235797,3.6806,1.0000000,1.0000,1.0000000,1.0000,[],[],10
8.3843,16.8469,60.4027,0.6035122,NCC1CCC(N2CCN(C(=O)Oc3ccc(NC(=O)N4Cc5ccccc5C#Cc5ccccc54)cc3)CC2)CC1,1,N1(*)c2c(cccc2)C#Cc2ccccc2C1|*C1CCC(CN)CC1,c1cc(NC(=O)[*])ccc1OC(N1CCN([*])CC1)=O,O=C(Oc1ccc(NC(=O)N2Cc3ccccc3C#Cc3ccccc32)cc1)N1CCN(C2CCCCC2)CC1,0.9991466,0.6589,0.2070672,70.6700,1.0000000,249.2700,0.8720069,3.0000,0.2696907,3.3461,1.0000000,1.0000,1.0000000,1.0000,[],[],10
19.7069,23.7371,32.7195,0.4410670,NCC1CCC(N2CC(C(=O)O)N(C(=O)C(=O)N3Cc4ccccc4C#Cc4ccccc43)C2)CC1,1,N1(*)c2c(cccc2)C#Cc2ccccc2C1|*C1CCC(CN)CC1,N1(C(=O)C(=O)[*])C(C(O)=O)CN([*])C1,O=C(C(=O)N1Cc2ccccc2C#Cc2ccccc21)N1CCN(C2CCCCC2)C1,0.9999999,-1.9722,0.7242509,86.7100,1.0000000,172.1400,0.9968477,2.0000,0.0321447,4.1830,1.0000000,1.0000,1.0000000,1.0000,[],[],10
7.9424,17.3883,-16.2658,0.0087702,NCC1CCC(Nc2nnn(C(=O)N3Cc4ccccc4C#Cc4ccccc43)n2)CC1,1,N1(*)c2c(cccc2)C#Cc2ccccc2C1|*C1CCC(CN)CC1,n1n(C([*])=O)nnc1N[*],O=C(N1Cc2ccccc2C#Cc2ccccc21)n1nnc(NC2CCCCC2)n1,0.9999999,-1.7064,0.7236758,86.6900,0.0000000,113.0800,0.9999319,1.0000,0.1045896,3.7460,1.0000000,1.0000,1.0000000,1.0000,[],[],10
35.0710,74.7688,-73.7952,0.0076058,CC(=O)N(CCN1CCC(N2CCC(n3nnc(NC4CCC(CN)CC4)n3)CC2)NC(C(=O)O)C1)c1nnn(C(=O)N2Cc3ccccc3C#Cc3ccccc32)n1,1,N1(*)c2c(cccc2)C#Cc2ccccc2C1|*C1CCC(CN)CC1,n1n(C2CCN(C(NC(C(=O)O)CN3CCN(c4nnn(C(=O)[*])n4)C(=O)C)CC3)CC2)nnc1N[*],O=C(N1Cc2ccccc2C#Cc2ccccc21)n1nnc(NCCN2CCNC(N3CCC(n4nnc(NC5CCCCC5)n4)CC3)CC2)n1,1.0000000,-2.9553,1.0000000,206.4100,1.0000000,491.5170,0.0000001,8.0000,0.0015110,5.2561,1.0000000,1.0000,1.0000000,1.0000,[],[],10
6.9270,17.9420,54.5832,0.5666028,NCC1CCC(N2CCN(C(=O)Oc3ccc(OC(=O)N4Cc5ccccc5C#Cc5ccccc54)cc3)CC2)CC1,1,N1(*)c2c(cccc2)C#Cc2ccccc2C1|*C1CCC(CN)CC1,c1c(OC([*])=O)ccc(OC(=O)N2CCN([*])CC2)c1,O=C(Oc1ccc(OC(=O)N2Cc3ccccc3C#Cc3ccccc32)cc1)N1CCN(C2CCCCC2)CC1,0.9992484,0.6258,0.1485971,67.8700,1.0000000,250.2540,0.8720069,3.0000,0.2411460,3.3983,1.0000000,1.0000,1.0000000,1.0000,[],[],10
8.8521,13.7348,39.8698,0.4187859,NCC1CCC(N2CCN(c3ccc(NC(=O)N4Cc5ccccc5C#Cc5ccccc54)cc3)CC2)CC1,1,N1(*)c2c(cccc2)C#Cc2ccccc2C1|*C1CCC(CN)CC1,c1cc(NC([*])=O)ccc1N1CCN([*])CC1,O=C(Nc1ccc(N2CCN(C3CCCCC3)CC2)cc1)N1Cc2ccccc2C#Cc2ccccc21,0.9991281,0.6645,0.0058960,44.3700,1.0000000,205.2610,0.8720069,3.0000,0.3201826,3.2616,1.0000000,1.0000,1.0000000,1.0000,[],[],10
13.1247,26.7429,-4.3541,0.1749121,NCC1CCC(OCCOCn2cc(S(=O)(=O)N3Cc4ccccc4C#Cc4ccccc43)nn2)CC1,1,N1(*)c2c(cccc2)C#Cc2ccccc2C1|*C1CCC(CN)CC1,O=S(=O)([*])c1nnn(COCCO[*])c1,O=S(=O)(c1cn(COCCOC2CCCCC2)nn1)N1Cc2ccccc2C#Cc2ccccc21,0.9999999,-1.7852,0.8868914,94.3100,1.0000000,207.2110,0.0031523,5.0000,0.0882482,3.8113,1.0000000,1.0000,1.0000000,1.0000,[],[],10
8.0249,19.9230,39.3164,0.4628083,NCC1CCC(N2CCN(C(=O)Oc3ccc(N4Cc5ccccc5C#Cc5ccccc54)nc3)CC2)CC1,1,N1(*)c2c(cccc2)C#Cc2ccccc2C1|*C1CCC(CN)CC1,[*]c1ccc(OC(=O)N2CCN([*])CC2)cn1,O=C(Oc1ccc(N2Cc3ccccc3C#Cc3ccccc32)nc1)N1CCN(C2CCCCC2)CC1,0.9995610,0.4856,0.0247106,54.4600,1.0000000,207.2330,0.9999319,1.0000,0.2145560,3.4509,1.0000000,1.0000,1.0000000,1.0000,[],[],10
8.0793,10.4354,-9.5950,0.0065656,NCC1CCC(Nc2nnc(N3Cc4ccccc4C#Cc4ccccc43)s2)CC1,1,N1(*)c2c(cccc2)C#Cc2ccccc2C1|*C1CCC(CN)CC1,[*]c1nnc(N[*])s1,C1#Cc2ccccc2N(c2nnc(NC3CCCCC3)s2)Cc2ccccc21,0.9998919,0.1203,0.0169848,51.8000,0.0000000,101.1340,0.9999985,0.0000,0.1909998,3.5015,1.0000000,1.0000,1.0000000,1.0000,[],[],10
17.2819,36.2703,39.4682,0.5917072,NCC1CCC(Oc2nnc(N3CCN(C(=O)N4Cc5ccccc5C#Cc5ccccc54)CC3)n2N)CC1,1,N1(*)c2c(cccc2)C#Cc2ccccc2C1|*C1CCC(CN)CC1,[*]C(=O)N1CCN(c2nnc(O[*])n2N)CC1,O=C(N1CCN(c2nnc(OC3CCCCC3)[nH]2)CC1)N1Cc2ccccc2C#Cc2ccccc21,1.0000000,-2.0241,0.9503403,100.5100,1.0000000,212.2130,0.9968477,2.0000,0.1022268,3.7549,1.0000000,1.0000,1.0000000,1.0000,[],[],10
4.8678,23.5103,-23.5103,0.0000000,NCC1CCC(N2CCN(c3nnn(C(=O)N4Cc5ccccc5C#Cc5ccccc54)n3)CC2)CC1,2,N1(*)c2c(cccc2)C#Cc2ccccc2C1|*C1CCC(CN)CC1,n1nn(C(=O)[*])nc1N1CCN([*])CC1,O=C(N1Cc2ccccc2C#Cc2ccccc21)n1nnc(N2CCN(C3CCCCC3)CC2)n1,0.0000000,0.0000,0.0000000,0.0000,0.0000000,0.0000,0.0000000,0.0000,0.0000000,3.7110,0.0000000,1.0000,0.0000000,1.0000,[],[],10
13.9730,25.0449,-3.2687,0.1701265,CC(=O)Oc1cc(OC(=O)N2Cc3ccccc3C#Cc3ccccc32)ccc1CN1CCN(C2CCC(CN)CC2)CC1,1,N1(*)c2c(cccc2)C#Cc2ccccc2C1|*C1CCC(CN)CC1,c1cc(OC([*])=O)cc(OC(C)=O)c1CN1CCN([*])CC1,O=C(Oc1ccc(CN2CCN(C3CCCCC3)CC2)cc1)N1Cc2ccccc2C#Cc2ccccc21,0.9994330,0.5523,0.1485971,67.8700,1.0000000,278.3080,0.0031523,5.0000,0.1909288,3.5017,1.0000000,1.0000,1.0000000,1.0000,[],[],10
7.6679,24.2324,52.1395,0.5966557,NCC1CCC(N2CCC(OC(=O)N3CCN(S(=O)(=O)N4Cc5ccccc5C#Cc5ccccc54)CC3)CC2)CC1,1,N1(*)c2c(cccc2)C#Cc2ccccc2C1|*C1CCC(CN)CC1,O=S([*])(=O)N1CCN(C(=O)OC2CCN([*])CC2)CC1,O=C(OC1CCN(C2CCCCC2)CC1)N1CCN(S(=O)(=O)N2Cc3ccccc3C#Cc3ccccc32)CC1,0.9999985,-0.9810,0.4622948,78.9500,1.0000000,277.3460,0.9968477,2.0000,0.1520407,3.5971,1.0000000,1.0000,1.0000000,1.0000,[],[],10
7.0044,14.5144,-14.1469,0.0028707,NCC1CCC(N2CCN(S(=O)(=O)N3Cc4ccccc4C#Cc4ccccc43)CC2)CC1,1,N1(*)c2c(cccc2)C#Cc2ccccc2C1|*C1CCC(CN)CC1,C1CN(S(=O)(=O)[*])CCN1[*],O=S(=O)(N1CCN(C2CCCCC2)CC1)N1Cc2ccccc2C#Cc2ccccc21,0.9999319,0.0000,0.0000100,0.0000,0.0000000,0.0000,0.9999985,0.0000,0.2066108,3.4675,1.0000000,1.0000,1.0000000,1.0000,[],[],10
7.4169,25.2221,39.9799,0.5093901,NCC1CCC(N2CCN(c3ccc(N4CCN(C(=O)N5Cc6ccccc6C#Cc6ccccc65)CC4)nn3)CC2)CC1,1,N1(*)c2c(cccc2)C#Cc2ccccc2C1|*C1CCC(CN)CC1,c1cc(N2CCN(C(=O)[*])CC2)nnc1N1CCN([*])CC1,O=C(N1CCN(c2ccc(N3CCN(C4CCCCC4)CC3)nn2)CC1)N1Cc2ccccc2C#Cc2ccccc21,0.9999973,-0.8354,0.0983017,64.6000,1.0000000,276.3440,0.8720069,3.0000,0.1854705,3.5141,1.0000000,1.0000,1.0000000,1.0000,[],[],10
5.4030,11.3763,-11.3763,0.0000000,NCC1CCC(N2CCN(S(=O)(=O)N3Cc4ccccc4C#Cc4ccccc43)CC2)CC1,2,N1(*)c2c(cccc2)C#Cc2ccccc2C1|*C1CCC(CN)CC1,O=S(=O)([*])N1CCN([*])CC1,O=S(=O)(N1CCN(C2CCCCC2)CC1)N1Cc2ccccc2C#Cc2ccccc21,0.0000000,0.0000,0.0000000,0.0000,0.0000000,0.0000,0.0000000,0.0000,0.0000000,3.4675,0.0000000,1.0000,0.0000000,1.0000,[],[],10
8.9193,32.0108,41.0927,0.5711211,NCC1CCC(N2CCN(c3ncc(N4CCN(S(=O)(=O)N5Cc6ccccc6C#Cc6ccccc65)CC4)nn3)CC2)CC1,1,N1(*)c2c(cccc2)C#Cc2ccccc2C1|*C1CCC(CN)CC1,O=S([*])(=O)N1CCN(c2nnc(N3CCN([*])CC3)nc2)CC1,O=S(=O)(N1CCN(c2cnc(N3CCN(C4CCCCC4)CC3)nn2)CC1)N1Cc2ccccc2C#Cc2ccccc21,1.0000000,-2.0704,0.8904506,94.5600,1.0000000,313.3870,0.8720069,3.0000,0.1019369,3.7560,1.0000000,1.0000,1.0000000,1.0000,[],[],10
6.5650,17.6111,24.2759,0.3272420,NCC1CCC(N2CCC(n3ncc(N4Cc5ccccc5C#Cc5ccccc54)n3)CC2)CC1,1,N1(*)c2c(cccc2)C#Cc2ccccc2C1|*C1CCC(CN)CC1,[*]c1cnn(C2CCN([*])CC2)n1,C1#Cc2ccccc2N(c2cnn(C3CCN(C4CCCCC4)CC3)n2)Cc2ccccc21,0.9998518,0.2026,0.0046689,42.7400,0.9995008,152.2010,0.9999319,1.0000,0.1074294,3.7356,1.0000000,1.0000,1.0000000,1.0000,[],[],10
15.5609,38.4123,9.8585,0.3771154,Cn1c(S(=O)(=O)N2Cc3ccccc3C#Cc3ccccc32)cnc1N1CCN(C(=O)CN2CCN(C3CCC(CN)CC3)CC2)CC1,1,N1(*)c2c(cccc2)C#Cc2ccccc2C1|*C1CCC(CN)CC1,c1(S(=O)([*])=O)cnc(N2CCN(C(=O)CN3CCN([*])CC3)CC2)n1C,O=C(CN1CCN(C2CCCCC2)CC1)N1CCN(c2ncc(S(=O)(=O)N3Cc4ccccc4C#Cc4ccccc43)[nH]2)CC1,1.0000000,-2.0558,0.8251110,90.7800,1.0000000,356.4520,0.1279931,4.0000,0.0958877,3.7796,1.0000000,1.0000,1.0000000,1.0000,[],[],10
9.1958,9.4258,-8.7364,0.0053858,NCC1CCC(Cn2nnc(N3Cc4ccccc4C#Cc4ccccc43)n2)CC1,1,N1(*)c2c(cccc2)C#Cc2ccccc2C1|*C1CCC(CN)CC1,n1nc([*])nn1C[*],C1#Cc2ccccc2N(c2nnn(CC3CCCCC3)n2)Cc2ccccc21,0.9999967,-0.7899,0.0052808,43.6000,0.0000000,84.0820,0.9999985,0.0000,0.1432742,3.6213,1.0000000,1.0000,1.0000000,1.0000,[],[],10
19.6782,31.3087,-11.4597,0.1550706,NCC1CCC(Nc2ccc(N3CCN(OCCCCN4Cc5ccccc5C#Cc5ccccc54)CC3)nn2)CC1,1,N1(*)c2c(cccc2)C#Cc2ccccc2C1|*C1CCC(CN)CC1,N1(OCCCC[*])CCN(c2ccc(N[*])nn2)CC1,C1#Cc2ccccc2N(CCCCON2CCN(c3ccc(NC4CCCCC4)nn3)CC2)Cc2ccccc21,0.9977448,0.9125,0.1421611,67.5100,1.0000000,251.3340,0.0031523,5.0000,0.1300629,3.6603,1.0000000,1.0000,1.0000000,1.0000,[],[],10
24.5106,45.9142,-42.7278,0.0248940,COC(=O)N1CCN(S(=O)(=O)NC(=O)N2Cc3ccccc3C#Cc3ccccc32)C(COc2ccc(N(C)C3CCC(CN)CC3)nn2)C1,1,N1(*)c2c(cccc2)C#Cc2ccccc2C1|*C1CCC(CN)CC1,O=S(=O)(NC(=O)[*])N1CCN(C(=O)OC)CC1COc1ccc(N(C)[*])nn1,O=C(NS(=O)(=O)N1CCNCC1COc1ccc(NC2CCCCC2)nn1)N1Cc2ccccc2C#Cc2ccccc21,0.9999996,-1.3595,0.9998855,143.0600,1.0000000,388.4060,0.0000015,7.0000,0.0153796,4.4451,1.0000000,1.0000,1.0000000,1.0000,[],[],10
11.8132,18.4853,41.1743,0.4660904,NCC1CCC(Oc2ccc(NC(=O)C3CCCN3C(=O)N3Cc4ccccc4C#Cc4ccccc43)cc2)CC1,1,N1(*)c2c(cccc2)C#Cc2ccccc2C1|*C1CCC(CN)CC1,c1cc(NC(C2CCCN2C(=O)[*])=O)ccc1O[*],O=C(Nc1ccc(OC2CCCCC2)cc1)C1CCCN1C(=O)N1Cc2ccccc2C#Cc2ccccc21,0.9973816,0.9515,0.1837831,69.6400,1.0000000,234.2550,0.8720069,3.0000,0.0919997,3.7954,1.0000000,1.0000,1.0000000,1.0000,[],[],10
7.0943,15.6762,41.1125,0.4436617,NCC1CCC(N2CCN(C(=O)n3cc(N4Cc5ccccc5C#Cc5ccccc54)nn3)CC2)CC1,1,N1(*)c2c(cccc2)C#Cc2ccccc2C1|*C1CCC(CN)CC1,n1nc([*])cn1C(=O)N1CCN([*])CC1,O=C(N1CCN(C2CCCCC2)CC1)n1cc(N2Cc3ccccc3C#Cc3ccccc32)nn1,0.9999974,-0.8486,0.0802245,63.0500,1.0000000,181.1990,0.9999985,0.0000,0.0988273,3.7679,1.0000000,1.0000,1.0000000,1.0000,[],[],10
19.7635,46.1814,-2.7447,0.3393492,CC1(C(=O)N2Cc3ccccc3C#Cc3ccccc32)CCCN1C(=O)n1nnc(-n2nnc(C3CCC(CN)CC3)n2)n1,1,N1(*)c2c(cccc2)C#Cc2ccccc2C1|*C1CCC(CN)CC1,n1n(-c2nnn(C(N3CCCC3(C)C(=O)[*])=O)n2)nnc1[*],O=C(C1CCCN1C(=O)n1nnc(-n2nnc(C3CCCCC3)n2)n1)N1Cc2ccccc2C#Cc2ccccc21,0.9999996,-1.3297,0.9983668,124.5800,1.0000000,277.2480,0.9968477,2.0000,0.0086384,4.6478,1.0000000,1.0000,1.0000000,1.0000,[],[],10
19.3194,33.5955,34.4083,0.5312794,NCC1CCC(CC(=O)N(O)c2ccc(N3CCN(C(=O)N4Cc5ccccc5C#Cc5ccccc54)CC3)cn2)CC1,1,N1(*)c2c(cccc2)C#Cc2ccccc2C1|*C1CCC(CN)CC1,c1c(N2CCN(C(=O)[*])CC2)ccc(N(C(=O)C[*])O)n1,O=C(CC1CCCCC1)Nc1ccc(N2CCN(C(=O)N3Cc4ccccc4C#Cc4ccccc43)CC2)cn1,0.9998992,0.1021,0.3930255,76.9800,1.0000000,264.2850,0.8720069,3.0000,0.1116315,3.7206,1.0000000,1.0000,1.0000000,1.0000,[],[],10
5.0127,18.4199,-18.4199,0.0000000,NCC1CCC(N2CCC(n3nnc(N4Cc5ccccc5C#Cc5ccccc54)n3)CC2)CC1,1,N1(*)c2c(cccc2)C#Cc2ccccc2C1|*C1CCC(CN)CC1,[*]c1nnn(C2CCN([*])CC2)n1,C1#Cc2ccccc2N(c2nnn(C3CCN(C4CCCCC4)CC3)n2)Cc2ccccc21,0.9999855,-0.4024,0.0291102,55.6300,0.9999835,153.1890,0.9999319,1.0000,0.1202220,3.6915,1.0000000,1.0000,1.0000000,1.0000,[],[],10
13.5960,28.8135,-28.8135,0.0000000,C1CN(S([*])(=O)=O)C1=O)N1CCN([*])CC1,0,c1cc2c(cc1)C#Cc1c(cccc1)CN2*|C(N)C1CCC(*)CC1,C1CN(S([*])(=O)=O)C1=O)N1CCN([*])CC1,,0.0000000,0.0000,0.0000000,0.0000,0.0000000,0.0000,0.0000000,0.0000,0.0000000,0.0000,0.0000000,0.0000,0.0000000,0.0000,None,None,11
4.6934,14.3616,35.0625,0.3861262,NCC1CCC(N2CCN(S(=O)(=O)N3Cc4ccccc4C#Cc4ccccc43)CC2)CC1,1,c1cc2c(cc1)C#Cc1c(cccc1)CN2*|C(N)C1CCC(*)CC1,C1CN(S(=O)(=O)[*])CCN1[*],O=S(=O)(N1CCN(C2CCCCC2)CC1)N1Cc2ccccc2C#Cc2ccccc21,0.9999998,-1.5820,0.0121014,49.4100,0.6684421,150.2030,0.9999319,1.0000,0.2066108,3.4675,1.0000000,1.0000,1.0000000,1.0000,[],[],11
12.4395,33.1418,15.2884,0.3783611,NCC1CCC(N2CCN(c3nnn(CN4CCN(C(=O)N5Cc6ccccc6C#Cc6ccccc65)CC4)n3)CC2)CC1,1,c1cc2c(cc1)C#Cc1c(cccc1)CN2*|C(N)C1CCC(*)CC1,n1nn(CN2CCN(C([*])=O)CC2)nc1N1CCN([*])CC1,O=C(N1CCN(Cn2nnc(N3CCN(C4CCCCC4)CC3)n2)CC1)N1Cc2ccccc2C#Cc2ccccc21,1.0000000,-2.1858,0.5861970,82.4200,1.0000000,280.3360,0.1279931,4.0000,0.1154246,3.7075,1.0000000,1.0000,1.0000000,1.0000,[],[],11
9.4412,21.0788,20.6965,0.3263688,NCC1CCC(N2CCN(N3CCN(C(=O)N4Cc5ccccc5C#Cc5ccccc54)CC3)CC2)CC1,1,c1cc2c(cc1)C#Cc1c(cccc1)CN2*|C(N)C1CCC(*)CC1,N1(C(=O)[*])CCN(N2CCN([*])CC2)CC1,O=C(N1CCN(N2CCN(C3CCCCC3)CC2)CC1)N1Cc2ccccc2C#Cc2ccccc21,0.9999997,-1.4194,0.0026613,38.8200,1.0000000,198.2700,0.9968477,2.0000,0.1409308,3.6280,1.0000000,1.0000,1.0000000,1.0000,[],[],11
8.2070,31.0550,27.1000,0.4543357,NCC1CCC(N2CCN(c3cn(C4CN(C(=O)N5Cc6ccccc6C#Cc6ccccc65)C4)nn3)CC2)CC1,1,c1cc2c(cc1)C#Cc1c(cccc1)CN2*|C(N)C1CCC(*)CC1,c1n(C2CN(C([*])=O)C2)nnc1N1CCN([*])CC1,O=C(N1CC(n2cc(N3CCN(C4CCCCC4)CC3)nn2)C1)N1Cc2ccccc2C#Cc2ccccc21,0.9999995,-1.2992,0.1220641,66.2900,1.0000000,236.2790,0.8720069,3.0000,0.1006229,3.7610,1.0000000,1.0000,1.0000000,1.0000,[],[],11
10.1916,12.5975,-12.0606,0.0041939,NCC1CCC(N2CCC(OC(=O)N3Cc4ccccc4C#Cc4ccccc43)C2)CC1,1,c1cc2c(cc1)C#Cc1c(cccc1)CN2*|C(N)C1CCC(*)CC1,[*]C(=O)OC1CCN([*])C1,O=C(OC1CCN(C2CCCCC2)C1)N1Cc2ccccc2C#Cc2ccccc21,0.9999892,-0.4787,0.0024805,38.3300,0.0000000,115.1320,0.9968477,2.0000,0.0697430,3.9001,1.0000000,1.0000,1.0000000,1.0000,[],[],11
11.1926,36.9081,29.3651,0.5177595,NCC1CCC(N2CCN(CC(=O)N3CC(S(=O)(=O)N4Cc5ccccc5C#Cc5ccccc54)C3)CC2)CC1,1,c1cc2c(cc1)C#Cc1c(cccc1)CN2*|C(N)C1CCC(*)CC1,O=S([*])(=O)C1CN(C(=O)CN2CCN([*])CC2)C1,O=C(CN1CCN(C2CCCCC2)CC1)N1CC(S(=O)(=O)N2Cc3ccccc3C#Cc3ccccc32)C1,1.0000000,-2.2862,0.1855164,69.7200,1.0000000,247.3200,0.8720069,3.0000,0.1450456,3.6164,1.0000000,1.0000,1.0000000,1.0000,[],[],11
7.1169,25.9695,-25.3653,0.0047203,NCC1CCC(N2CC(n3ncc(N4Cc5ccccc5C#Cc5ccccc54)n3)C2)CC1,1,c1cc2c(cc1)C#Cc1c(cccc1)CN2*|C(N)C1CCC(*)CC1,[*]c1cnn(C2CN([*])C2)n1,C1#Cc2ccccc2N(c2cnn(C3CN(C4CCCCC4)C3)n2)Cc2ccccc21,0.9999925,-0.5776,0.0046689,42.7400,0.0000000,124.1470,0.9999319,1.0000,0.0852851,3.8243,1.0000000,1.0000,1.0000000,1.0000,[],[],11
12.5493,41.2967,-3.6149,0.2943888,NCC1CCC(N2CCN(C(=O)NC3CCN(CC(=O)N4CCN(S(=O)(=O)N5Cc6ccccc6C#Cc6ccccc65)CC4)C3=O)CC2)CC1,1,c1cc2c(cc1)C#Cc1c(cccc1)CN2*|C(N)C1CCC(*)CC1,[*]S(=O)(N1CCN(C(CN2C(=O)C(NC(=O)N3CCN([*])CC3)CC2)=O)CC1)=O,O=C(CN1CCC(NC(=O)N2CCN(C3CCCCC3)CC2)C1=O)N1CCN(S(=O)(=O)N2Cc3ccccc3C#Cc3ccccc32)CC1,1.0000000,-3.1273,0.9977567,122.3700,1.0000000,402.4770,0.1279931,4.0000,0.0293274,4.2158,1.0000000,1.0000,1.0000000,1.0000,[],[],11
12.6663,28.8048,11.1416,0.3120816,NCC1CCC(N2CCC(n3cc(OC(=O)N4Cc5ccccc5C#Cc5ccccc54)cn3)C2)CC1,1,c1cc2c(cc1)C#Cc1c(cccc1)CN2*|C(N)C1CCC(*)CC1,c1c(OC(=O)[*])cn(C2CN([*])CC2)n1,O=C(Oc1cnn(C2CCN(C3CCCCC3)C2)c1)N1Cc2ccccc2C#Cc2ccccc21,0.9999432,-0.0473,0.0313014,56.1500,1.0000000,181.1950,0.8720069,3.0000,0.0380675,4.1221,1.0000000,1.0000,1.0000000,1.0000,[],[],11
9.7640,22.6121,21.2979,0.3430468,NCC1CCC(N2CCN(c3nsc(N4Cc5ccccc5C#Cc5ccccc54)n3)CC2)CC1,1,c1cc2c(cc1)C#Cc1c(cccc1)CN2*|C(N)C1CCC(*)CC1,n1c([*])snc1N1CCN([*])CC1,C1#Cc2ccccc2N(c2nc(N3CCN(C4CCCCC4)CC3)ns2)Cc2ccccc21,0.9999443,-0.0523,0.0036646,41.0500,1.0000000,170.2410,0.9999319,1.0000,0.1491389,3.6050,1.0000000,1.0000,1.0000000,1.0000,[],[],11
18.4188,40.6679,-29.4110,0.0879449,CN(CC(=O)NCC(=O)N1CCN(C(=O)N2Cc3ccccc3C#Cc3ccccc32)CC1)C(=O)C1CN(C2CCC(CN)CC2)C1,1,c1cc2c(cc1)C#Cc1c(cccc1)CN2*|C(N)C1CCC(*)CC1,[*]C(=O)N1CCN(C(=O)CNC(=O)CN(C(=O)C2CN([*])C2)C)CC1,O=C(CNC(=O)C1CN(C2CCCCC2)C1)NCC(=O)N1CCN(C(=O)N2Cc3ccccc3C#Cc3ccccc32)CC1,1.0000000,-2.9190,0.9598706,102.0600,1.0000000,325.3690,0.0000681,6.0000,0.1298451,3.6609,1.0000000,1.0000,1.0000000,1.0000,[],[],11
17.1898,30.0435,-12.8116,0.1346243,CC(C)C(OC(=O)N1CCN(C2CCC(CN)CC2)CC1)c1nnn(CC(=O)N2Cc3ccccc3C#Cc3ccccc32)n1,1,c1cc2c(cc1)C#Cc1c(cccc1)CN2*|C(N)C1CCC(*)CC1,O=C(OC(c1nnn(CC([*])=O)n1)C(C)C)N1CCN([*])CC1,O=C(OCc1nnn(CC(=O)N2Cc3ccccc3C#Cc3ccccc32)n1)N1CCN(C2CCCCC2)CC1,0.9999847,-0.3891,0.9608566,102.2400,1.0000000,296.3310,0.0031523,5.0000,0.0267950,4.2481,1.0000000,1.0000,1.0000000,1.0000,[],[],11
13.2842,32.7160,41.9861,0.5836103,NCC1CCC(N2CCN(c3ccc(OC(=O)N4CCN(C(=O)N5Cc6ccccc6C#Cc6ccccc65)CC4)cn3)CC2)CC1,1,c1cc2c(cc1)C#Cc1c(cccc1)CN2*|C(N)C1CCC(*)CC1,O(C(N1CCN(C(=O)[*])CC1)=O)c1ccc(N2CCN([*])CC2)nc1,O=C(Oc1ccc(N2CCN(C3CCCCC3)CC2)nc1)N1CCN(C(=O)N2Cc3ccccc3C#Cc3ccccc32)CC1,0.9999725,-0.2360,0.4288894,78.0100,1.0000000,319.3650,0.8720069,3.0000,0.1615520,3.5721,1.0000000,1.0000,1.0000000,1.0000,[],[],11
5.7128,24.2758,48.4344,0.5680483,NCC1CCC(N2CCN(S(=O)(=O)N3CCN(C(=O)N4Cc5ccccc5C#Cc5ccccc54)CC3)CC2)CC1,1,c1cc2c(cc1)C#Cc1c(cccc1)CN2*|C(N)C1CCC(*)CC1,O=S(=O)(N1CCN(C(=O)[*])CC1)N1CCN([*])CC1,O=C(N1CCN(S(=O)(=O)N2CCN(C3CCCCC3)CC2)CC1)N1Cc2ccccc2C#Cc2ccccc21,1.0000000,-2.0896,0.2663663,72.9600,1.0000000,262.3350,0.8720069,3.0000,0.1820068,3.5221,1.0000000,1.0000,1.0000000,1.0000,[],[],11
22.6886,40.0242,-28.9355,0.0866307,NCC1CCC(CCCNC(=O)N2CCN(c3nnnn3C3OC(C(=O)N4Cc5ccccc5C#Cc5ccccc54)C(O)C3O)CC2)CC1,1,c1cc2c(cc1)C#Cc1c(cccc1)CN2*|C(N)C1CCC(*)CC1,n1nnn(C2OC(C([*])=O)C(O)C2O)c1N1CCN(C(NCCC[*])=O)CC1,O=C(NCCCC1CCCCC1)N1CCN(c2nnnn2C2CCC(C(=O)N3Cc4ccccc4C#Cc4ccccc43)O2)CC1,1.0000000,-2.2672,0.9999244,145.9400,1.0000000,369.3820,0.0031523,5.0000,0.0037758,4.9371,1.0000000,1.0000,1.0000000,1.0000,[],[],11
6.3713,19.4258,20.8184,0.3144075,NCC1CCC(N2CCCC(n3nnc(N4Cc5ccccc5C#Cc5ccccc54)n3)C2)CC1,1,c1cc2c(cc1)C#Cc1c(cccc1)CN2*|C(N)C1CCC(*)CC1,[*]c1nn(C2CN([*])CCC2)nn1,C1#Cc2ccccc2N(c2nnn(C3CCCN(C4CCCCC4)C3)n2)Cc2ccccc21,0.9999855,-0.4024,0.0291102,55.6300,0.9999835,153.1890,0.9999319,1.0000,0.0360567,4.1417,1.0000000,1.0000,1.0000000,1.0000,[],[],11
17.5983,38.9685,-38.9685,0.0000000,NCC1CCC(N2C(=O)N(C3CCN(CC(=O)N4CCN(C(=O)N5Cc6ccccc6C#Cc6ccccc65)CC4)C3=O)C3(CCC3)C2=O)CC1,1,c1cc2c(cc1)C#Cc1c(cccc1)CN2*|C(N)C1CCC(*)CC1,[*]C(N1CCN(C(=O)CN2C(=O)C(N3C(=O)N([*])C(=O)C33CCC3)CC2)CC1)=O,O=C(CN1CCC(N2C(=O)N(C3CCCCC3)C(=O)C23CCC3)C1=O)N1CCN(C(=O)N2Cc3ccccc3C#Cc3ccccc32)CC1,0.0000000,0.0000,0.0000000,0.0000,0.0000000,0.0000,0.0000000,0.0000,0.0000000,0.0000,0.0000000,0.0000,0.0000000,0.0000,['[NX3][CX4][CX3](=O)[NX3][CX3](=O)'],None,11
14.7422,42.2780,-31.9770,0.0804769,CN(CCN1CCN(C2CCC(CN)CC2)CC1)S(=O)(=O)N1CCN(C(=O)N2Cc3ccccc3C#Cc3ccccc32)CC1,1,c1cc2c(cc1)C#Cc1c(cccc1)CN2*|C(N)C1CCC(*)CC1,O=C([*])N1CCN(S(=O)(N(C)CCN2CCN([*])CC2)=O)CC1,O=C(N1CCN(S(=O)(=O)NCCN2CCN(C3CCCCC3)CC2)CC1)N1Cc2ccccc2C#Cc2ccccc21,1.0000000,-2.1578,0.3665922,76.2000,1.0000000,319.4310,0.0000681,6.0000,0.1421893,3.6244,1.0000000,1.0000,1.0000000,1.0000,[],[],11
16.6300,32.7627,23.6593,0.4407964,N#CCC1(n2ncn3nc(NC4CCC(CN)CC4)nc23)CN(C(=O)N2Cc3ccccc3C#Cc3ccccc32)C1,1,c1cc2c(cc1)C#Cc1c(cccc1)CN2*|C(N)C1CCC(*)CC1,n1(C2(CC#N)CN(C([*])=O)C2)ncn2nc(N[*])nc12,O=C(N1CC(n2ncn3nc(NC4CCCCC4)nc23)C1)N1Cc2ccccc2C#Cc2ccccc21,0.9999997,-1.4110,0.9958783,118.1300,1.0000000,246.2340,0.8720069,3.0000,0.0308373,4.1979,1.0000000,1.0000,1.0000000,1.0000,[],[],11
5.2555,7.8895,-7.2313,0.0051428,NCC1CCC(N2CCN(C(=O)N3Cc4ccccc4C#Cc4ccccc43)CC2)CC1,1,c1cc2c(cc1)C#Cc1c(cccc1)CN2*|C(N)C1CCC(*)CC1,C1CN(C(=O)[*])CCN1[*],O=C(N1CCN(C2CCCCC2)CC1)N1Cc2ccccc2C#Cc2ccccc21,0.9999982,-0.9520,0.0010490,32.3400,0.0000000,114.1480,0.9999319,1.0000,0.2623573,3.3592,1.0000000,1.0000,1.0000000,1.0000,[],[],11
15.9856,34.5753,23.5551,0.4541440,NCC1CCC(N2CCN(c3ccc(N4CCN(S(=O)(=O)N5Cc6ccccc6C#Cc6ccccc65)CC4)cc3)CC2)CC1,1,c1cc2c(cc1)C#Cc1c(cccc1)CN2*|C(N)C1CCC(*)CC1,[*]S(N1CCN(c2ccc(N3CCN([*])CC3)cc2)CC1)(=O)=O,O=S(=O)(N1CCN(c2ccc(N3CCN(C4CCCCC4)CC3)cc2)CC1)N1Cc2ccccc2C#Cc2ccccc21,0.9999744,-0.2554,0.0301865,55.8900,1.0000000,310.4230,0.8720069,3.0000,0.2019707,3.4774,1.0000000,1.0000,1.0000000,1.0000,[],[],11
15.3311,32.0547,34.9427,0.5234173,NCC1CCC(N2CCN(C(=O)n3cc(OS(=O)(=O)N4Cc5ccccc5C#Cc5ccccc54)nn3)CC2)CC1,1,c1cc2c(cc1)C#Cc1c(cccc1)CN2*|C(N)C1CCC(*)CC1,O(S(=O)(=O)[*])c1cn(C(=O)N2CCN([*])CC2)nn1,O=C(N1CCN(C2CCCCC2)CC1)n1cc(OS(=O)(=O)N2Cc3ccccc3C#Cc3ccccc32)nn1,0.9999999,-1.9434,0.9781646,106.4200,1.0000000,261.2630,0.9968477,2.0000,0.0587435,3.9638,1.0000000,1.0000,1.0000000,1.0000,[],[],11
8.6316,23.6846,-23.6846,0.0000000,NCC1CCC(N2CCN(c3nnn(C(=O)N4Cc5ccccc5C#Cc5ccccc54)n3)CC2)CC1,1,c1cc2c(cc1)C#Cc1c(cccc1)CN2*|C(N)C1CCC(*)CC1,n1(C([*])=O)nnc(N2CCN([*])CC2)n1,O=C(N1Cc2ccccc2C#Cc2ccccc21)n1nnc(N2CCN(C3CCCCC3)CC2)n1,0.9999999,-1.8790,0.3579482,75.9400,1.0000000,182.1870,0.9968477,2.0000,0.1144043,3.7110,1.0000000,1.0000,1.0000000,1.0000,[],[],11
7.4201,23.0616,49.5758,0.5674798,NCC1CCC(N2CCN(c3nnc(S(=O)(=O)N4Cc5ccccc5C#Cc5ccccc54)s3)CC2)CC1,1,c1cc2c(cc1)C#Cc1c(cccc1)CN2*|C(N)C1CCC(*)CC1,[*]S(=O)(=O)c1nnc(N2CCN([*])CC2)s1,O=S(=O)(c1nnc(N2CCN(C3CCCCC3)CC2)s1)N1Cc2ccccc2C#Cc2ccccc21,0.9999989,-1.0820,0.3335407,75.1900,1.0000000,234.3060,0.9968477,2.0000,0.1435629,3.6205,1.0000000,1.0000,1.0000000,1.0000,[],[],11
37.1424,89.7762,-82.0833,0.0601013,CC(C)(C)OC(=O)N1CCN(C(=O)c2ncn(C(=O)N3Cc4ccccc4C#Cc4ccccc43)n2)C(SC2CN=C(n3c(N)nn3C(=O)C3CCC(CN)CC3)S2)C1,1,c1cc2c(cc1)C#Cc1c(cccc1)CN2*|C(N)C1CCC(*)CC1,C(=O)(c1ncn(C([*])=O)n1)N1CCN(C(=O)OC(C)(C)C)CC1SC1SC(N2C(N)=NN2C(=O)[*])=NC1,O=C(c1ncn(C(=O)N2Cc3ccccc3C#Cc3ccccc32)n1)N1CCNCC1SC1CN=C(n2cnn2C(=O)C2CCCCC2)S1,0.9999812,-0.3357,0.9999990,175.8300,1.0000000,524.5890,0.0031523,5.0000,0.0007557,5.4971,1.0000000,1.0000,1.0000000,1.0000,[],[],11
14.4129,49.4086,-49.4086,0.0000000,CC1(C)C(=O)N(OCCC2CCC(CN)CC2)C(=O)N1CC(=O)N1CCN(S(=O)(=O)N2Cc3ccccc3C#Cc3ccccc32)C1,1,c1cc2c(cc1)C#Cc1c(cccc1)CN2*|C(N)C1CCC(*)CC1,O=S([*])(=O)N1CCN(C(=O)CN2C(=O)N(OCC[*])C(=O)C2(C)C)C1,O=C(CN1CC(=O)N(OCCC2CCCCC2)C1=O)N1CCN(S(=O)(=O)N2Cc3ccccc3C#Cc3ccccc32)C1,0.0000000,0.0000,0.0000000,0.0000,0.0000000,0.0000,0.0000000,0.0000,0.0000000,0.0000,0.0000000,0.0000,0.0000000,0.0000,['[NX3][CX4][CX3](=O)[NX3][CX3](=O)'],None,11
12.4363,13.7550,-12.6774,0.0084185,NCC1CCC(Nc2cnn(CC(=O)N3Cc4ccccc4C#Cc4ccccc43)n2)CC1,1,c1cc2c(cc1)C#Cc1c(cccc1)CN2*|C(N)C1CCC(*)CC1,c1nn(CC([*])=O)nc1N[*],O=C(Cn1ncc(NC2CCCCC2)n1)N1Cc2ccccc2C#Cc2ccccc21,0.9999982,-0.9408,0.2906455,73.8000,0.0000000,126.1190,0.9968477,2.0000,0.1382272,3.6358,1.0000000,1.0000,1.0000000,1.0000,[],[],11
12.6108,35.7362,-1.3541,0.2686103,NCC1CCC(N2CCN(Cn3ncc(Cl)c3N3CCN(C(=O)N4Cc5ccccc5C#Cc5ccccc54)CC3)CC2)CC1,1,c1cc2c(cc1)C#Cc1c(cccc1)CN2*|C(N)C1CCC(*)CC1,N1(C(=O)[*])CCN(c2c(Cl)cnn2CN2CCN([*])CC2)CC1,O=C(N1CCN(c2ccnn2CN2CCN(C3CCCCC3)CC2)CC1)N1Cc2ccccc2C#Cc2ccccc21,0.9999802,-0.3224,0.0335117,56.6400,1.0000000,312.8050,0.1279931,4.0000,0.1069257,3.7374,1.0000000,1.0000,1.0000000,1.0000,[],[],11
8.8902,22.6628,31.2540,0.4212250,NCC1CCC(N2CCN(c3nnc(SCC(=O)N4Cc5ccccc5C#Cc5ccccc54)n3N)CC2)CC1,1,c1cc2c(cc1)C#Cc1c(cccc1)CN2*|C(N)C1CCC(*)CC1,n1nc(SCC([*])=O)n(N)c1N1CCN([*])CC1,O=C(CSc1nnc(N2CCN(C3CCCCC3)CC2)[nH]1)N1Cc2ccccc2C#Cc2ccccc21,0.9999995,-1.3075,0.7867219,89.0700,1.0000000,242.3080,0.1279931,4.0000,0.1597658,3.5767,1.0000000,1.0000,1.0000000,1.0000,[],[],11
10.6173,29.2255,33.7930,0.4923323,NCC1CCC(N2CCN(C(=O)N3CC(OC(=O)N4Cc5ccccc5C#Cc5ccccc54)C3)CC2)CC1,1,c1cc2c(cc1)C#Cc1c(cccc1)CN2*|C(N)C1CCC(*)CC1,O(C(=O)[*])C1CN(C(=O)N2CCN([*])CC2)C1,O=C(N1CCN(C2CCCCC2)CC1)N1CC(OC(=O)N2Cc3ccccc3C#Cc3ccccc32)C1,0.9999991,-1.1312,0.0686459,61.8800,1.0000000,213.2370,0.9968477,2.0000,0.1693807,3.5524,1.0000000,1.0000,1.0000000,1.0000,[],[],11
18.3842,45.4826,19.9252,0.5109984,NCC1CCC(N2CCN(C(=O)n3nnc4c3CCN(S(=O)(=O)N3Cc5ccccc5C#Cc5ccccc53)C4=O)CC2)CC1,1,c1cc2c(cc1)C#Cc1c(cccc1)CN2*|C(N)C1CCC(*)CC1,C1CN(S(=O)(=O)[*])C(=O)c2nnn(C(=O)N3CCN([*])CC3)c21,O=C1c2nnn(C(=O)N3CCN(C4CCCCC4)CC3)c2CCN1S(=O)(=O)N1Cc2ccccc2C#Cc2ccccc21,1.0000000,-2.3239,0.9954889,117.5000,1.0000000,314.3270,0.9999319,1.0000,0.0522462,4.0069,1.0000000,1.0000,1.0000000,1.0000,[],[],11
8.5059,32.8565,-32.4963,0.0028138,NCC1CCC(N2CCN(CC(=O)N3CCN(S(=O)(=O)N4Cc5ccccc5C#Cc5ccccc54)CC3)CC2)CC1,1,c1c2c(ccc1)C#Cc1ccccc1N(*)C2|C(N)C1CCC(*)CC1,C1CN(S(=O)([*])=O)CCN1C(=O)CN1CCN([*])CC1,O=C(CN1CCN(C2CCCCC2)CC1)N1CCN(S(=O)(=O)N2Cc3ccccc3C#Cc3ccccc32)CC1,0.9999319,0.0000,0.0000100,0.0000,0.0000000,0.0000,0.9999985,0.0000,0.1892065,3.5056,1.0000000,1.0000,1.0000000,1.0000,[],[],12
12.1735,36.1032,31.6457,0.5292882,NCC1CCC(N2CCN(c3ncc(N4CCN(S(=O)(=O)N5Cc6ccccc6C#Cc6ccccc65)C4)cn3)CC2)CC1,1,c1c2c(ccc1)C#Cc1ccccc1N(*)C2|C(N)C1CCC(*)CC1,O=S([*])(=O)N1CCN(c2cnc(N3CCN([*])CC3)nc2)C1,O=S(=O)(N1CCN(c2cnc(N3CCN(C4CCCCC4)CC3)nc2)C1)N1Cc2ccccc2C#Cc2ccccc21,0.9999998,-1.5079,0.5597955,81.6700,1.0000000,298.3720,0.8720069,3.0000,0.0919948,3.7955,1.0000000,1.0000,1.0000000,1.0000,[],[],12
14.1501,31.0880,23.0854,0.4232303,NCC1CCC(N2CCCC(n3nnc(S(=O)(=O)N4Cc5ccccc5C#Cc5ccccc54)n3)C2)CC1,1,c1c2c(ccc1)C#Cc1ccccc1N(*)C2|C(N)C1CCC(*)CC1,O=S(=O)([*])c1nn(C2CN([*])CCC2)nn1,O=S(=O)(c1nnn(C2CCCN(C3CCCCC3)C2)n1)N1Cc2ccccc2C#Cc2ccccc21,0.9999997,-1.4321,0.8031367,89.7700,1.0000000,217.2540,0.9968477,2.0000,0.0254552,4.2664,1.0000000,1.0000,1.0000000,1.0000,[],[],12
12.0973,20.7034,-20.7034,0.0000000,NCC1CCC(N2CCC(n3cc(C(=O)N4Cc5ccccc5C#Cc5ccccc54)nn3)CC2)CC1,1,c1c2c(ccc1)C#Cc1ccccc1N(*)C2|C(N)C1CCC(*)CC1,[*]C(=O)c1cn(C2CCN([*])CC2)nn1,O=C(c1cn(C2CCN(C3CCCCC3)CC2)nn1)N1Cc2ccccc2C#Cc2ccccc21,0.9999278,0.0151,0.0518787,59.8100,1.0000000,180.2110,0.9968477,2.0000,0.1759565,3.5364,1.0000000,1.0000,1.0000000,1.0000,[],[],12
6.1291,15.2773,-15.2773,0.0000000,NCC1CCC(N2CCN(c3ccc(NC(=O)N4Cc5ccccc5C#Cc5ccccc54)cc3)CC2)CC1,1,c1c2c(ccc1)C#Cc1ccccc1N(*)C2|C(N)C1CCC(*)CC1,c1cc(NC([*])=O)ccc1N1CCN([*])CC1,O=C(Nc1ccc(N2CCN(C3CCCCC3)CC2)cc1)N1Cc2ccccc2C#Cc2ccccc21,0.9999319,0.0000,0.0000100,0.0000,0.0000000,0.0000,0.9999985,0.0000,0.3201826,3.2616,1.0000000,1.0000,1.0000000,1.0000,[],[],12
7.9050,29.6411,-29.6411,0.0000000,NCC1CCC(N2CCC(OC(=O)N3CCN(S(=O)(=O)N4Cc5ccccc5C#Cc5ccccc54)CC3)CC2)CC1,1,c1c2c(ccc1)C#Cc1ccccc1N(*)C2|C(N)C1CCC(*)CC1,[*]S(=O)(N1CCN(C(=O)OC2CCN([*])CC2)CC1)=O,O=C(OC1CCN(C2CCCCC2)CC1)N1CCN(S(=O)(=O)N2Cc3ccccc3C#Cc3ccccc32)CC1,0.9999319,0.0000,0.0000100,0.0000,0.0000000,0.0000,0.9999985,0.0000,0.1520407,3.5971,1.0000000,1.0000,1.0000000,1.0000,[],[],12
14.8566,37.4264,-14.9987,0.1752169,CN(C(=O)N1Cc2ccccc2C#Cc2ccccc21)C1CCN(C(=O)Cn2nnnc2N2CCN(C3CCC(CN)CC3)CC2)CC1,1,c1c2c(ccc1)C#Cc1ccccc1N(*)C2|C(N)C1CCC(*)CC1,n1nnn(CC(=O)N2CCC(N(C([*])=O)C)CC2)c1N1CCN([*])CC1,O=C(Cn1nnnc1N1CCN(C2CCCCC2)CC1)N1CCC(NC(=O)N2Cc3ccccc3C#Cc3ccccc32)CC1,0.9999999,-1.8381,0.9429366,99.4900,1.0000000,336.4000,0.0031523,5.0000,0.0862437,3.8201,1.0000000,1.0000,1.0000000,1.0000,[],[],12
18.7189,50.0204,-16.1408,0.2646848,NCC1CCC(N2CCN(NS(=O)(=O)N3CCC(S(=O)(=O)N4Cc5ccccc5C#Cc5ccccc54)C3)CC2)CC1,1,c1c2c(ccc1)C#Cc1ccccc1N(*)C2|C(N)C1CCC(*)CC1,[*]S(=O)(=O)C1CN(S(=O)(NN2CCN([*])CC2)=O)CC1,O=S(=O)(NN1CCN(C2CCCCC2)CC1)N1CCC(S(=O)(=O)N2Cc3ccccc3C#Cc3ccccc32)C1,1.0000000,-2.6733,0.9375214,98.8200,1.0000000,298.3900,0.1279931,4.0000,0.0189474,4.3713,1.0000000,1.0000,1.0000000,1.0000,[],[],12
6.0935,28.2030,-28.2030,0.0000000,NCC1CCC(N2CCC(OC(=O)N3CCN(S(=O)(=O)N4Cc5ccccc5C#Cc5ccccc54)CC3)CC2)CC1,2,c1c2c(ccc1)C#Cc1ccccc1N(*)C2|C(N)C1CCC(*)CC1,[*]S(=O)(=O)N1CCN(C(=O)OC2CCN([*])CC2)CC1,O=C(OC1CCN(C2CCCCC2)CC1)N1CCN(S(=O)(=O)N2Cc3ccccc3C#Cc3ccccc32)CC1,0.0000000,0.0000,0.0000000,0.0000,0.0000000,0.0000,0.0000000,0.0000,0.0000000,3.5971,0.0000000,1.0000,0.0000000,1.0000,[],[],12
7.2669,19.5656,32.1557,0.4040731,NCC1CCC(N2CCN(C(=O)Oc3ccc(N4Cc5ccccc5C#Cc5ccccc54)cc3)CC2)CC1,1,c1c2c(ccc1)C#Cc1ccccc1N(*)C2|C(N)C1CCC(*)CC1,[*]c1ccc(OC(=O)N2CCN([*])CC2)cc1,O=C(Oc1ccc(N2Cc3ccccc3C#Cc3ccccc32)cc1)N1CCN(C2CCCCC2)CC1,0.9955428,1.0906,0.0039483,41.5700,1.0000000,206.2450,0.9999319,1.0000,0.2966106,3.3000,1.0000000,1.0000,1.0000000,1.0000,[],[],12
7.5723,26.9974,45.4673,0.5661309,NCC1CCC(N2CCC(C(=O)N3CCN(S(=O)(=O)N4Cc5ccccc5C#Cc5ccccc54)CC3)CC2)CC1,1,c1c2c(ccc1)C#Cc1ccccc1N(*)C2|C(N)C1CCC(*)CC1,O=S(=O)([*])N1CCN(C(=O)C2CCN([*])CC2)CC1,O=C(C1CCN(C2CCCCC2)CC1)N1CCN(S(=O)(=O)N2Cc3ccccc3C#Cc3ccccc32)CC1,0.9999996,-1.3434,0.1855164,69.7200,1.0000000,261.3470,0.9968477,2.0000,0.1904922,3.5027,1.0000000,1.0000,1.0000000,1.0000,[],[],12
8.8620,23.1017,-23.1017,0.0000000,NCC1CCC(N2CCN(c3nnc(S(=O)(=O)N4Cc5ccccc5C#Cc5ccccc54)s3)CC2)CC1,1,c1c2c(ccc1)C#Cc1ccccc1N(*)C2|C(N)C1CCC(*)CC1,c1(S(=O)(=O)[*])sc(N2CCN([*])CC2)nn1,O=S(=O)(c1nnc(N2CCN(C3CCCCC3)CC2)s1)N1Cc2ccccc2C#Cc2ccccc21,0.9999989,-1.0820,0.3335407,75.1900,1.0000000,234.3060,0.9968477,2.0000,0.1435629,3.6205,1.0000000,1.0000,1.0000000,1.0000,[],[],12
9.6590,24.0188,-24.0188,0.0000000,NCC1CCC(N2CCN(C(=O)Oc3ccc(N4Cc5ccccc5C#Cc5ccccc54)nc3)CC2)CC1,1,c1c2c(ccc1)C#Cc1ccccc1N(*)C2|C(N)C1CCC(*)CC1,c1cc([*])ncc1OC(=O)N1CCN([*])CC1,O=C(Oc1ccc(N2Cc3ccccc3C#Cc3ccccc32)nc1)N1CCN(C2CCCCC2)CC1,0.9995610,0.4856,0.0247106,54.4600,1.0000000,207.2330,0.9999319,1.0000,0.2145560,3.4509,1.0000000,1.0000,1.0000000,1.0000,[],[],12
6.2862,18.5270,49.9188,0.5347328,NCC1CCC(N2CCN(c3ccc(S(=O)(=O)N4Cc5ccccc5C#Cc5ccccc54)cn3)CC2)CC1,1,c1c2c(ccc1)C#Cc1ccccc1N(*)C2|C(N)C1CCC(*)CC1,c1c(S([*])(=O)=O)ccc(N2CCN([*])CC2)n1,O=S(=O)(c1ccc(N2CCN(C3CCCCC3)CC2)nc1)N1Cc2ccccc2C#Cc2ccccc21,0.9999914,-0.5385,0.0726125,62.3000,1.0000000,227.2890,0.9968477,2.0000,0.2368830,3.4064,1.0000000,1.0000,1.0000000,1.0000,[],[],12
7.9672,16.9998,46.4989,0.4960832,NCC1CCC(N2CCN(c3ccc(C(=O)N4Cc5ccccc5C#Cc5ccccc54)nn3)CC2)CC1,1,c1c2c(ccc1)C#Cc1ccccc1N(*)C2|C(N)C1CCC(*)CC1,c1(C([*])=O)ccc(N2CCN([*])CC2)nn1,O=C(c1ccc(N2CCN(C3CCCCC3)CC2)nn1)N1Cc2ccccc2C#Cc2ccccc21,0.9999785,-0.3013,0.0411392,58.1200,1.0000000,192.2220,0.9968477,2.0000,0.2262328,3.4272,1.0000000,1.0000,1.0000000,1.0000,[],[],12
9.2134,30.0332,37.0879,0.5243841,NCC1CCC(N2CCN(C(=O)Oc3ccc(N4CCN(C(=O)N5Cc6ccccc6C#Cc6ccccc65)CC4)cc3)CC2)CC1,1,c1c2c(ccc1)C#Cc1ccccc1N(*)C2|C(N)C1CCC(*)CC1,c1c(N2CCN(C(=O)[*])CC2)ccc(OC(=O)N2CCN([*])CC2)c1,O=C(Oc1ccc(N2CCN(C(=O)N3Cc4ccccc4C#Cc4ccccc43)CC2)cc1)N1CCN(C2CCCCC2)CC1,0.9997193,0.3690,0.1051372,65.1200,1.0000000,318.3770,0.8720069,3.0000,0.2038137,3.4734,1.0000000,1.0000,1.0000000,1.0000,[],[],12
11.0483,18.9739,37.8921,0.4442654,NCC1CCC(N2CCN(c3nc(Cl)nc(N4Cc5ccccc5C#Cc5ccccc54)n3)CC2)CC1,1,c1c2c(ccc1)C#Cc1ccccc1N(*)C2|C(N)C1CCC(*)CC1,N1(c2nc(Cl)nc([*])n2)CCN([*])CC1,C1#Cc2ccccc2N(c2ncnc(N3CCN(C4CCCCC4)CC3)n2)Cc2ccccc21,0.9999470,-0.0654,0.0229698,53.9400,1.0000000,199.6450,0.9999319,1.0000,0.1858221,3.5133,1.0000000,1.0000,1.0000000,1.0000,[],[],12
10.6310,46.7042,5.3520,0.4066891,NCC1CCC(N2CCN(C(=O)N3CCCC3C(=O)ON3CCN(S(=O)(=O)N4Cc5ccccc5C#Cc5ccccc54)CC3)CC2)CC1,1,c1c2c(ccc1)C#Cc1ccccc1N(*)C2|C(N)C1CCC(*)CC1,O=S(=O)([*])N1CCN(OC(=O)C2N(C(=O)N3CCN([*])CC3)CCC2)CC1,O=C(ON1CCN(S(=O)(=O)N2Cc3ccccc3C#Cc3ccccc32)CC1)C1CCCN1C(=O)N1CCN(C2CCCCC2)CC1,0.9999999,-1.9218,0.9622399,102.5000,1.0000000,375.4510,0.8720069,3.0000,0.0220113,4.3182,1.0000000,1.0000,1.0000000,1.0000,[],[],12
8.8806,34.8041,33.3812,0.5326973,NCC1CCC(N2CCN(CC(=O)N3CCN(S(=O)(=O)N4Cc5ccccc5C#Cc5ccccc54)C3)CC2)CC1,1,c1c2c(ccc1)C#Cc1ccccc1N(*)C2|C(N)C1CCC(*)CC1,O=S([*])(N1CCN(C(=O)CN2CCN([*])CC2)C1)=O,O=C(CN1CCN(C2CCCCC2)CC1)N1CCN(S(=O)(=O)N2Cc3ccccc3C#Cc3ccccc32)C1,1.0000000,-2.4803,0.2663663,72.9600,1.0000000,262.3350,0.8720069,3.0000,0.1371851,3.6389,1.0000000,1.0000,1.0000000,1.0000,[],[],12
9.1807,32.3097,41.5781,0.5772481,NCC1CCC(N2CCN(C(=O)N3CCN(S(=O)(=O)N4Cc5ccccc5C#Cc5ccccc54)CC3)CC2)CC1,1,c1c2c(ccc1)C#Cc1ccccc1N(*)C2|C(N)C1CCC(*)CC1,C1N(S([*])(=O)=O)CCN(C(N2CCN([*])CC2)=O)C1,O=C(N1CCN(C2CCCCC2)CC1)N1CCN(S(=O)(=O)N2Cc3ccccc3C#Cc3ccccc32)CC1,0.9999999,-1.8444,0.2663663,72.9600,1.0000000,262.3350,0.9999319,1.0000,0.1726959,3.5443,1.0000000,1.0000,1.0000000,1.0000,[],[],12
7.9859,25.5297,52.1966,0.6072368,NCC1CCC(N2CCN(c3ncc(S(=O)(=O)N4Cc5ccccc5C#Cc5ccccc54)cn3)CC2)CC1,1,c1c2c(ccc1)C#Cc1ccccc1N(*)C2|C(N)C1CCC(*)CC1,c1c(S(=O)(=O)[*])cnc(N2CCN([*])CC2)n1,O=S(=O)(c1cnc(N2CCN(C3CCCCC3)CC2)nc1)N1Cc2ccccc2C#Cc2ccccc21,0.9999992,-1.1435,0.3335407,75.1900,1.0000000,228.2770,0.9968477,2.0000,0.1933907,3.4962,1.0000000,1.0000,1.0000000,1.0000,[],[],12
16.0349,30.8798,1.8012,0.2553203,CC1(C(=O)N2Cc3ccccc3C#Cc3ccccc32)CCCCC1n1cc(N2CCN(C3CCC(CN)CC3)CC2)nn1,1,c1c2c(ccc1)C#Cc1ccccc1N(*)C2|C(N)C1CCC(*)CC1,n1(C2CCCCC2(C)C([*])=O)nnc(N2CCN([*])CC2)c1,O=C(C1CCCCC1n1cc(N2CCN(C3CCCCC3)CC2)nn1)N1Cc2ccccc2C#Cc2ccccc21,0.9967498,1.0080,0.0802245,63.0500,1.0000000,277.3720,0.8720069,3.0000,0.0098621,4.6014,1.0000000,1.0000,1.0000000,1.0000,[],[],12
16.9076,35.1333,27.2111,0.4870657,NCC1CCC(N2CCN(c3cnc(N4CCN(S(=O)(=O)N5Cc6ccccc6C#Cc6ccccc65)CC4)cc3F)CC2)CC1,1,c1c2c(ccc1)C#Cc1ccccc1N(*)C2|C(N)C1CCC(*)CC1,c1(F)cc(N2CCN(S(=O)(=O)[*])CC2)ncc1N1CCN([*])CC1,O=S(=O)(N1CCN(c2ccc(N3CCN(C4CCCCC4)CC3)cn2)CC1)N1Cc2ccccc2C#Cc2ccccc21,0.9999957,-0.7213,0.1659388,68.7800,1.0000000,329.4010,0.8720069,3.0000,0.1172047,3.7015,1.0000000,1.0000,1.0000000,1.0000,[],[],12
21.2534,59.1107,-52.6256,0.0506650,NCC1CCC(N2CCN(CC(=O)N3CCCC3C(=O)N3CSCN3CC(=O)N3CCN(C(=O)N4Cc5ccccc5C#Cc5ccccc54)CC3)CC2)CC1,1,c1c2c(ccc1)C#Cc1ccccc1N(*)C2|C(N)C1CCC(*)CC1,C1CN(C(=O)[*])CCN1C(CN1CSCN1C(=O)C1N(C(=O)CN2CCN([*])CC2)CCC1)=O,O=C(CN1CSCN1C(=O)C1CCCN1C(=O)CN1CCN(C2CCCCC2)CC1)N1CCN(C(=O)N2Cc3ccccc3C#Cc3ccccc32)CC1,1.0000000,-2.1094,0.9449168,99.7500,1.0000000,467.5960,0.0000681,6.0000,0.0115618,4.5455,1.0000000,1.0000,1.0000000,1.0000,[],[],12
11.2578,39.3241,12.2685,0.4030671,NCC1CCC(N2CC(ON3CCN(S(=O)(=O)N4Cc5ccccc5C#Cc5ccccc54)CC3)C2)CC1,1,c1c2c(ccc1)C#Cc1ccccc1N(*)C2|C(N)C1CCC(*)CC1,C1CN(S(=O)([*])=O)CCN1OC1CN([*])C1,O=S(=O)(N1CCN(OC2CN(C3CCCCC3)C2)CC1)N1Cc2ccccc2C#Cc2ccccc21,0.9999999,-1.9662,0.0686459,61.8800,1.0000000,221.2820,0.8720069,3.0000,0.0792292,3.8522,1.0000000,1.0000,1.0000000,1.0000,[],[],12
6.3807,15.1892,-15.1892,0.0000000,NCC1CCC(N2CCN(c3ccc(NC(=O)N4Cc5ccccc5C#Cc5ccccc54)cc3)CC2)CC1,2,c1c2c(ccc1)C#Cc1ccccc1N(*)C2|C(N)C1CCC(*)CC1,c1c(NC(=O)[*])ccc(N2CCN([*])CC2)c1,O=C(Nc1ccc(N2CCN(C3CCCCC3)CC2)cc1)N1Cc2ccccc2C#Cc2ccccc21,0.0000000,0.0000,0.0000000,0.0000,0.0000000,0.0000,0.0000000,0.0000,0.0000000,3.2616,0.0000000,1.0000,0.0000000,1.0000,[],[],12
13.1866,39.4220,17.0110,0.4408826,NCC1CCC(N2CCN(C(=O)C3CC(=O)N3C(=O)N3CCN(S(=O)(=O)N4Cc5ccccc5C#Cc5ccccc54)CC3)CC2)CC1,1,c1c2c(ccc1)C#Cc1ccccc1N(*)C2|C(N)C1CCC(*)CC1,O=S(=O)([*])N1CCN(C(=O)N2C(=O)CC2C(=O)N2CCN([*])CC2)CC1,O=C(C1CC(=O)N1C(=O)N1CCN(S(=O)(=O)N2Cc3ccccc3C#Cc3ccccc32)CC1)N1CCN(C2CCCCC2)CC1,1.0000000,-2.7169,0.9874608,110.3400,1.0000000,359.4080,0.9968477,2.0000,0.0274786,4.2391,1.0000000,1.0000,1.0000000,1.0000,[],[],12
8.1955,33.4656,-33.4656,0.0000000,NCC1CCC(N2CCN(CC(=O)N3CCN(S(=O)(=O)N4Cc5ccccc5C#Cc5ccccc54)CC3)CC2)CC1,2,c1c2c(ccc1)C#Cc1ccccc1N(*)C2|C(N)C1CCC(*)CC1,C1N(S(=O)(=O)[*])CCN(C(=O)CN2CCN([*])CC2)C1,O=C(CN1CCN(C2CCCCC2)CC1)N1CCN(S(=O)(=O)N2Cc3ccccc3C#Cc3ccccc32)CC1,0.0000000,0.0000,0.0000000,0.0000,0.0000000,0.0000,0.0000000,0.0000,0.0000000,3.5056,0.0000000,1.0000,0.0000000,1.0000,[],[],12
8.2624,26.8276,-26.8276,0.0000000,NCC1CCC(N2CCC(OC(=O)N3CCN(S(=O)(=O)N4Cc5ccccc5C#Cc5ccccc54)CC3)CC2)CC1,2,c1c2c(ccc1)C#Cc1ccccc1N(*)C2|C(N)C1CCC(*)CC1,O=S([*])(=O)N1CCN(C(OC2CCN([*])CC2)=O)CC1,O=C(OC1CCN(C2CCCCC2)CC1)N1CCN(S(=O)(=O)N2Cc3ccccc3C#Cc3ccccc32)CC1,0.0000000,0.0000,0.0000000,0.0000,0.0000000,0.0000,0.0000000,0.0000,0.0000000,3.5971,0.0000000,1.0000,0.0000000,1.0000,[],[],12
10.5202,23.8043,48.1687,0.5622892,NCC1CCC(Oc2ccc(N3CCN(C(=O)N4Cc5ccccc5C#Cc5ccccc54)CC3)nn2)CC1,1,c1c2c(ccc1)C#Cc1ccccc1N(*)C2|C(N)C1CCC(*)CC1,c1(N2CCN(C(=O)[*])CC2)nnc(O[*])cc1,O=C(N1CCN(c2ccc(OC3CCCCC3)nn2)CC1)N1Cc2ccccc2C#Cc2ccccc21,0.9999914,-0.5394,0.1820623,69.5600,1.0000000,208.2210,0.9968477,2.0000,0.1866168,3.5115,1.0000000,1.0000,1.0000000,1.0000,[],[],12
13.0412,20.0021,29.8015,0.3890910,NCC1CCC(N2CCN(C(=O)c3cnc(N4Cc5ccccc5C#Cc5ccccc54)s3)CC2)CC1,1,c1c2c(ccc1)C#Cc1ccccc1N(*)C2|C(N)C1CCC(*)CC1,O=C(c1sc([*])nc1)N1CCN([*])CC1,O=C(c1cnc(N2Cc3ccccc3C#Cc3ccccc32)s1)N1CCN(C2CCCCC2)CC1,0.9998596,0.1885,0.0066676,45.2300,1.0000000,197.2630,0.9999319,1.0000,0.1924545,3.4983,1.0000000,1.0000,1.0000000,1.0000,[],[],12
10.2014,36.2136,5.2455,0.3238991,NCC1CCC(N2CCN(c3cn(C4CCCN4C(=O)N4Cc5ccccc5C#Cc5ccccc54)nn3)CC2)CC1,1,c1c2c(ccc1)C#Cc1ccccc1N(*)C2|C(N)C1CCC(*)CC1,n1nn(C2CCCN2C(=O)[*])cc1N1CCN([*])CC1,O=C(N1Cc2ccccc2C#Cc2ccccc21)N1CCCC1n1cc(N2CCN(C3CCCCC3)CC2)nn1,0.9999921,-0.5615,0.1220641,66.2900,1.0000000,250.3060,0.8720069,3.0000,0.0227010,4.3072,1.0000000,1.0000,1.0000000,1.0000,[],[],12
9.0364,18.6375,-18.6375,0.0000000,NCC1CCC(N2CCN(c3ccc(S(=O)(=O)N4Cc5ccccc5C#Cc5ccccc54)cn3)CC2)CC1,1,c12ccccc1C#Cc1ccccc1CN2*|NCC1CCC(*)CC1,c1c(S([*])(=O)=O)cnc(N2CCN([*])CC2)c1,O=S(=O)(c1ccc(N2CCN(C3CCCCC3)CC2)nc1)N1Cc2ccccc2C#Cc2ccccc21,0.9999319,0.0000,0.0000100,0.0000,0.0000000,0.0000,0.9999985,0.0000,0.2368830,3.4064,1.0000000,1.0000,1.0000000,1.0000,[],[],13
9.1553,31.2072,45.2468,0.5972965,NCC1CCC(N2CCN(S(=O)(=O)N3CCN(c4ncnc(N5Cc6ccccc6C#Cc6ccccc65)n4)CC3)CC2)CC1,1,c12ccccc1C#Cc1ccccc1CN2*|NCC1CCC(*)CC1,O=S(=O)(N1CCN(c2ncnc([*])n2)CC1)N1CCN([*])CC1,O=S(=O)(N1CCN(c2ncnc(N3Cc4ccccc4C#Cc4ccccc43)n2)CC1)N1CCN(C2CCCCC2)CC1,0.9999999,-1.8564,0.8904506,94.5600,1.0000000,313.3870,0.8720069,3.0000,0.1241547,3.6788,1.0000000,1.0000,1.0000000,1.0000,[],[],13
8.2939,23.6066,40.0044,0.4969613,NCC1CCC(N2CCN(c3cnc(N4CCN(C(=O)N5Cc6ccccc6C#Cc6ccccc65)CC4)nc3)CC2)CC1,1,c12ccccc1C#Cc1ccccc1CN2*|NCC1CCC(*)CC1,C1N(c2cnc(N3CCN(C([*])=O)CC3)nc2)CCN([*])C1,O=C(N1CCN(c2ncc(N3CCN(C4CCCCC4)CC3)cn2)CC1)N1Cc2ccccc2C#Cc2ccccc21,0.9999973,-0.8354,0.0983017,64.6000,1.0000000,276.3440,0.8720069,3.0000,0.1663688,3.5599,1.0000000,1.0000,1.0000000,1.0000,[],[],13
4.8346,25.0352,-25.0352,0.0000000,NCC1CCC(N2CCN(c3ccc(N4CCN(C(=O)N5Cc6ccccc6C#Cc6ccccc65)CC4)nn3)CC2)CC1,1,c12ccccc1C#Cc1ccccc1CN2*|NCC1CCC(*)CC1,c1c(N2CCN(C(=O)[*])CC2)nnc(N2CCN([*])CC2)c1,O=C(N1CCN(c2ccc(N3CCN(C4CCCCC4)CC3)nn2)CC1)N1Cc2ccccc2C#Cc2ccccc21,0.9999319,0.0000,0.0000100,0.0000,0.0000000,0.0000,0.9999985,0.0000,0.1854705,3.5141,1.0000000,1.0000,1.0000000,1.0000,[],[],13
6.5796,19.2324,41.5126,0.4745704,NCC1CCC(N2CCN(C(=O)N3CCN(C(=O)N4Cc5ccccc5C#Cc5ccccc54)CC3)CC2)CC1,1,c12ccccc1C#Cc1ccccc1CN2*|NCC1CCC(*)CC1,O=C(N1CCN(C(=O)[*])CC1)N1CCN([*])CC1,O=C(N1CCN(C(=O)N2Cc3ccccc3C#Cc3ccccc32)CC1)N1CCN(C2CCCCC2)CC1,0.9999993,-1.2144,0.0301865,55.8900,1.0000000,226.2800,0.9999319,1.0000,0.2166920,3.4465,1.0000000,1.0000,1.0000000,1.0000,[],[],13
9.6768,34.6995,11.4165,0.3602815,NCC1CCC(N2CCN(C(=O)N3CCC(n4cc(N5Cc6ccccc6C#Cc6ccccc65)nn4)C3)CC2)CC1,1,c12ccccc1C#Cc1ccccc1CN2*|NCC1CCC(*)CC1,[*]c1nnn(C2CN(C(=O)N3CCN([*])CC3)CC2)c1,O=C(N1CCN(C2CCCCC2)CC1)N1CCC(n2cc(N3Cc4ccccc4C#Cc4ccccc43)nn2)C1,0.9999879,-0.4499,0.1220641,66.2900,1.0000000,250.3060,0.9999319,1.0000,0.0320599,4.1839,1.0000000,1.0000,1.0000000,1.0000,[],[],13
10.4721,40.0501,-40.0501,0.0000000,NCC1CCC(N2CCN(C(=O)n3nnc(N4CCN(C(=O)N5Cc6ccccc6C#Cc6ccccc65)CC4)n3)CC2)CC1,1,c12ccccc1C#Cc1ccccc1CN2*|NCC1CCC(*)CC1,C1N(C([*])=O)CCN(c2nnn(C(N3CCN([*])CC3)=O)n2)C1,O=C(N1CCN(c2nnn(C(=O)N3CCN(C4CCCCC4)CC3)n2)CC1)N1Cc2ccccc2C#Cc2ccccc21,1.0000000,-2.1752,0.9429366,99.4900,1.0000000,294.3190,0.9968477,2.0000,0.0933034,3.7901,1.0000000,1.0000,1.0000000,1.0000,[],[],13
7.5661,16.9003,-16.5013,0.0031176,NCC1CCC(N2CCN(c3ccc(S(=O)(=O)N4Cc5ccccc5C#Cc5ccccc54)cc3)CC2)CC1,1,c12ccccc1C#Cc1ccccc1CN2*|NCC1CCC(*)CC1,c1cc(S(=O)([*])=O)ccc1N1CCN([*])CC1,O=S(=O)(c1ccc(N2CCN(C3CCCCC3)CC2)cc1)N1Cc2ccccc2C#Cc2ccccc21,0.9999319,0.0000,0.0000100,0.0000,0.0000000,0.0000,0.9999985,0.0000,0.2970548,3.2993,1.0000000,1.0000,1.0000000,1.0000,[],[],13
12.8427,33.7066,-33.7066,0.0000000,c1(N2CCN(C([*])=O)CC2)nc(N2CCN([*])CC2)nn1,0,c12ccccc1C#Cc1ccccc1CN2*|NCC1CCC(*)CC1,c1(N2CCN(C([*])=O)CC2)nc(N2CCN([*])CC2)nn1,,0.0000000,0.0000,0.0000000,0.0000,0.0000000,0.0000,0.0000000,0.0000,0.0000000,0.0000,0.0000000,0.0000,0.0000000,0.0000,None,None,13
9.4659,30.1471,-30.1471,0.0000000,NCC1CCC(N2CCN(C(=O)N3CCN(S(=O)(=O)N4Cc5ccccc5C#Cc5ccccc54)CC3)CC2)CC1,1,c12ccccc1C#Cc1ccccc1CN2*|NCC1CCC(*)CC1,N1(S(=O)(=O)[*])CCN(C(=O)N2CCN([*])CC2)CC1,O=C(N1CCN(C2CCCCC2)CC1)N1CCN(S(=O)(=O)N2Cc3ccccc3C#Cc3ccccc32)CC1,0.9999999,-1.8444,0.2663663,72.9600,1.0000000,262.3350,0.9999319,1.0000,0.1726959,3.5443,1.0000000,1.0000,1.0000000,1.0000,[],[],13
15.5349,47.3540,-47.3540,0.0000000,CC1(C)N(C(=O)N2CC(N3CCN(C4CCC(CN)CC4)CC3)C2=O)CCN1S(=O)(=O)N1Cc2ccccc2C#Cc2ccccc21,1,c12ccccc1C#Cc1ccccc1CN2*|NCC1CCC(*)CC1,[*]S(=O)(=O)N1CCN(C(N2C(=O)C(N3CCN([*])CC3)C2)=O)C1(C)C,O=C1C(N2CCN(C3CCCCC3)CC2)CN1C(=O)N1CCN(S(=O)(=O)N2Cc3ccccc3C#Cc3ccccc32)C1,0.0000000,0.0000,0.0000000,0.0000,0.0000000,0.0000,0.0000000,0.0000,0.0000000,0.0000,0.0000000,0.0000,0.0000000,0.0000,['[NX3][CX4][CX3](=O)[NX3][CX3](=O)'],None,13
4.5247,26.4167,-26.4167,0.0000000,NCC1CCC(N2CCN(c3ccc(N4CCN(C(=O)N5Cc6ccccc6C#Cc6ccccc65)CC4)nn3)CC2)CC1,2,c12ccccc1C#Cc1ccccc1CN2*|NCC1CCC(*)CC1,c1cc(N2CCN(C(=O)[*])CC2)nnc1N1CCN([*])CC1,O=C(N1CCN(c2ccc(N3CCN(C4CCCCC4)CC3)nn2)CC1)N1Cc2ccccc2C#Cc2ccccc21,0.0000000,0.0000,0.0000000,0.0000,0.0000000,0.0000,0.0000000,0.0000,0.0000000,3.5141,0.0000000,1.0000,0.0000000,1.0000,[],[],13
5.9979,16.8423,-16.8423,0.0000000,NCC1CCC(N2CCN(c3ccc(S(=O)(=O)N4Cc5ccccc5C#Cc5ccccc54)cn3)CC2)CC1,2,c12ccccc1C#Cc1ccccc1CN2*|NCC1CCC(*)CC1,c1(S(=O)(=O)[*])ccc(N2CCN([*])CC2)nc1,O=S(=O)(c1ccc(N2CCN(C3CCCCC3)CC2)nc1)N1Cc2ccccc2C#Cc2ccccc21,0.0000000,0.0000,0.0000000,0.0000,0.0000000,0.0000,0.0000000,0.0000,0.0000000,3.4064,0.0000000,1.0000,0.0000000,1.0000,[],[],13
8.0613,17.6082,32.3228,0.3900859,NCC1CCC(N2CCN(c3ccc(OC(=O)N4Cc5ccccc5C#Cc5ccccc54)cc3)CC2)CC1,1,c12ccccc1C#Cc1ccccc1CN2*|NCC1CCC(*)CC1,c1cc(OC([*])=O)ccc1N1CCN([*])CC1,O=C(Oc1ccc(N2CCN(C3CCCCC3)CC2)cc1)N1Cc2ccccc2C#Cc2ccccc21,0.9992321,0.6314,0.0039483,41.5700,1.0000000,206.2450,0.8720069,3.0000,0.2862643,3.3174,1.0000000,1.0000,1.0000000,1.0000,[],[],13
8.2226,33.2549,33.8196,0.5240197,NCC1CCC(N2CCN(c3nnn(C4CN(C(=O)N5Cc6ccccc6C#Cc6ccccc65)C4)n3)CC2)CC1,1,c12ccccc1C#Cc1ccccc1CN2*|NCC1CCC(*)CC1,n1nn(C2CN(C([*])=O)C2)nc1N1CCN([*])CC1,O=C(N1CC(n2nnc(N3CCN(C4CCCCC4)CC3)n2)C1)N1Cc2ccccc2C#Cc2ccccc21,0.9999999,-1.9042,0.4705323,79.1800,1.0000000,237.2670,0.8720069,3.0000,0.0960211,3.7790,1.0000000,1.0000,1.0000000,1.0000,[],[],13
10.8274,45.9824,-9.9645,0.2813899,NCC1CCC(N2CCN(C(=O)C3C(=O)OC(=O)N3c3ccc(N4CCN(C(=O)N5Cc6ccccc6C#Cc6ccccc65)CC4)cc3)CC2)CC1,1,c12ccccc1C#Cc1ccccc1CN2*|NCC1CCC(*)CC1,C1CN(C(=O)[*])CCN1c1ccc(N2C(=O)OC(=O)C2C(N2CCN([*])CC2)=O)cc1,O=C1OC(=O)N(c2ccc(N3CCN(C(=O)N4Cc5ccccc5C#Cc5ccccc54)CC3)cc2)C1C(=O)N1CCN(C2CCCCC2)CC1,0.9999962,-0.7514,0.9622399,102.5000,1.0000000,401.4230,0.1279931,4.0000,0.0244821,4.2803,1.0000000,1.0000,1.0000000,1.0000,[],[],13
27.7836,68.4244,-60.7037,0.0603181,NCC1CCC(N2CCN(CC(=O)N3CCCN3C(=O)N3CSCN3CC(=O)N3CCN(c4ccc(C(=O)N5Cc6ccccc6C#Cc6ccccc65)cc4)CC3)CC2)CC1,1,c12ccccc1C#Cc1ccccc1CN2*|NCC1CCC(*)CC1,c1cc(C([*])=O)ccc1N1CCN(C(=O)CN2CSCN2C(=O)N2N(C(CN3CCN([*])CC3)=O)CCC2)CC1,O=C(CN1CSCN1C(=O)N1CCCN1C(=O)CN1CCN(C2CCCCC2)CC1)N1CCN(c2ccc(C(=O)N3Cc4ccccc4C#Cc4ccccc43)cc2)CC1,0.9999680,-0.1970,0.9647202,102.9900,1.0000000,544.6820,0.0000681,6.0000,0.0246485,4.2779,1.0000000,1.0000,1.0000000,1.0000,[],[],13
6.7593,14.8783,-14.8783,0.0000000,NCC1CCC(N2CCN(c3ccc(S(=O)(=O)N4Cc5ccccc5C#Cc5ccccc54)cc3)CC2)CC1,2,c12ccccc1C#Cc1ccccc1CN2*|NCC1CCC(*)CC1,c1(S(=O)(=O)[*])ccc(N2CCN([*])CC2)cc1,O=S(=O)(c1ccc(N2CCN(C3CCCCC3)CC2)cc1)N1Cc2ccccc2C#Cc2ccccc21,0.0000000,0.0000,0.0000000,0.0000,0.0000000,0.0000,0.0000000,0.0000,0.0000000,3.2993,0.0000000,1.0000,0.0000000,1.0000,[],[],13
7.1396,44.0828,-44.0828,0.0000000,[*]C(=O)N1CCN(c2nnc(N3CCN([*])CC3)n2)CC1,0,c12ccccc1C#Cc1ccccc1CN2*|NCC1CCC(*)CC1,[*]C(=O)N1CCN(c2nnc(N3CCN([*])CC3)n2)CC1,,0.0000000,0.0000,0.0000000,0.0000,0.0000000,0.0000,0.0000000,0.0000,0.0000000,0.0000,0.0000000,0.0000,0.0000000,0.0000,None,None,13
15.2098,67.8011,-63.9631,0.0299849,NCC1CCC(OCCOC(=O)n2nnnc2N2CCN(CC(=O)ON3CCN(S(=O)(=O)N4Cc5ccccc5C#Cc5ccccc54)CC3)CC2)CC1,1,c12ccccc1C#Cc1ccccc1CN2*|NCC1CCC(*)CC1,C1CN(S(=O)(=O)[*])CCN1OC(=O)CN1CCN(c2nnnn2C(=O)OCCO[*])CC1,O=C(CN1CCN(c2nnnn2C(=O)OCCOC2CCCCC2)CC1)ON1CCN(S(=O)(=O)N2Cc3ccccc3C#Cc3ccccc32)CC1,1.0000000,-3.6257,0.9999940,163.5300,1.0000000,448.4620,0.0000015,7.0000,0.0348718,4.1537,1.0000000,1.0000,1.0000000,1.0000,[],[],13
15.3947,24.2972,41.0499,0.5105243,NCC1CCC(N2CCN(c3ncc(S(=O)(=O)N4Cc5ccccc5C#Cc5ccccc54)cc3Cl)CC2)CC1,1,c12ccccc1C#Cc1ccccc1CN2*|NCC1CCC(*)CC1,c1c(S(=O)(=O)[*])cnc(N2CCN([*])CC2)c1Cl,O=S(=O)(c1ccc(N2CCN(C3CCCCC3)CC2)nc1)N1Cc2ccccc2C#Cc2ccccc21,0.9998941,0.1149,0.0726125,62.3000,1.0000000,261.7340,0.9968477,2.0000,0.1932175,3.4966,1.0000000,1.0000,1.0000000,1.0000,[],[],13
13.0064,29.3055,37.8157,0.5243841,NCC1CCC(N2CCN(c3ccc(OC(=O)N4CCN(C(=O)N5Cc6ccccc6C#Cc6ccccc65)CC4)cc3)CC2)CC1,1,c12ccccc1C#Cc1ccccc1CN2*|NCC1CCC(*)CC1,N1(c2ccc(OC(=O)N3CCN(C(=O)[*])CC3)cc2)CCN([*])CC1,O=C(Oc1ccc(N2CCN(C3CCCCC3)CC2)cc1)N1CCN(C(=O)N2Cc3ccccc3C#Cc3ccccc32)CC1,0.9997193,0.3690,0.1051372,65.1200,1.0000000,318.3770,0.8720069,3.0000,0.2038137,3.4734,1.0000000,1.0000,1.0000000,1.0000,[],[],13
7.4359,31.6310,13.5030,0.3526096,NCC1CCC(N2CCN(c3cn(C4CCCN(C(=O)N5Cc6ccccc6C#Cc6ccccc65)C4)nn3)CC2)CC1,1,c12ccccc1C#Cc1ccccc1CN2*|NCC1CCC(*)CC1,c1n(C2CN(C(=O)[*])CCC2)nnc1N1CCN([*])CC1,O=C(N1CCCC(n2cc(N3CCN(C4CCCCC4)CC3)nn2)C1)N1Cc2ccccc2C#Cc2ccccc21,0.9999907,-0.5190,0.1220641,66.2900,1.0000000,264.3330,0.8720069,3.0000,0.0329865,4.1737,1.0000000,1.0000,1.0000000,1.0000,[],[],13
6.3930,23.8156,-23.8156,0.0000000,NCC1CCC(N2CCN(c3nnn(C(=O)N4Cc5ccccc5C#Cc5ccccc54)n3)CC2)CC1,1,c12ccccc1C#Cc1ccccc1CN2*|NCC1CCC(*)CC1,n1nn(C(=O)[*])nc1N1CCN([*])CC1,O=C(N1Cc2ccccc2C#Cc2ccccc21)n1nnc(N2CCN(C3CCCCC3)CC2)n1,0.9999999,-1.8790,0.3579482,75.9400,1.0000000,182.1870,0.9968477,2.0000,0.1144043,3.7110,1.0000000,1.0000,1.0000000,1.0000,[],[],13
13.6431,40.4963,9.4634,0.3903099,NCC1CCC(C(=O)N2CCN(c3ccc(NS(=O)(=O)N4Cc5ccccc5C#Cc5ccccc54)cc3)CC2)CC1,1,c12ccccc1C#Cc1ccccc1CN2*|NCC1CCC(*)CC1,c1cc(NS(=O)(=O)[*])ccc1N1CCN(C(=O)[*])CC1,O=C(C1CCCCC1)N1CCN(c2ccc(NS(=O)(=O)N3Cc4ccccc4C#Cc4ccccc43)cc2)CC1,0.9999530,-0.0967,0.1855164,69.7200,1.0000000,269.3260,0.1279931,4.0000,0.2352684,3.4096,1.0000000,1.0000,1.0000000,1.0000,[],[],13
16.8254,27.5364,47.7064,0.5878347,NCC1CCC(Nc2nc(N3CCN(C(=O)N4Cc5ccccc5C#Cc5ccccc54)CC3)nn2C(N)=O)CC1,1,c12ccccc1C#Cc1ccccc1CN2*|NCC1CCC(*)CC1,O=C([*])N1CCN(c2nn(C(=O)N)c(N[*])n2)CC1,O=C(N1CCN(c2n[nH]c(NC3CCCCC3)n2)CC1)N1Cc2ccccc2C#Cc2ccccc21,0.9999999,-1.9345,0.9980568,123.3700,1.0000000,239.2390,0.9968477,2.0000,0.0969124,3.7755,1.0000000,1.0000,1.0000000,1.0000,[],[],13
24.1514,56.1673,-49.9659,0.0484479,COC(=O)N1CCN(C(=O)OC(COC(=O)N2CCN(C3CCC(CN)CC3)CC2)n2cnc(N3CCN(C(=O)N4Cc5ccccc5C#Cc5ccccc54)CC3)n2)CC1,1,c12ccccc1C#Cc1ccccc1CN2*|NCC1CCC(*)CC1,O=C([*])N1CCN(c2ncn(C(OC(=O)N3CCN(C(=O)OC)CC3)COC(=O)N3CCN([*])CC3)n2)CC1,O=C(OCC(OC(=O)N1CCNCC1)n1cnc(N2CCN(C(=O)N3Cc4ccccc4C#Cc4ccccc43)CC2)n1)N1CCN(C2CCCCC2)CC1,0.9999996,-1.3825,0.9999792,154.9100,1.0000000,523.5510,0.0000681,6.0000,0.0092304,4.6246,1.0000000,1.0000,1.0000000,1.0000,[],[],13
10.7787,33.8983,12.1029,0.3593846,NCC1CCC(N2CCN(C(=O)N3CCC(N4CCN(C(=O)N5Cc6ccccc6C#Cc6ccccc65)CC4)C3)CC2)CC1,1,c12ccccc1C#Cc1ccccc1CN2*|NCC1CCC(*)CC1,O=C(N1CCC(N2CCN(C(=O)[*])CC2)C1)N1CCN([*])CC1,O=C(N1CCN(C2CCCCC2)CC1)N1CCC(N2CCN(C(=O)N3Cc4ccccc4C#Cc4ccccc43)CC2)C1,0.9999992,-1.1401,0.0472710,59.1300,1.0000000,295.3870,0.9968477,2.0000,0.0510974,4.0151,1.0000000,1.0000,1.0000000,1.0000,[],[],13
19.4737,29.2282,21.4130,0.3956342,NCC1CCC(N2CCN(CC3CS(=O)(=O)CN3C(=O)c3ccc(N4Cc5ccccc5C#Cc5ccccc54)nc3)CC2)CC1,1,c12ccccc1C#Cc1ccccc1CN2*|NCC1CCC(*)CC1,[*]c1ccc(C(=O)N2C(CN3CCN([*])CC3)CS(=O)(=O)C2)cn1,O=C(c1ccc(N2Cc3ccccc3C#Cc3ccccc32)nc1)N1CS(=O)(=O)CC1CN1CCN(C2CCCCC2)CC1,0.9999970,-0.8165,0.5928137,82.6100,1.0000000,324.4060,0.8720069,3.0000,0.0248409,4.2751,1.0000000,1.0000,1.0000000,1.0000,[],[],13
15.1904,34.6311,1.0429,0.2787026,NCC1CCC(N2CC(COC3CN(S(=O)(=O)N4Cc5ccccc5C#Cc5ccccc54)C3)C2)CC1,1,c12ccccc1C#Cc1ccccc1CN2*|NCC1CCC(*)CC1,O(C1CN(S(=O)(=O)[*])C1)CC1CN([*])C1,O=S(=O)(N1CC(OCC2CN(C3CCCCC3)C2)C1)N1Cc2ccccc2C#Cc2ccccc21,0.9999998,-1.5670,0.0441946,58.6400,1.0000000,206.2670,0.1279931,4.0000,0.1095135,3.7281,1.0000000,1.0000,1.0000000,1.0000,[],[],13
9.1422,21.9695,26.7959,0.3809803,NCC1CCC(N2CC(n3cc(C(=O)N4Cc5ccccc5C#Cc5ccccc54)cn3)C2)CC1,1,c12ccccc1C#Cc1ccccc1CN2*|NCC1CCC(*)CC1,c1c(C(=O)[*])cnn1C1CN([*])C1,O=C(c1cnn(C2CN(C3CCCCC3)C2)c1)N1Cc2ccccc2C#Cc2ccccc21,0.9999632,-0.1601,0.0084879,46.9200,0.9826661,151.1690,0.9968477,2.0000,0.1586413,3.5797,1.0000000,1.0000,1.0000000,1.0000,[],[],13
14.0998,37.3721,11.8384,0.3844572,NCC1CCC(N2CCN(Cc3nnc4c(N5CCN(C(=O)N6Cc7ccccc7C#Cc7ccccc76)CC5)ncnn34)CC2)CC1,1,c12ccccc1C#Cc1ccccc1CN2*|NCC1CCC(*)CC1,N1(C([*])=O)CCN(c2ncnn3c2nnc3CN2CCN([*])CC2)CC1,O=C(N1CCN(c2ncnn3c(CN4CCN(C5CCCCC5)CC4)nnc23)CC1)N1Cc2ccccc2C#Cc2ccccc21,0.9999999,-1.7971,0.8936380,94.7900,1.0000000,331.3840,0.1279931,4.0000,0.1002957,3.7623,1.0000000,1.0000,1.0000000,1.0000,[],[],13
8.5129,43.5297,21.1766,0.5055180,Cn1c(N2CCN(C(=O)N3Cc4ccccc4C#Cc4ccccc43)CC2)nnc1N1CCN(C2CCC(CN)CC2)CC1,1,c1cccc2c1C#Cc1c(cccc1)CN2*|C1C(CN)CCC(*)C1,C1CN(C([*])=O)CCN1c1nnc(N2CCN([*])CC2)n1C,O=C(N1CCN(c2nnc(N3CCN(C4CCCCC4)CC3)[nH]2)CC1)N1Cc2ccccc2C#Cc2ccccc21,0.9999998,-1.4969,0.1814203,69.5300,1.0000000,279.3480,0.8720069,3.0000,0.1320171,3.6543,1.0000000,1.0000,1.0000000,1.0000,[],[],14
13.8601,44.8980,-44.8980,0.0000000,[*]S(N1CCN(c2ncc(N3CCN([*])CC3)nc2)(=O)=O)C1(C)C,0,c1cccc2c1C#Cc1c(cccc1)CN2*|C1C(CN)CCC(*)C1,[*]S(N1CCN(c2ncc(N3CCN([*])CC3)nc2)(=O)=O)C1(C)C,,0.0000000,0.0000,0.0000000,0.0000,0.0000000,0.0000,0.0000000,0.0000,0.0000000,0.0000,0.0000000,0.0000,0.0000000,0.0000,None,None,14
22.5921,55.3854,-30.6754,0.1930470,COC(=O)N(C(=O)N1Cc2ccccc2C#Cc2ccccc21)C1CCN1c1ncn(C2CCN(C3CCC(CN)CC3)C2)n1,1,c1cccc2c1C#Cc1c(cccc1)CN2*|C1C(CN)CCC(*)C1,c1(N2C(N(C([*])=O)C(=O)OC)CC2)ncn(C2CN([*])CC2)n1,O=C(NC1CCN1c1ncn(C2CCN(C3CCCCC3)C2)n1)N1Cc2ccccc2C#Cc2ccccc21,0.9999868,-0.4265,0.8595849,92.5900,1.0000000,294.3150,0.1279931,4.0000,0.0049353,4.8436,1.0000000,1.0000,1.0000000,1.0000,[],[],14
4.8225,12.8148,22.0263,0.2721959,NCC1CCC(N2CCN(c3ccc(N4Cc5ccccc5C#Cc5ccccc54)cc3)CC2)CC1,1,c1cccc2c1C#Cc1c(cccc1)CN2*|C1C(CN)CCC(*)C1,c1cc([*])ccc1N1CCN([*])CC1,C1#Cc2ccccc2N(c2ccc(N3CCN(C4CCCCC4)CC3)cc2)Cc2ccccc21,0.9954464,1.0962,0.0000900,15.2700,1.0000000,162.2360,0.9999319,1.0000,0.3453978,3.2221,1.0000000,1.0000,1.0000000,1.0000,[],[],14
12.6615,53.2526,-53.2526,0.0000000,CN(C(=O)N1CCN(C2CCC(CN)CC2)CC1)C1CN(C(=O)N2CCN(S(=O)(=O)N3Cc4ccccc4C#Cc4ccccc43)C2)C1=O,1,c1cccc2c1C#Cc1c(cccc1)CN2*|C1C(CN)CCC(*)C1,O=S([*])(N1CCN(C(=O)N2C(=O)C(N(C(=O)N3CCN([*])CC3)C)C2)C1)=O,O=C(NC1CN(C(=O)N2CCN(S(=O)(=O)N3Cc4ccccc4C#Cc4ccccc43)C2)C1=O)N1CCN(C2CCCCC2)CC1,0.0000000,0.0000,0.0000000,0.0000,0.0000000,0.0000,0.0000000,0.0000,0.0000000,0.0000,0.0000000,0.0000,0.0000000,0.0000,['[NX3][CX4][CX3](=O)[NX3][CX3](=O)'],None,14
18.3971,38.8295,19.5968,0.4564554,NCC1CCC(N2CCN(c3ncn(C4CN(C(=O)N5Cc6ccccc6C#Cc6ccccc65)C4)n3)CC2)CC1,1,c1cccc2c1C#Cc1c(cccc1)CN2*|C1C(CN)CCC(*)C1,n1(C2CN(C(=O)[*])C2)nc(N3CCN([*])CC3)nc1,O=C(N1CC(n2cnc(N3CCN(C4CCCCC4)CC3)n2)C1)N1Cc2ccccc2C#Cc2ccccc21,0.9999995,-1.2992,0.1220641,66.2900,1.0000000,236.2790,0.8720069,3.0000,0.1027049,3.7531,1.0000000,1.0000,1.0000000,1.0000,[],[],14
6.4010,16.3586,42.4244,0.4592420,NCC1CCC(N2CCN(c3ccc(S(=O)(=O)N4Cc5ccccc5C#Cc5ccccc54)cc3)CC2)CC1,1,c1cccc2c1C#Cc1c(cccc1)CN2*|C1C(CN)CCC(*)C1,O=S(=O)([*])c1ccc(N2CCN([*])CC2)cc1,O=S(=O)(c1ccc(N2CCN(C3CCCCC3)CC2)cc1)N1Cc2ccccc2C#Cc2ccccc21,0.9999121,0.0665,0.0121014,49.4100,1.0000000,226.3010,0.9968477,2.0000,0.2970548,3.2993,1.0000000,1.0000,1.0000000,1.0000,[],[],14
14.1755,33.2327,13.4613,0.3647966,CN(C(=O)N1Cc2ccccc2C#Cc2ccccc21)c1ncc(S(=O)(=O)N2CCN(C3CCC(CN)CC3)CC2)s1,1,c1cccc2c1C#Cc1c(cccc1)CN2*|C1C(CN)CCC(*)C1,O=S(=O)(c1sc(N(C)C(=O)[*])nc1)N1CCN([*])CC1,O=C(Nc1ncc(S(=O)(=O)N2CCN(C3CCCCC3)CC2)s1)N1Cc2ccccc2C#Cc2ccccc21,0.9999948,-0.6704,0.5928137,82.6100,1.0000000,290.3700,0.1279931,4.0000,0.0977460,3.7722,1.0000000,1.0000,1.0000000,1.0000,[],[],14
17.2990,39.1330,-16.6567,0.1755965,COc1nc(N2CCC(N3CCN(C(=O)N4Cc5ccccc5C#Cc5ccccc54)CC3)CC2)nc(N2CCN(C3CCC(CN)CC3)CC2)n1,1,c1cccc2c1C#Cc1c(cccc1)CN2*|C1C(CN)CCC(*)C1,O(C)c1nc(N2CCC(N3CCN(C(=O)[*])CC3)CC2)nc(N2CCN([*])CC2)n1,O=C(N1CCN(C2CCN(c3ncnc(N4CCN(C5CCCCC5)CC4)n3)CC2)CC1)N1Cc2ccccc2C#Cc2ccccc21,0.9999983,-0.9674,0.8074242,89.9600,1.0000000,390.4920,0.0031523,5.0000,0.0940921,3.7868,1.0000000,1.0000,1.0000000,1.0000,[],[],14
27.6298,68.1039,-68.1039,0.0000000,c1c(Cl)c(N2CCN(C([*])=O)CC2)ccc1N1C(=O)N(N(OCOC(C=C)=O)=O)CCN([*])C1,0,c1cccc2c1C#Cc1c(cccc1)CN2*|C1C(CN)CCC(*)C1,c1c(Cl)c(N2CCN(C([*])=O)CC2)ccc1N1C(=O)N(N(OCOC(C=C)=O)=O)CCN([*])C1,,0.0000000,0.0000,0.0000000,0.0000,0.0000000,0.0000,0.0000000,0.0000,0.0000000,0.0000,0.0000000,0.0000,0.0000000,0.0000,None,None,14
18.5037,44.8539,7.2564,0.4071120,CC1C(=O)N(c2ccc(N3CCN(S(=O)(=O)N4Cc5ccccc5C#Cc5ccccc54)CC3)cn2)CCN1C1CCC(CN)CC1,1,c1cccc2c1C#Cc1c(cccc1)CN2*|C1C(CN)CCC(*)C1,O=S(=O)([*])N1CCN(c2ccc(N3CCN([*])C(C)C3=O)nc2)CC1,O=C1CN(C2CCCCC2)CCN1c1ccc(N2CCN(S(=O)(=O)N3Cc4ccccc4C#Cc4ccccc43)CC2)cn1,0.9999982,-0.9453,0.6988615,85.8500,1.0000000,339.4210,0.8720069,3.0000,0.0259465,4.2596,1.0000000,1.0000,1.0000000,1.0000,[],[],14
14.5273,36.7814,29.2997,0.5162585,NCC1CCC(N2CC(n3cc(O)nc3S(=O)(=O)N3Cc4ccccc4C#Cc4ccccc43)C2)CC1,1,c1cccc2c1C#Cc1c(cccc1)CN2*|C1C(CN)CCC(*)C1,c1c(O)nc(S(=O)(=O)[*])n1C1CN([*])C1,O=S(=O)(c1nccn1C1CN(C2CCCCC2)C1)N1Cc2ccccc2C#Cc2ccccc21,0.9999995,-1.2967,0.6473262,84.2200,1.0000000,203.2230,0.9968477,2.0000,0.0679655,3.9097,1.0000000,1.0000,1.0000000,1.0000,[],[],14
12.2929,36.1143,-36.1143,0.0000000,n1c(S(=O)(=O)[*])nnc1N1CCN([*])CC1,0,c1cccc2c1C#Cc1c(cccc1)CN2*|C1C(CN)CCC(*)C1,n1c(S(=O)(=O)[*])nnc1N1CCN([*])CC1,,0.0000000,0.0000,0.0000000,0.0000,0.0000000,0.0000,0.0000000,0.0000,0.0000000,0.0000,0.0000000,0.0000,0.0000000,0.0000,None,None,14
8.7358,22.0870,34.6551,0.4432971,NCC1CCC(N2CCN(c3ccc(OC(=O)N4Cc5ccccc5C#Cc5ccccc54)nc3)CC2)CC1,1,c1cccc2c1C#Cc1c(cccc1)CN2*|C1C(CN)CCC(*)C1,n1c(OC(=O)[*])ccc(N2CCN([*])CC2)c1,O=C(Oc1ccc(N2CCN(C3CCCCC3)CC2)cn1)N1Cc2ccccc2C#Cc2ccccc21,0.9999246,0.0264,0.0247106,54.4600,1.0000000,207.2330,0.8720069,3.0000,0.2007154,3.4801,1.0000000,1.0000,1.0000000,1.0000,[],[],14
6.3452,12.4247,35.9897,0.3782377,NCC1CCC(N2CCN(c3ccc(N4Cc5ccccc5C#Cc5ccccc54)nn3)CC2)CC1,1,c1cccc2c1C#Cc1c(cccc1)CN2*|C1C(CN)CCC(*)C1,n1nc([*])ccc1N1CCN([*])CC1,C1#Cc2ccccc2N(c2ccc(N3CCN(C4CCCCC4)CC3)nn2)Cc2ccccc21,0.9999560,-0.1138,0.0036646,41.0500,1.0000000,164.2120,0.9999319,1.0000,0.2291902,3.4214,1.0000000,1.0000,1.0000000,1.0000,[],[],14
13.7144,41.7199,3.4344,0.3527679,NCC1CCC(N2CCN(S(=O)(=O)n3ncc(N4CCN(C(=O)N5Cc6ccccc6C#Cc6ccccc65)CC4)n3)CC2)CC1,1,c1cccc2c1C#Cc1c(cccc1)CN2*|C1C(CN)CCC(*)C1,O=S(=O)(n1ncc(N2CCN(C(=O)[*])CC2)n1)N1CCN([*])CC1,O=C(N1CCN(c2cnn(S(=O)(=O)N3CCN(C4CCCCC4)CC3)n2)CC1)N1Cc2ccccc2C#Cc2ccccc21,1.0000000,-2.4454,0.9679036,103.6700,1.0000000,329.3860,0.1279931,4.0000,0.0660036,3.9206,1.0000000,1.0000,1.0000000,1.0000,[],[],14
6.7940,16.9409,36.1131,0.4144843,NCC1CCC(Oc2ccc(N3CCN(C(=O)N4Cc5ccccc5C#Cc5ccccc54)CC3)cc2)CC1,1,c1cccc2c1C#Cc1c(cccc1)CN2*|C1C(CN)CCC(*)C1,O(c1ccc(N2CCN(C(=O)[*])CC2)cc1)[*],O=C(N1CCN(c2ccc(OC3CCCCC3)cc2)CC1)N1Cc2ccccc2C#Cc2ccccc21,0.9991075,0.6706,0.0054186,43.7800,1.0000000,206.2450,0.9968477,2.0000,0.2829516,3.3231,1.0000000,1.0000,1.0000000,1.0000,[],[],14
19.0169,53.7000,11.1557,0.5066847,NCC1CCC(N2CCN(C(=O)ON3CN(C(=O)NS(=O)(=O)N4Cc5ccccc5C#Cc5ccccc54)C3=O)CC2)CC1,1,c1cccc2c1C#Cc1c(cccc1)CN2*|C1C(CN)CCC(*)C1,N1(C(NS(=O)(=O)[*])=O)C(=O)N(OC(N2CCN([*])CC2)=O)C1,O=C(ON1CN(C(=O)NS(=O)(=O)N2Cc3ccccc3C#Cc3ccccc32)C1=O)N1CCN(C2CCCCC2)CC1,1.0000000,-2.1257,0.9990514,128.3600,1.0000000,307.2880,0.9968477,2.0000,0.0503833,4.0202,1.0000000,1.0000,1.0000000,1.0000,[],[],14
5.0688,19.4342,-19.0385,0.0030915,NCC1CCC(N2CCN(c3ccc(OC(=O)N4Cc5ccccc5C#Cc5ccccc54)cc3)CC2)CC1,1,c1cccc2c1C#Cc1c(cccc1)CN2*|C1C(CN)CCC(*)C1,c1c(OC(=O)[*])ccc(N2CCN([*])CC2)c1,O=C(Oc1ccc(N2CCN(C3CCCCC3)CC2)cc1)N1Cc2ccccc2C#Cc2ccccc21,0.9999319,0.0000,0.0000100,0.0000,0.0000000,0.0000,0.9999985,0.0000,0.2862643,3.3174,1.0000000,1.0000,1.0000000,1.0000,[],[],14
6.9459,20.3411,-20.3411,0.0000000,NCC1CCC(N2CCN(C(=O)N3CCN(C(=O)N4Cc5ccccc5C#Cc5ccccc54)CC3)CC2)CC1,1,c1cccc2c1C#Cc1c(cccc1)CN2*|C1C(CN)CCC(*)C1,O=C(N1CCN(C(=O)[*])CC1)N1CCN([*])CC1,O=C(N1CCN(C(=O)N2Cc3ccccc3C#Cc3ccccc32)CC1)N1CCN(C2CCCCC2)CC1,0.9999993,-1.2144,0.0301865,55.8900,1.0000000,226.2800,0.9999319,1.0000,0.2166920,3.4465,1.0000000,1.0000,1.0000000,1.0000,[],[],14
11.8712,22.1038,62.3740,0.6599824,NCC1CCC(Nc2ccc(C(=O)N3CCN(C(=O)N4Cc5ccccc5C#Cc5ccccc54)CC3)cn2)CC1,1,c1cccc2c1C#Cc1c(cccc1)CN2*|C1C(CN)CCC(*)C1,c1c(C(N2CCN(C([*])=O)CC2)=O)ccc(N[*])n1,O=C(c1ccc(NC2CCCCC2)nc1)N1CCN(C(=O)N2Cc3ccccc3C#Cc3ccccc32)CC1,0.9999865,-0.4220,0.4830968,79.5300,1.0000000,234.2590,0.9968477,2.0000,0.2318276,3.4162,1.0000000,1.0000,1.0000000,1.0000,[],[],14
16.3215,42.3447,7.7062,0.3910227,CN(C(=O)N1CCN(C2CCC(CN)CC2)CC1)c1cn(C2CCCN(C(=O)N3Cc4ccccc4C#Cc4ccccc43)C2)nn1,1,c1cccc2c1C#Cc1c(cccc1)CN2*|C1C(CN)CCC(*)C1,c1n(C2CN(C([*])=O)CCC2)nnc1N(C(=O)N1CCN([*])CC1)C,O=C(Nc1cn(C2CCCN(C(=O)N3Cc4ccccc4C#Cc4ccccc43)C2)nn1)N1CCN(C2CCCCC2)CC1,0.9999887,-0.4672,0.7210782,86.6000,1.0000000,321.3850,0.8720069,3.0000,0.0213912,4.3283,1.0000000,1.0000,1.0000000,1.0000,[],[],14
6.0727,17.1001,-17.1001,0.0000000,NCC1CCC(N2CCN(c3ccc(S(=O)(=O)N4Cc5ccccc5C#Cc5ccccc54)cn3)CC2)CC1,1,c1cccc2c1C#Cc1c(cccc1)CN2*|C1C(CN)CCC(*)C1,c1(S([*])(=O)=O)ccc(N2CCN([*])CC2)nc1,O=S(=O)(c1ccc(N2CCN(C3CCCCC3)CC2)nc1)N1Cc2ccccc2C#Cc2ccccc21,0.9999319,0.0000,0.0000100,0.0000,0.0000000,0.0000,0.9999985,0.0000,0.2368830,3.4064,1.0000000,1.0000,1.0000000,1.0000,[],[],14
5.7427,24.7100,21.5764,0.3616125,NCC1CCC(N2CCN(c3ccc(N4CCN(C(=O)N5Cc6ccccc6C#Cc6ccccc65)CC4)cc3)CC2)CC1,1,c1cccc2c1C#Cc1c(cccc1)CN2*|C1C(CN)CCC(*)C1,c1c(N2CCN(C(=O)[*])CC2)ccc(N2CCN([*])CC2)c1,O=C(N1CCN(c2ccc(N3CCN(C4CCCCC4)CC3)cc2)CC1)N1Cc2ccccc2C#Cc2ccccc21,0.9997132,0.3746,0.0026613,38.8200,1.0000000,274.3680,0.8720069,3.0000,0.2496788,3.3823,1.0000000,1.0000,1.0000000,1.0000,[],[],14
14.2506,39.7540,39.0312,0.6155097,NCC1CCC(N2CCN(C(=O)N3CC(=O)N(c4ccc(S(=O)(=O)N5Cc6ccccc6C#Cc6ccccc65)cc4)C3)CC2)CC1,1,c1cccc2c1C#Cc1c(cccc1)CN2*|C1C(CN)CCC(*)C1,c1(S([*])(=O)=O)ccc(N2C(=O)CN(C(=O)N3CCN([*])CC3)C2)cc1,O=C(N1CCN(C2CCCCC2)CC1)N1CC(=O)N(c2ccc(S(=O)(=O)N3Cc4ccccc4C#Cc4ccccc43)cc2)C1,0.9999956,-0.7118,0.8089857,90.0300,1.0000000,338.3890,0.9968477,2.0000,0.1317950,3.6550,1.0000000,1.0000,1.0000000,1.0000,[],[],14
6.6889,18.0963,-18.0963,0.0000000,NCC1CCC(N2CCN(c3ccc(S(=O)(=O)N4Cc5ccccc5C#Cc5ccccc54)cn3)CC2)CC1,2,c1cccc2c1C#Cc1c(cccc1)CN2*|C1C(CN)CCC(*)C1,O=S([*])(=O)c1ccc(N2CCN([*])CC2)nc1,O=S(=O)(c1ccc(N2CCN(C3CCCCC3)CC2)nc1)N1Cc2ccccc2C#Cc2ccccc21,0.0000000,0.0000,0.0000000,0.0000,0.0000000,0.0000,0.0000000,0.0000,0.0000000,3.4064,0.0000000,1.0000,0.0000000,1.0000,[],[],14
6.0416,13.7100,32.2759,0.3592647,NCC1CCC(N2CCN(c3ccc(C(=O)N4Cc5ccccc5C#Cc5ccccc54)cc3)CC2)CC1,1,c1cccc2c1C#Cc1c(cccc1)CN2*|C1C(CN)CCC(*)C1,c1c(C(=O)[*])ccc(N2CCN([*])CC2)c1,O=C(c1ccc(N2CCN(C3CCCCC3)CC2)cc1)N1Cc2ccccc2C#Cc2ccccc21,0.9977773,0.9087,0.0010490,32.3400,1.0000000,190.2460,0.9968477,2.0000,0.3432631,3.2254,1.0000000,1.0000,1.0000000,1.0000,[],[],14
4.7971,12.0923,37.3318,0.3861262,NCC1CCC(N2CCN(S(=O)(=O)N3Cc4ccccc4C#Cc4ccccc43)CC2)CC1,1,c1cccc2c1C#Cc1c(cccc1)CN2*|C1C(CN)CCC(*)C1,O=S(=O)([*])N1CCN([*])CC1,O=S(=O)(N1CCN(C2CCCCC2)CC1)N1Cc2ccccc2C#Cc2ccccc21,0.9999998,-1.5820,0.0121014,49.4100,0.6684421,150.2030,0.9999319,1.0000,0.2066108,3.4675,1.0000000,1.0000,1.0000000,1.0000,[],[],14
10.5015,51.7980,-7.0021,0.3499680,NCC1CCC(N2CCN(C(=O)ON3CCN(S(=O)(=O)N4CCN(C(=O)N5Cc6ccccc6C#Cc6ccccc65)CC4)C3)CC2)CC1,1,c1cccc2c1C#Cc1c(cccc1)CN2*|C1C(CN)CCC(*)C1,O=S(=O)(N1CCN(C(=O)[*])CC1)N1CCN(OC(=O)N2CCN([*])CC2)C1,O=C(ON1CCN(S(=O)(=O)N2CCN(C(=O)N3Cc4ccccc4C#Cc4ccccc43)CC2)C1)N1CCN(C2CCCCC2)CC1,1.0000000,-2.4629,0.9759736,105.7400,1.0000000,376.4390,0.1279931,4.0000,0.0634655,3.9352,1.0000000,1.0000,1.0000000,1.0000,[],[],14
6.2902,18.3188,-18.3188,0.0000000,NCC1CCC(N2CCN(c3ccc(S(=O)(=O)N4Cc5ccccc5C#Cc5ccccc54)cn3)CC2)CC1,2,c1cccc2c1C#Cc1c(cccc1)CN2*|C1C(CN)CCC(*)C1,O=S(=O)([*])c1ccc(N2CCN([*])CC2)nc1,O=S(=O)(c1ccc(N2CCN(C3CCCCC3)CC2)nc1)N1Cc2ccccc2C#Cc2ccccc21,0.0000000,0.0000,0.0000000,0.0000,0.0000000,0.0000,0.0000000,0.0000,0.0000000,3.4064,0.0000000,1.0000,0.0000000,1.0000,[],[],14
22.0105,49.5036,16.6318,0.5166831,CN(CC(=O)N1CCN(C(=O)C(=O)O)C(=O)N1c1ccc(N2Cc3ccccc3C#Cc3ccccc32)cc1)C1CCC(CN)CC1,1,c1cccc2c1C#Cc1c(cccc1)CN2*|C1C(CN)CCC(*)C1,c1c([*])ccc(N2C(=O)N(C(C(=O)O)=O)CCN2C(CN(C)[*])=O)c1,O=C(CNC1CCCCC1)N1CCNC(=O)N1c1ccc(N2Cc3ccccc3C#Cc3ccccc32)cc1,0.9999899,-0.4972,0.9873174,110.2600,1.0000000,320.3050,0.8720069,3.0000,0.0623010,3.9421,1.0000000,1.0000,1.0000000,1.0000,[],[],14
5.2252,19.3005,-19.3005,0.0000000,NCC1CCC(N2CCN(c3ccc(OC(=O)N4Cc5ccccc5C#Cc5ccccc54)cc3)CC2)CC1,2,c1cccc2c1C#Cc1c(cccc1)CN2*|C1C(CN)CCC(*)C1,c1(OC(=O)[*])ccc(N2CCN([*])CC2)cc1,O=C(Oc1ccc(N2CCN(C3CCCCC3)CC2)cc1)N1Cc2ccccc2C#Cc2ccccc21,0.0000000,0.0000,0.0000000,0.0000,0.0000000,0.0000,0.0000000,0.0000,0.0000000,3.3174,0.0000000,1.0000,0.0000000,1.0000,[],[],14
4.5778,22.8059,-22.8059,0.0000000,NCC1CCC(N2CCN(c3ccc(N4CCN(S(=O)(=O)N5Cc6ccccc6C#Cc6ccccc65)CC4)cc3)CC2)CC1,1,c1c2c(ccc1)CN(*)c1c(cccc1)C#C2|C(N)C1CCC(*)CC1,O=S(=O)([*])N1CCN(c2ccc(N3CCN([*])CC3)cc2)CC1,O=S(=O)(N1CCN(c2ccc(N3CCN(C4CCCCC4)CC3)cc2)CC1)N1Cc2ccccc2C#Cc2ccccc21,0.9999319,0.0000,0.0000100,0.0000,0.0000000,0.0000,0.9999985,0.0000,0.2019707,3.4774,1.0000000,1.0000,1.0000000,1.0000,[],[],15
7.4497,25.8959,-25.8959,0.0000000,NCC1CCC(N2CCN(c3ccc(N4CCN(S(=O)(=O)N5Cc6ccccc6C#Cc6ccccc65)CC4)cc3)CC2)CC1,2,c1c2c(ccc1)CN(*)c1c(cccc1)C#C2|C(N)C1CCC(*)CC1,[*]S(=O)(N1CCN(c2ccc(N3CCN([*])CC3)cc2)CC1)=O,O=S(=O)(N1CCN(c2ccc(N3CCN(C4CCCCC4)CC3)cc2)CC1)N1Cc2ccccc2C#Cc2ccccc21,0.0000000,0.0000,0.0000000,0.0000,0.0000000,0.0000,0.0000000,0.0000,0.0000000,3.4774,0.0000000,1.0000,0.0000000,1.0000,[],[],15
11.7503,27.0793,18.6393,0.3571764,NCC1CCC(N2CC(Oc3ccc(NS(=O)(=O)N4Cc5ccccc5C#Cc5ccccc54)cc3)C2)CC1,1,c1c2c(ccc1)CN(*)c1c(cccc1)C#C2|C(N)C1CCC(*)CC1,c1cc(NS(=O)([*])=O)ccc1OC1CN([*])C1,O=S(=O)(Nc1ccc(OC2CN(C3CCCCC3)C2)cc1)N1Cc2ccccc2C#Cc2ccccc21,0.9999380,-0.0245,0.1407629,67.4300,1.0000000,228.2730,0.1279931,4.0000,0.1828095,3.5203,1.0000000,1.0000,1.0000000,1.0000,[],[],15
4.0876,15.3090,-15.3090,0.0000000,NCC1CCC(N2CCN(c3ccc(S(=O)(=O)N4Cc5ccccc5C#Cc5ccccc54)cc3)CC2)CC1,1,c1c2c(ccc1)CN(*)c1c(cccc1)C#C2|C(N)C1CCC(*)CC1,c1cc(S([*])(=O)=O)ccc1N1CCN([*])CC1,O=S(=O)(c1ccc(N2CCN(C3CCCCC3)CC2)cc1)N1Cc2ccccc2C#Cc2ccccc21,0.9999319,0.0000,0.0000100,0.0000,0.0000000,0.0000,0.9999985,0.0000,0.2970548,3.2993,1.0000000,1.0000,1.0000000,1.0000,[],[],15
14.7029,22.2908,62.2660,0.6606004,CN1CCN(S(=O)(=O)c2cc(S(=O)(=O)N3Cc4ccccc4C#Cc4ccccc43)ccc2NC2CCC(CN)CC2)CC1,1,c1c2c(ccc1)CN(*)c1c(cccc1)C#C2|C(N)C1CCC(*)CC1,c1(S(=O)(=O)[*])ccc(N[*])c(S(=O)(=O)N2CCN(C)CC2)c1,O=S(=O)(c1cc(S(=O)(=O)N2Cc3ccccc3C#Cc3ccccc32)ccc1NC1CCCCC1)N1CCNCC1,0.9999971,-0.8248,0.9521423,100.7800,1.0000000,319.4080,0.8720069,3.0000,0.1870309,3.5105,1.0000000,1.0000,1.0000000,1.0000,[],[],15
7.3762,14.4148,39.7423,0.4231021,NCC1CCC(N2CCN(c3ccc(C(=O)N4Cc5ccccc5C#Cc5ccccc54)cn3)CC2)CC1,1,c1c2c(ccc1)CN(*)c1c(cccc1)C#C2|C(N)C1CCC(*)CC1,c1c(C(=O)[*])ccc(N2CCN([*])CC2)n1,O=C(c1ccc(N2CCN(C3CCCCC3)CC2)nc1)N1Cc2ccccc2C#Cc2ccccc21,0.9997815,0.3037,0.0066676,45.2300,1.0000000,191.2340,0.9968477,2.0000,0.2790632,3.3298,1.0000000,1.0000,1.0000000,1.0000,[],[],15
13.9725,23.1766,59.0644,0.6425071,NCC1CCC(Nc2ncnc(N3CCN(S(=O)(=O)N4Cc5ccccc5C#Cc5ccccc54)CC3)n2)CC1,1,c1c2c(ccc1)CN(*)c1c(cccc1)C#C2|C(N)C1CCC(*)CC1,N1(S(=O)(=O)[*])CCN(c2ncnc(N[*])n2)CC1,O=S(=O)(N1CCN(c2ncnc(NC3CCCCC3)n2)CC1)N1Cc2ccccc2C#Cc2ccccc21,0.9999999,-1.8978,0.9744790,105.3100,1.0000000,244.2800,0.9968477,2.0000,0.1450477,3.6163,1.0000000,1.0000,1.0000000,1.0000,[],[],15
11.9376,22.8237,38.8667,0.4819565,NCC1CCC(N2CCN(c3cnn(S(=O)(=O)N4Cc5ccccc5C#Cc5ccccc54)c3)CC2)CC1,1,c1c2c(ccc1)CN(*)c1c(cccc1)C#C2|C(N)C1CCC(*)CC1,n1(S(=O)(=O)[*])ncc(N2CCN([*])CC2)c1,O=S(=O)(N1Cc2ccccc2C#Cc2ccccc21)n1cc(N2CCN(C3CCCCC3)CC2)cn1,0.9999996,-1.3328,0.1373176,67.2300,1.0000000,216.2660,0.9968477,2.0000,0.1090450,3.7298,1.0000000,1.0000,1.0000000,1.0000,[],[],15
7.1805,17.0332,-17.0332,0.0000000,NCC1CCC(N2CCN(c3ccc(S(=O)(=O)N4Cc5ccccc5C#Cc5ccccc54)cn3)CC2)CC1,1,c1c2c(ccc1)CN(*)c1c(cccc1)C#C2|C(N)C1CCC(*)CC1,c1c(S([*])(=O)=O)cnc(N2CCN([*])CC2)c1,O=S(=O)(c1ccc(N2CCN(C3CCCCC3)CC2)nc1)N1Cc2ccccc2C#Cc2ccccc21,0.9999319,0.0000,0.0000100,0.0000,0.0000000,0.0000,0.9999985,0.0000,0.2368830,3.4064,1.0000000,1.0000,1.0000000,1.0000,[],[],15
3.0068,13.8616,-13.8616,0.0000000,NCC1CCC(N2CCN(c3ccc(S(=O)(=O)N4Cc5ccccc5C#Cc5ccccc54)cc3)CC2)CC1,2,c1c2c(ccc1)CN(*)c1c(cccc1)C#C2|C(N)C1CCC(*)CC1,c1(S(=O)(=O)[*])ccc(N2CCN([*])CC2)cc1,O=S(=O)(c1ccc(N2CCN(C3CCCCC3)CC2)cc1)N1Cc2ccccc2C#Cc2ccccc21,0.0000000,0.0000,0.0000000,0.0000,0.0000000,0.0000,0.0000000,0.0000,0.0000000,3.2993,0.0000000,1.0000,0.0000000,1.0000,[],[],15
20.0768,34.1064,16.9184,0.3986312,NCC1CCC(Oc2ccc(O)c(N3CCN(c4ccc(NC(=O)N5Cc6ccccc6C#Cc6ccccc65)cc4)CC3)c2)CC1,1,c1c2c(ccc1)CN(*)c1c(cccc1)C#C2|C(N)C1CCC(*)CC1,c1cc(O)c(N2CCN(c3ccc(NC(=O)[*])cc3)CC2)cc1O[*],O=C(Nc1ccc(N2CCN(c3cccc(OC4CCCCC4)c3)CC2)cc1)N1Cc2ccccc2C#Cc2ccccc21,0.8751012,1.9927,0.3612623,76.0400,1.0000000,313.3570,0.1279931,4.0000,0.2113859,3.4574,1.0000000,1.0000,1.0000000,1.0000,[],[],15
12.4043,31.3221,5.4929,0.2876170,NCC1CCC(N2CCN(c3ccc(N4CCC(NS(=O)(=O)N5Cc6ccccc6C#Cc6ccccc65)C4=O)cc3F)CC2)CC1,1,c1c2c(ccc1)CN(*)c1c(cccc1)C#C2|C(N)C1CCC(*)CC1,Fc1cc(N2C(=O)C(NS(=O)([*])=O)CC2)ccc1N1CCN([*])CC1,O=C1C(NS(=O)(=O)N2Cc3ccccc3C#Cc3ccccc32)CCN1c1ccc(N2CCN(C3CCCCC3)CC2)cc1,0.9999915,-0.5434,0.5626307,81.7500,1.0000000,342.3960,0.1279931,4.0000,0.0352539,4.1498,1.0000000,1.0000,1.0000000,1.0000,[],[],15
2.9243,15.2302,-15.2302,0.0000000,NCC1CCC(N2CCN(c3ccc(S(=O)(=O)N4Cc5ccccc5C#Cc5ccccc54)cc3)CC2)CC1,2,c1c2c(ccc1)CN(*)c1c(cccc1)C#C2|C(N)C1CCC(*)CC1,c1cc(S(=O)(=O)[*])ccc1N1CCN([*])CC1,O=S(=O)(c1ccc(N2CCN(C3CCCCC3)CC2)cc1)N1Cc2ccccc2C#Cc2ccccc21,0.0000000,0.0000,0.0000000,0.0000,0.0000000,0.0000,0.0000000,0.0000,0.0000000,3.2993,0.0000000,1.0000,0.0000000,1.0000,[],[],15
4.8840,14.6009,-14.6009,0.0000000,NCC1CCC(N2CCN(c3ccc(S(=O)(=O)N4Cc5ccccc5C#Cc5ccccc54)cc3)CC2)CC1,2,c1c2c(ccc1)CN(*)c1c(cccc1)C#C2|C(N)C1CCC(*)CC1,N1(c2ccc(S(=O)(=O)[*])cc2)CCN([*])CC1,O=S(=O)(c1ccc(N2CCN(C3CCCCC3)CC2)cc1)N1Cc2ccccc2C#Cc2ccccc21,0.0000000,0.0000,0.0000000,0.0000,0.0000000,0.0000,0.0000000,0.0000,0.0000000,3.2993,0.0000000,1.0000,0.0000000,1.0000,[],[],15
19.1436,37.6054,14.8469,0.4097840,NCC1CCC(Nc2ccc(OS(=O)(=O)N3CCN(C(=O)N4Cc5ccccc5C#Cc5ccccc54)CC3)cc2F)CC1,1,c1c2c(ccc1)CN(*)c1c(cccc1)C#C2|C(N)C1CCC(*)CC1,Fc1cc(OS(=O)(=O)N2CCN(C(=O)[*])CC2)ccc1N[*],O=C(N1CCN(S(=O)(=O)Oc2ccc(NC3CCCCC3)cc2)CC1)N1Cc2ccccc2C#Cc2ccccc21,0.9999677,-0.1945,0.8655550,92.9400,1.0000000,303.3150,0.1279931,4.0000,0.1349400,3.6455,1.0000000,1.0000,1.0000000,1.0000,[],[],15
7.8097,17.5868,-17.1957,0.0030552,NCC1CCC(N2CCN(c3ccc(NC(=O)N4Cc5ccccc5C#Cc5ccccc54)cc3Cl)CC2)CC1,1,c1c2c(ccc1)CN(*)c1c(cccc1)C#C2|C(N)C1CCC(*)CC1,Clc1cc(NC(=O)[*])ccc1N1CCN([*])CC1,O=C(Nc1ccc(N2CCN(C3CCCCC3)CC2)cc1)N1Cc2ccccc2C#Cc2ccccc21,0.9999319,0.0000,0.0000100,0.0000,0.0000000,0.0000,0.9999985,0.0000,0.2717894,3.3424,1.0000000,1.0000,1.0000000,1.0000,[],[],15
2.9243,15.2302,-15.2302,0.0000000,NCC1CCC(N2CCN(c3ccc(S(=O)(=O)N4Cc5ccccc5C#Cc5ccccc54)cc3)CC2)CC1,2,c1c2c(ccc1)CN(*)c1c(cccc1)C#C2|C(N)C1CCC(*)CC1,c1cc(S(=O)(=O)[*])ccc1N1CCN([*])CC1,O=S(=O)(c1ccc(N2CCN(C3CCCCC3)CC2)cc1)N1Cc2ccccc2C#Cc2ccccc21,0.0000000,0.0000,0.0000000,0.0000,0.0000000,0.0000,0.0000000,0.0000,0.0000000,3.2993,0.0000000,1.0000,0.0000000,1.0000,[],[],15
7.1483,14.3994,-14.3994,0.0000000,NCC1CCC(N2CCN(c3ccc(S(=O)(=O)N4Cc5ccccc5C#Cc5ccccc54)cc3)CC2)CC1,2,c1c2c(ccc1)CN(*)c1c(cccc1)C#C2|C(N)C1CCC(*)CC1,C1CN(c2ccc(S([*])(=O)=O)cc2)CCN1[*],O=S(=O)(c1ccc(N2CCN(C3CCCCC3)CC2)cc1)N1Cc2ccccc2C#Cc2ccccc21,0.0000000,0.0000,0.0000000,0.0000,0.0000000,0.0000,0.0000000,0.0000,0.0000000,3.2993,0.0000000,1.0000,0.0000000,1.0000,[],[],15
14.3937,35.6110,-35.6110,0.0000000,O=S(=O)(=O)N1C(=O)N(C(=O)[*])C(=O)C1N1CCN([*])CC1,0,c1c2c(ccc1)CN(*)c1c(cccc1)C#C2|C(N)C1CCC(*)CC1,O=S(=O)(=O)N1C(=O)N(C(=O)[*])C(=O)C1N1CCN([*])CC1,,0.0000000,0.0000,0.0000000,0.0000,0.0000000,0.0000,0.0000000,0.0000,0.0000000,0.0000,0.0000000,0.0000,0.0000000,0.0000,None,None,15
4.2614,14.2018,-14.2018,0.0000000,NCC1CCC(N2CCN(c3ccc(S(=O)(=O)N4Cc5ccccc5C#Cc5ccccc54)cc3)CC2)CC1,2,c1c2c(ccc1)CN(*)c1c(cccc1)C#C2|C(N)C1CCC(*)CC1,c1c(S(=O)([*])=O)ccc(N2CCN([*])CC2)c1,O=S(=O)(c1ccc(N2CCN(C3CCCCC3)CC2)cc1)N1Cc2ccccc2C#Cc2ccccc21,0.0000000,0.0000,0.0000000,0.0000,0.0000000,0.0000,0.0000000,0.0000,0.0000000,3.2993,0.0000000,1.0000,0.0000000,1.0000,[],[],15
7.3648,17.7973,-17.7973,0.0000000,NCC1CCC(N2CCN(c3ccc(NC(=O)N4Cc5ccccc5C#Cc5ccccc54)cc3Cl)CC2)CC1,2,c1c2c(ccc1)CN(*)c1c(cccc1)C#C2|C(N)C1CCC(*)CC1,c1(Cl)cc(NC(=O)[*])ccc1N1CCN([*])CC1,O=C(Nc1ccc(N2CCN(C3CCCCC3)CC2)cc1)N1Cc2ccccc2C#Cc2ccccc21,0.0000000,0.0000,0.0000000,0.0000,0.0000000,0.0000,0.0000000,0.0000,0.0000000,3.3424,0.0000000,1.0000,0.0000000,1.0000,[],[],15
7.0231,16.0087,41.5562,0.4497252,NCC1CCC(N2CCN(c3cccc(S(=O)(=O)N4Cc5ccccc5C#Cc5ccccc54)c3)CC2)CC1,1,c1c2c(ccc1)CN(*)c1c(cccc1)C#C2|C(N)C1CCC(*)CC1,c1ccc(S(=O)(=O)[*])cc1N1CCN([*])CC1,O=S(=O)(c1cccc(N2CCN(C3CCCCC3)CC2)c1)N1Cc2ccccc2C#Cc2ccccc21,0.9999121,0.0665,0.0121014,49.4100,1.0000000,226.3010,0.9968477,2.0000,0.2709076,3.3440,1.0000000,1.0000,1.0000000,1.0000,[],[],15
4.0876,15.3090,-15.3090,0.0000000,NCC1CCC(N2CCN(c3ccc(S(=O)(=O)N4Cc5ccccc5C#Cc5ccccc54)cc3)CC2)CC1,2,c1c2c(ccc1)CN(*)c1c(cccc1)C#C2|C(N)C1CCC(*)CC1,c1cc(S([*])(=O)=O)ccc1N1CCN([*])CC1,O=S(=O)(c1ccc(N2CCN(C3CCCCC3)CC2)cc1)N1Cc2ccccc2C#Cc2ccccc21,0.0000000,0.0000,0.0000000,0.0000,0.0000000,0.0000,0.0000000,0.0000,0.0000000,3.2993,0.0000000,1.0000,0.0000000,1.0000,[],[],15
6.1213,15.7976,-15.7976,0.0000000,NCC1CCC(N2CCN(c3ccc(S(=O)(=O)N4Cc5ccccc5C#Cc5ccccc54)cn3)CC2)CC1,2,c1c2c(ccc1)CN(*)c1c(cccc1)C#C2|C(N)C1CCC(*)CC1,O=S(=O)([*])c1cnc(N2CCN([*])CC2)cc1,O=S(=O)(c1ccc(N2CCN(C3CCCCC3)CC2)nc1)N1Cc2ccccc2C#Cc2ccccc21,0.0000000,0.0000,0.0000000,0.0000,0.0000000,0.0000,0.0000000,0.0000,0.0000000,3.4064,0.0000000,1.0000,0.0000000,1.0000,[],[],15
5.6213,23.7356,43.1999,0.5229335,NCC1CCC(N2CCN(c3ccc(N4CCN(S(=O)(=O)N5Cc6ccccc6C#Cc6ccccc65)CC4)nc3)CC2)CC1,1,c1c2c(ccc1)CN(*)c1c(cccc1)C#C2|C(N)C1CCC(*)CC1,O=S(=O)([*])N1CCN(c2ccc(N3CCN([*])CC3)cn2)CC1,O=S(=O)(N1CCN(c2ccc(N3CCN(C4CCCCC4)CC3)cn2)CC1)N1Cc2ccccc2C#Cc2ccccc21,0.9999975,-0.8604,0.1659388,68.7800,1.0000000,311.4110,0.8720069,3.0000,0.1602225,3.5756,1.0000000,1.0000,1.0000000,1.0000,[],[],15
5.6213,23.7356,-23.7356,0.0000000,NCC1CCC(N2CCN(c3ccc(N4CCN(S(=O)(=O)N5Cc6ccccc6C#Cc6ccccc65)CC4)nc3)CC2)CC1,2,c1c2c(ccc1)CN(*)c1c(cccc1)C#C2|C(N)C1CCC(*)CC1,O=S(=O)([*])N1CCN(c2ccc(N3CCN([*])CC3)cn2)CC1,O=S(=O)(N1CCN(c2ccc(N3CCN(C4CCCCC4)CC3)cn2)CC1)N1Cc2ccccc2C#Cc2ccccc21,0.0000000,-0.8604,0.0000000,68.7800,0.0000000,311.4110,0.0000000,3.0000,0.0000000,3.5756,0.0000000,1.0000,0.0000000,1.0000,[],[],15
3.0068,13.8616,-13.8616,0.0000000,NCC1CCC(N2CCN(c3ccc(S(=O)(=O)N4Cc5ccccc5C#Cc5ccccc54)cc3)CC2)CC1,2,c1c2c(ccc1)CN(*)c1c(cccc1)C#C2|C(N)C1CCC(*)CC1,c1(S(=O)(=O)[*])ccc(N2CCN([*])CC2)cc1,O=S(=O)(c1ccc(N2CCN(C3CCCCC3)CC2)cc1)N1Cc2ccccc2C#Cc2ccccc21,0.0000000,0.0000,0.0000000,0.0000,0.0000000,0.0000,0.0000000,0.0000,0.0000000,3.2993,0.0000000,1.0000,0.0000000,1.0000,[],[],15
9.2206,13.0659,-13.0659,0.0000000,NCC1CCC(Nc2nnc(S(=O)(=O)N3Cc4ccccc4C#Cc4ccccc43)s2)CC1,1,c1c2c(ccc1)CN(*)c1c(cccc1)C#C2|C(N)C1CCC(*)CC1,[*]S(=O)(=O)c1nnc(N[*])s1,O=S(=O)(c1nnc(NC2CCCCC2)s1)N1Cc2ccccc2C#Cc2ccccc21,0.9999979,-0.9094,0.7015804,85.9400,1.0000000,165.1990,0.9999319,1.0000,0.1535591,3.5931,1.0000000,1.0000,1.0000000,1.0000,[],[],15
17.1424,38.6278,10.8379,0.3864504,CS(=O)(=O)N(c1nnn(-c2ccc(S(=O)(=O)N3Cc4ccccc4C#Cc4ccccc43)cc2)n1)C1CCC(CN)CC1,1,c1c2c(ccc1)CN(*)c1c(cccc1)C#C2|C(N)C1CCC(*)CC1,c1cc(S(=O)(=O)[*])ccc1-n1nnc(N([*])S(=O)(=O)C)n1,O=S(=O)(c1ccc(-n2nnc(NC3CCCCC3)n2)cc1)N1Cc2ccccc2C#Cc2ccccc21,0.9999985,-0.9959,0.9982018,123.9100,1.0000000,303.3250,0.1279931,4.0000,0.0970814,3.7748,1.0000000,1.0000,1.0000000,1.0000,[],[],15
15.0872,20.2090,52.1425,0.5652460,NCC1CCC(N2CCC(NS(=O)(=O)c3ccc(N4Cc5ccccc5C#Cc5ccccc54)nc3)CC2)CC1,1,c1c2c(ccc1)CN(*)c1c(cccc1)C#C2|C(N)C1CCC(*)CC1,C1CC(NS(=O)(c2cnc([*])cc2)=O)CCN1[*],O=S(=O)(NC1CCN(C2CCCCC2)CC1)c1ccc(N2Cc3ccccc3C#Cc3ccccc32)nc1,0.9998953,0.1119,0.2171670,71.0900,1.0000000,241.3160,0.8720069,3.0000,0.1972539,3.4876,1.0000000,1.0000,1.0000000,1.0000,[],[],15
9.5707,24.7884,32.0338,0.4439235,NCC1CCC(N2CCN(c3cnc(S(=O)(=O)N4Cc5ccccc5C#Cc5ccccc54)s3)CC2)CC1,1,c1c2c(ccc1)CN(*)c1c(cccc1)C#C2|C(N)C1CCC(*)CC1,[*]S(=O)(=O)c1ncc(N2CCN([*])CC2)s1,O=S(=O)(c1ncc(N2CCN(C3CCCCC3)CC2)s1)N1Cc2ccccc2C#Cc2ccccc21,0.9999891,-0.4770,0.0726125,62.3000,1.0000000,233.3180,0.9968477,2.0000,0.1044453,3.7466,1.0000000,1.0000,1.0000000,1.0000,[],[],15
6.1213,15.7976,-15.7976,0.0000000,NCC1CCC(N2CCN(c3ccc(S(=O)(=O)N4Cc5ccccc5C#Cc5ccccc54)cn3)CC2)CC1,2,c1c2c(ccc1)CN(*)c1c(cccc1)C#C2|C(N)C1CCC(*)CC1,O=S(=O)([*])c1cnc(N2CCN([*])CC2)cc1,O=S(=O)(c1ccc(N2CCN(C3CCCCC3)CC2)nc1)N1Cc2ccccc2C#Cc2ccccc21,0.0000000,0.0000,0.0000000,0.0000,0.0000000,0.0000,0.0000000,0.0000,0.0000000,3.4064,0.0000000,1.0000,0.0000000,1.0000,[],[],15
5.6162,24.4387,21.8477,0.3616125,NCC1CCC(N2CCN(c3ccc(N4CCN(C(=O)N5Cc6ccccc6C#Cc6ccccc65)CC4)cc3)CC2)CC1,1,C1c2ccccc2C#Cc2ccccc2N1*|NCC1CCC(*)CC1,C1CN(c2ccc(N3CCN(C(=O)[*])CC3)cc2)CCN1[*],O=C(N1CCN(c2ccc(N3CCN(C4CCCCC4)CC3)cc2)CC1)N1Cc2ccccc2C#Cc2ccccc21,0.9997132,0.3746,0.0026613,38.8200,1.0000000,274.3680,0.8720069,3.0000,0.2496788,3.3823,1.0000000,1.0000,1.0000000,1.0000,[],[],16
3.5664,17.1649,-16.7519,0.0032263,NCC1CCC(N2CCN(c3ccc(N4Cc5ccccc5C#Cc5ccccc54)cc3)CC2)CC1,1,C1c2ccccc2C#Cc2ccccc2N1*|NCC1CCC(*)CC1,c1c([*])ccc(N2CCN([*])CC2)c1,C1#Cc2ccccc2N(c2ccc(N3CCN(C4CCCCC4)CC3)cc2)Cc2ccccc21,0.9999319,0.0000,0.0000100,0.0000,0.0000000,0.0000,0.9999985,0.0000,0.3453978,3.2221,1.0000000,1.0000,1.0000000,1.0000,[],[],16
7.2784,14.1843,-14.1843,0.0000000,NCC1CCC(Nc2ccc(S(=O)(=O)N3Cc4ccccc4C#Cc4ccccc43)cn2)CC1,1,C1c2ccccc2C#Cc2ccccc2N1*|NCC1CCC(*)CC1,O=S(=O)([*])c1ccc(N[*])nc1,O=S(=O)(c1ccc(NC2CCCCC2)nc1)N1Cc2ccccc2C#Cc2ccccc21,0.9999833,-0.3659,0.2689050,73.0500,1.0000000,158.1820,0.9999319,1.0000,0.2439102,3.3931,1.0000000,1.0000,1.0000000,1.0000,[],[],16
7.2969,24.1817,42.1968,0.5185819,NCC1CCC(Oc2ccc(N3CCN(S(=O)(=O)N4Cc5ccccc5C#Cc5ccccc54)CC3)cc2)CC1,1,C1c2ccccc2C#Cc2ccccc2N1*|NCC1CCC(*)CC1,O=S(=O)([*])N1CCN(c2ccc(O[*])cc2)CC1,O=S(=O)(N1CCN(c2ccc(OC3CCCCC3)cc2)CC1)N1Cc2ccccc2C#Cc2ccccc21,0.9999204,0.0406,0.0597539,60.8500,1.0000000,242.3000,0.9968477,2.0000,0.2281823,3.4234,1.0000000,1.0000,1.0000000,1.0000,[],[],16
3.5664,17.1649,-17.1649,0.0000000,NCC1CCC(N2CCN(c3ccc(N4Cc5ccccc5C#Cc5ccccc54)cc3)CC2)CC1,2,C1c2ccccc2C#Cc2ccccc2N1*|NCC1CCC(*)CC1,c1c([*])ccc(N2CCN([*])CC2)c1,C1#Cc2ccccc2N(c2ccc(N3CCN(C4CCCCC4)CC3)cc2)Cc2ccccc21,0.0000000,0.0000,0.0000000,0.0000,0.0000000,0.0000,0.0000000,0.0000,0.0000000,3.2221,0.0000000,1.0000,0.0000000,1.0000,[],[],16
5.5264,16.5206,23.5561,0.3130991,NCC1CCC(N2CCN(c3ccc(N4Cc5ccccc5C#Cc5ccccc54)nc3)CC2)CC1,1,C1c2ccccc2C#Cc2ccccc2N1*|NCC1CCC(*)CC1,n1c([*])ccc(N2CCN([*])CC2)c1,C1#Cc2ccccc2N(c2ccc(N3CCN(C4CCCCC4)CC3)cn2)Cc2ccccc21,0.9995515,0.4912,0.0005751,28.1600,1.0000000,163.2240,0.9999319,1.0000,0.2519686,3.3781,1.0000000,1.0000,1.0000000,1.0000,[],[],16
20.7117,54.4927,-1.5933,0.4132761,CON=C1N(C(=O)N2CCN(C3CCC(CN)CC3)CC2)CN1c1ccc(N2Cc3ccccc3C#Cc3ccccc32)cc1,1,C1c2ccccc2C#Cc2ccccc2N1*|NCC1CCC(*)CC1,c1cc([*])ccc1N1CN(C(N2CCN([*])CC2)=O)C1=NOC,N=C1N(C(=O)N2CCN(C3CCCCC3)CC2)CN1c1ccc(N2Cc3ccccc3C#Cc3ccccc32)cc1,0.9989671,0.7087,0.0562939,60.4100,1.0000000,289.3390,0.9968477,2.0000,0.0866781,3.8182,1.0000000,1.0000,1.0000000,1.0000,[],[],16
12.2410,32.2917,29.5891,0.4834438,NCC1CCC(N2CCN(C(=O)Oc3ccc4c(c3)CN4C(=O)N3Cc4ccccc4C#Cc4ccccc43)CC2)CC1,1,C1c2ccccc2C#Cc2ccccc2N1*|NCC1CCC(*)CC1,C1N(C([*])=O)c2ccc(OC(N3CCN([*])CC3)=O)cc21,O=C(Oc1ccc2c(c1)CN2C(=O)N1Cc2ccccc2C#Cc2ccccc21)N1CCN(C2CCCCC2)CC1,0.9994001,0.5670,0.0686459,61.8800,1.0000000,261.2810,0.9968477,2.0000,0.1564262,3.5855,1.0000000,1.0000,1.0000000,1.0000,[],[],16
8.8195,38.1266,29.6130,0.5292152,NCC1CCC(N2CCN(S(=O)(=O)N3CCN(c4ccc(N5Cc6ccccc6C#Cc6ccccc65)cn4)CC3)CC2)CC1,1,C1c2ccccc2C#Cc2ccccc2N1*|NCC1CCC(*)CC1,O=S(=O)(N1CCN(c2ccc([*])cn2)CC1)N1CCN([*])CC1,O=S(=O)(N1CCN(c2ccc(N3Cc4ccccc4C#Cc4ccccc43)cn2)CC1)N1CCN(C2CCCCC2)CC1,0.9999943,-0.6464,0.1659388,68.7800,1.0000000,311.4110,0.8720069,3.0000,0.1688661,3.5537,1.0000000,1.0000,1.0000000,1.0000,[],[],16
13.6517,41.1051,29.7132,0.5532679,CN(C(=O)N1CCN(C2CCC(CN)CC2)CC1)c1ccc(N2CCN(C(=O)N3Cc4ccccc4C#Cc4ccccc43)CC2)nn1,1,C1c2ccccc2C#Cc2ccccc2N1*|NCC1CCC(*)CC1,c1cc(N2CCN(C([*])=O)CC2)nnc1N(C(=O)N1CCN([*])CC1)C,O=C(Nc1ccc(N2CCN(C(=O)N3Cc4ccccc4C#Cc4ccccc43)CC2)nn1)N1CCN(C2CCCCC2)CC1,0.9999966,-0.7836,0.6696509,84.9100,1.0000000,333.3960,0.8720069,3.0000,0.1022176,3.7549,1.0000000,1.0000,1.0000000,1.0000,[],[],16
4.0887,17.2429,23.4807,0.3181534,NCC1CCC(N2CCN(c3ccc(N4Cc5ccccc5C#Cc5ccccc54)cn3)CC2)CC1,1,C1c2ccccc2C#Cc2ccccc2N1*|NCC1CCC(*)CC1,[*]c1ccc(N2CCN([*])CC2)nc1,C1#Cc2ccccc2N(c2ccc(N3CCN(C4CCCCC4)CC3)nc2)Cc2ccccc21,0.9995515,0.4912,0.0005751,28.1600,1.0000000,163.2240,0.9999319,1.0000,0.2703631,3.3449,1.0000000,1.0000,1.0000000,1.0000,[],[],16
4.6130,18.2102,-18.2102,0.0000000,NCC1CCC(Oc2ccc(N3CCN(C(=O)N4Cc5ccccc5C#Cc5ccccc54)CC3)cc2)CC1,1,C1c2ccccc2C#Cc2ccccc2N1*|NCC1CCC(*)CC1,c1c(N2CCN(C(=O)[*])CC2)ccc(O[*])c1,O=C(N1CCN(c2ccc(OC3CCCCC3)cc2)CC1)N1Cc2ccccc2C#Cc2ccccc21,0.9991075,0.6706,0.0054186,43.7800,1.0000000,206.2450,0.9968477,2.0000,0.2829516,3.3231,1.0000000,1.0000,1.0000000,1.0000,[],[],16
6.7850,8.6414,-8.0663,0.0044930,NCC1CCC(Oc2ccc(N3Cc4ccccc4C#Cc4ccccc43)cc2)CC1,1,C1c2ccccc2C#Cc2ccccc2N1*|NCC1CCC(*)CC1,[*]c1ccc(O[*])cc1,C1#Cc2ccccc2N(c2ccc(OC3CCCCC3)cc2)Cc2ccccc21,0.9859549,1.3922,0.0001838,20.2300,0.0000000,94.1130,0.9999985,0.0000,0.3508766,3.2137,1.0000000,1.0000,1.0000000,1.0000,[],[],16
5.9388,17.6454,-17.6454,0.0000000,NCC1CCC(N2CCN(C(=O)Oc3ccc(N4Cc5ccccc5C#Cc5ccccc54)cc3)CC2)CC1,1,C1c2ccccc2C#Cc2ccccc2N1*|NCC1CCC(*)CC1,c1cc([*])ccc1OC(=O)N1CCN([*])CC1,O=C(Oc1ccc(N2Cc3ccccc3C#Cc3ccccc32)cc1)N1CCN(C2CCCCC2)CC1,0.9999319,0.0000,0.0000100,0.0000,0.0000000,0.0000,0.9999985,0.0000,0.2966106,3.3000,1.0000000,1.0000,1.0000000,1.0000,[],[],16
13.4495,26.7310,19.0616,0.3577547,NCC1CCC(Oc2ccc(N3CCC(NC(=O)N4Cc5ccccc5C#Cc5ccccc54)C3)cc2)CC1,1,C1c2ccccc2C#Cc2ccccc2N1*|NCC1CCC(*)CC1,C1CC(NC(=O)[*])CN1c1ccc(O[*])cc1,O=C(NC1CCN(c2ccc(OC3CCCCC3)cc2)C1)N1Cc2ccccc2C#Cc2ccccc21,0.9989341,0.7169,0.0189375,52.5700,1.0000000,206.2450,0.8720069,3.0000,0.0893532,3.8066,1.0000000,1.0000,1.0000000,1.0000,[],[],16
9.7891,32.2161,23.4226,0.4346772,NCC1CCC(N2CCN(c3ccc(N4CCN(S(=O)(=O)N5Cc6ccccc6C#Cc6ccccc65)CC4)cc3Cl)CC2)CC1,1,C1c2ccccc2C#Cc2ccccc2N1*|NCC1CCC(*)CC1,c1(Cl)cc(N2CCN(S(=O)(=O)[*])CC2)ccc1N1CCN([*])CC1,O=S(=O)(N1CCN(c2ccc(N3CCN(C4CCCCC4)CC3)cc2)CC1)N1Cc2ccccc2C#Cc2ccccc21,0.9996863,0.3980,0.0301865,55.8900,1.0000000,344.8680,0.8720069,3.0000,0.1666080,3.5593,1.0000000,1.0000,1.0000000,1.0000,[],[],16
3.3045,15.6904,-15.6904,0.0000000,NCC1CCC(N2CCN(c3ccc(N4Cc5ccccc5C#Cc5ccccc54)cc3)CC2)CC1,2,C1c2ccccc2C#Cc2ccccc2N1*|NCC1CCC(*)CC1,c1cc([*])ccc1N1CCN([*])CC1,C1#Cc2ccccc2N(c2ccc(N3CCN(C4CCCCC4)CC3)cc2)Cc2ccccc21,0.0000000,0.0000,0.0000000,0.0000,0.0000000,0.0000,0.0000000,0.0000,0.0000000,3.2221,0.0000000,1.0000,0.0000000,1.0000,[],[],16
4.5467,17.3936,-17.3936,0.0000000,NCC1CCC(N2CCN(c3ccc(S(=O)(=O)N4Cc5ccccc5C#Cc5ccccc54)cc3)CC2)CC1,1,C1c2ccccc2C#Cc2ccccc2N1*|NCC1CCC(*)CC1,O=S(=O)([*])c1ccc(N2CCN([*])CC2)cc1,O=S(=O)(c1ccc(N2CCN(C3CCCCC3)CC2)cc1)N1Cc2ccccc2C#Cc2ccccc21,0.9999319,0.0000,0.0000100,0.0000,0.0000000,0.0000,0.9999985,0.0000,0.2970548,3.2993,1.0000000,1.0000,1.0000000,1.0000,[],[],16
11.7475,46.8022,24.9110,0.5602594,NCC1CCC(N2CCN(C(=O)N3CN(c4ccc(S(=O)(=O)N5Cc6ccccc6C#Cc6ccccc65)cc4)C3)CC2)CC1,1,C1c2ccccc2C#Cc2ccccc2N1*|NCC1CCC(*)CC1,c1cc(S(=O)(=O)[*])ccc1N1CN(C(=O)N2CCN([*])CC2)C1,O=C(N1CCN(C2CCCCC2)CC1)N1CN(c2ccc(S(=O)(=O)N3Cc4ccccc4C#Cc4ccccc43)cc2)C1,0.9999768,-0.2809,0.2663663,72.9600,1.0000000,310.3790,0.9968477,2.0000,0.1518506,3.5976,1.0000000,1.0000,1.0000000,1.0000,[],[],16
7.6799,24.8262,8.1567,0.2576787,NCC1CCC(N2CCN(c3ccc(OC4CN(C(=O)N5Cc6ccccc6C#Cc6ccccc65)C4)cc3)CC2)CC1,1,C1c2ccccc2C#Cc2ccccc2N1*|NCC1CCC(*)CC1,c1c(OC2CN(C([*])=O)C2)ccc(N2CCN([*])CC2)c1,O=C(N1CC(Oc2ccc(N3CCN(C4CCCCC4)CC3)cc2)C1)N1Cc2ccccc2C#Cc2ccccc21,0.9997713,0.3156,0.0062790,44.8100,1.0000000,261.3250,0.1279931,4.0000,0.2057936,3.4692,1.0000000,1.0000,1.0000000,1.0000,[],[],16
39.8153,65.1300,-65.1300,0.0000000,[*]c1ccc(Oc2cccc(N3C(NC(=O)NC4CN([*])C4)=O)cc2)nc2ccccc113,0,C1c2ccccc2C#Cc2ccccc2N1*|NCC1CCC(*)CC1,[*]c1ccc(Oc2cccc(N3C(NC(=O)NC4CN([*])C4)=O)cc2)nc2ccccc113,,0.0000000,0.0000,0.0000000,0.0000,0.0000000,0.0000,0.0000000,0.0000,0.0000000,0.0000,0.0000000,0.0000,0.0000000,0.0000,None,None,16
6.0214,15.7461,-15.7461,0.0000000,NCC1CCC(N2CCN(c3ccc(NC(=O)N4Cc5ccccc5C#Cc5ccccc54)cc3)CC2)CC1,1,C1c2ccccc2C#Cc2ccccc2N1*|NCC1CCC(*)CC1,N1(c2ccc(NC(=O)[*])cc2)CCN([*])CC1,O=C(Nc1ccc(N2CCN(C3CCCCC3)CC2)cc1)N1Cc2ccccc2C#Cc2ccccc21,0.9991281,0.6645,0.0058960,44.3700,1.0000000,205.2610,0.8720069,3.0000,0.3201826,3.2616,1.0000000,1.0000,1.0000000,1.0000,[],[],16
3.4562,12.4731,36.9511,0.3861262,NCC1CCC(N2CCN(S(=O)(=O)N3Cc4ccccc4C#Cc4ccccc43)CC2)CC1,1,C1c2ccccc2C#Cc2ccccc2N1*|NCC1CCC(*)CC1,O=S(=O)([*])N1CCN([*])CC1,O=S(=O)(N1CCN(C2CCCCC2)CC1)N1Cc2ccccc2C#Cc2ccccc21,0.9999998,-1.5820,0.0121014,49.4100,0.6684421,150.2030,0.9999319,1.0000,0.2066108,3.4675,1.0000000,1.0000,1.0000000,1.0000,[],[],16
19.7900,41.1094,6.2957,0.3703529,COc1ccc(C(=O)N2CCN(c3ccc(N4Cc5ccccc5C#Cc5ccccc54)nn3)CC2)cc1N1CCN(C2CCC(CN)CC2)CC1,1,C1c2ccccc2C#Cc2ccccc2N1*|NCC1CCC(*)CC1,c1c(C(=O)N2CCN(c3ccc([*])nn3)CC2)ccc(OC)c1N1CCN([*])CC1,O=C(c1cccc(N2CCN(C3CCCCC3)CC2)c1)N1CCN(c2ccc(N3Cc4ccccc4C#Cc4ccccc43)nn2)CC1,0.9981753,0.8572,0.2915363,73.8300,1.0000000,382.4680,0.1279931,4.0000,0.1492409,3.6047,1.0000000,1.0000,1.0000000,1.0000,[],[],16
5.2144,18.2761,-18.2761,0.0000000,NCC1CCC(N2CCN(C(=O)Oc3ccc(N4Cc5ccccc5C#Cc5ccccc54)cc3)CC2)CC1,2,C1c2ccccc2C#Cc2ccccc2N1*|NCC1CCC(*)CC1,[*]c1ccc(OC(N2CCN([*])CC2)=O)cc1,O=C(Oc1ccc(N2Cc3ccccc3C#Cc3ccccc32)cc1)N1CCN(C2CCCCC2)CC1,0.0000000,0.0000,0.0000000,0.0000,0.0000000,0.0000,0.0000000,0.0000,0.0000000,3.3000,0.0000000,1.0000,0.0000000,1.0000,[],[],16
4.6130,18.2102,-18.2102,0.0000000,NCC1CCC(Oc2ccc(N3CCN(C(=O)N4Cc5ccccc5C#Cc5ccccc54)CC3)cc2)CC1,2,C1c2ccccc2C#Cc2ccccc2N1*|NCC1CCC(*)CC1,c1c(N2CCN(C(=O)[*])CC2)ccc(O[*])c1,O=C(N1CCN(c2ccc(OC3CCCCC3)cc2)CC1)N1Cc2ccccc2C#Cc2ccccc21,0.0000000,0.6706,0.0000000,43.7800,0.0000000,206.2450,0.0000000,2.0000,0.0000000,3.3231,0.0000000,1.0000,0.0000000,1.0000,[],[],16
8.2596,25.7641,18.6790,0.3472115,NCC1CCC(N2CCN(c3ccc(N4CCN(C(=O)N5Cc6ccccc6C#Cc6ccccc65)CC4)cc3F)CC2)CC1,1,C1c2ccccc2C#Cc2ccccc2N1*|NCC1CCC(*)CC1,c1(F)cc(N2CCN(C([*])=O)CC2)ccc1N1CCN([*])CC1,O=C(N1CCN(c2ccc(N3CCN(C4CCCCC4)CC3)cc2)CC1)N1Cc2ccccc2C#Cc2ccccc21,0.9995110,0.5137,0.0026613,38.8200,1.0000000,292.3580,0.8720069,3.0000,0.2088394,3.4628,1.0000000,1.0000,1.0000000,1.0000,[],[],16
11.1756,24.5293,23.0929,0.3720489,CN(C(=O)N1Cc2ccccc2C#Cc2ccccc21)C1CCN(c2ccc(OC3CCC(CN)CC3)cc2)CC1,1,C1c2ccccc2C#Cc2ccccc2N1*|NCC1CCC(*)CC1,c1cc(N2CCC(N(C(=O)[*])C)CC2)ccc1O[*],O=C(NC1CCN(c2ccc(OC3CCCCC3)cc2)CC1)N1Cc2ccccc2C#Cc2ccccc21,0.9825805,1.4492,0.0054186,43.7800,1.0000000,234.2990,0.8720069,3.0000,0.2017711,3.4778,1.0000000,1.0000,1.0000000,1.0000,[],[],16
5.5264,16.5206,-16.5206,0.0000000,NCC1CCC(N2CCN(c3ccc(N4Cc5ccccc5C#Cc5ccccc54)nc3)CC2)CC1,2,C1c2ccccc2C#Cc2ccccc2N1*|NCC1CCC(*)CC1,n1c([*])ccc(N2CCN([*])CC2)c1,C1#Cc2ccccc2N(c2ccc(N3CCN(C4CCCCC4)CC3)cn2)Cc2ccccc21,0.0000000,0.4912,0.0000000,28.1600,0.0000000,163.2240,0.0000000,1.0000,0.0000000,3.3781,0.0000000,1.0000,0.0000000,1.0000,[],[],16
24.0319,52.6804,9.1124,0.4827564,CS(=O)(=O)N1c2sc(N3Cc4ccccc4C#Cc4ccccc43)nc2CCN1C(=O)N1CCN(C2CCC(CN)CC2)CC1,1,C1c2ccccc2C#Cc2ccccc2N1*|NCC1CCC(*)CC1,O=S(=O)(C)N1c2c(nc([*])s2)CCN1C(=O)N1CCN([*])CC1,O=C(N1CCN(C2CCCCC2)CC1)N1CCc2nc(N3Cc4ccccc4C#Cc4ccccc43)sc2N1,0.9999778,-0.2926,0.6988615,85.8500,1.0000000,331.4230,0.9999319,1.0000,0.0485561,4.0337,1.0000000,1.0000,1.0000000,1.0000,[],[],16
28.1769,46.8674,-46.8674,0.0000000,N1(c2ccc(OCCC[*])cc2)C(N(C3CN([*])CC3)=O)CCC1,0,C1c2ccccc2C#Cc2ccccc2N1*|NCC1CCC(*)CC1,N1(c2ccc(OCCC[*])cc2)C(N(C3CN([*])CC3)=O)CCC1,,0.0000000,0.0000,0.0000000,0.0000,0.0000000,0.0000,0.0000000,0.0000,0.0000000,0.0000,0.0000000,0.0000,0.0000000,0.0000,None,None,16
4.4104,16.4471,-16.4471,0.0000000,NCC1CCC(N2CCN(c3ccc(S(=O)(=O)N4Cc5ccccc5C#Cc5ccccc54)cc3)CC2)CC1,2,C1c2ccccc2C#Cc2ccccc2N1*|NCC1CCC(*)CC1,c1(S(=O)(=O)[*])ccc(N2CCN([*])CC2)cc1,O=S(=O)(c1ccc(N2CCN(C3CCCCC3)CC2)cc1)N1Cc2ccccc2C#Cc2ccccc21,0.0000000,0.0000,0.0000000,0.0000,0.0000000,0.0000,0.0000000,0.0000,0.0000000,3.2993,0.0000000,1.0000,0.0000000,1.0000,[],[],16
3.7741,13.8663,-13.4533,0.0032263,NCC1CCC(N2CCN(c3ccc(N4Cc5ccccc5C#Cc5ccccc54)cc3)CC2)CC1,1,c1cc2c(cc1)C#Cc1ccccc1N(*)C2|C1(CN)CCC(*)CC1,c1cc([*])ccc1N1CCN([*])CC1,C1#Cc2ccccc2N(c2ccc(N3CCN(C4CCCCC4)CC3)cc2)Cc2ccccc21,0.9999319,0.0000,0.0000100,0.0000,0.0000000,0.0000,0.9999985,0.0000,0.3453978,3.2221,1.0000000,1.0000,1.0000000,1.0000,[],[],17
5.2983,14.0906,31.8953,0.3592647,NCC1CCC(N2CCN(c3ccc(C(=O)N4Cc5ccccc5C#Cc5ccccc54)cc3)CC2)CC1,1,c1cc2c(cc1)C#Cc1ccccc1N(*)C2|C1(CN)CCC(*)CC1,c1(C([*])=O)ccc(N2CCN([*])CC2)cc1,O=C(c1ccc(N2CCN(C3CCCCC3)CC2)cc1)N1Cc2ccccc2C#Cc2ccccc21,0.9977773,0.9087,0.0010490,32.3400,1.0000000,190.2460,0.9968477,2.0000,0.3432631,3.2254,1.0000000,1.0000,1.0000000,1.0000,[],[],17
6.0198,15.6860,31.5543,0.3690646,NCC1CCC(N2CCN(c3cnc(N4Cc5ccccc5C#Cc5ccccc54)cn3)CC2)CC1,1,c1cc2c(cc1)C#Cc1ccccc1N(*)C2|C1(CN)CCC(*)CC1,[*]c1ncc(N2CCN([*])CC2)nc1,C1#Cc2ccccc2N(c2cnc(N3CCN(C4CCCCC4)CC3)cn2)Cc2ccccc21,0.9999560,-0.1138,0.0036646,41.0500,1.0000000,164.2120,0.9999319,1.0000,0.2057223,3.4694,1.0000000,1.0000,1.0000000,1.0000,[],[],17
3.9137,16.0725,-16.0725,0.0000000,NCC1CCC(N2CCN(c3ccc(S(=O)(=O)N4Cc5ccccc5C#Cc5ccccc54)cc3)CC2)CC1,1,c1cc2c(cc1)C#Cc1ccccc1N(*)C2|C1(CN)CCC(*)CC1,c1(S(=O)(=O)[*])ccc(N2CCN([*])CC2)cc1,O=S(=O)(c1ccc(N2CCN(C3CCCCC3)CC2)cc1)N1Cc2ccccc2C#Cc2ccccc21,0.9999319,0.0000,0.0000100,0.0000,0.0000000,0.0000,0.9999985,0.0000,0.2970548,3.2993,1.0000000,1.0000,1.0000000,1.0000,[],[],17
5.1622,24.5469,-24.1633,0.0029969,NCC1CCC(N2CCN(c3ccc(N4CCN(C(=O)N5Cc6ccccc6C#Cc6ccccc65)CC4)cc3)CC2)CC1,1,c1cc2c(cc1)C#Cc1ccccc1N(*)C2|C1(CN)CCC(*)CC1,c1(N2CCN(C(=O)[*])CC2)ccc(N2CCN([*])CC2)cc1,O=C(N1CCN(c2ccc(N3CCN(C4CCCCC4)CC3)cc2)CC1)N1Cc2ccccc2C#Cc2ccccc21,0.9999319,0.0000,0.0000100,0.0000,0.0000000,0.0000,0.9999985,0.0000,0.2496788,3.3823,1.0000000,1.0000,1.0000000,1.0000,[],[],17
4.9836,15.5816,-15.5816,0.0000000,NCC1CCC(N2CCN(c3ccc(S(=O)(=O)N4Cc5ccccc5C#Cc5ccccc54)cc3)CC2)CC1,2,c1cc2c(cc1)C#Cc1ccccc1N(*)C2|C1(CN)CCC(*)CC1,O=S([*])(=O)c1ccc(N2CCN([*])CC2)cc1,O=S(=O)(c1ccc(N2CCN(C3CCCCC3)CC2)cc1)N1Cc2ccccc2C#Cc2ccccc21,0.0000000,0.0000,0.0000000,0.0000,0.0000000,0.0000,0.0000000,0.0000,0.0000000,3.2993,0.0000000,1.0000,0.0000000,1.0000,[],[],17
12.0721,26.2582,-7.7824,0.1443423,NCC1CCC(OCCOc2ccc(N3CCN(C(=O)N4Cc5ccccc5C#Cc5ccccc54)CC3)cc2)CC1,1,c1cc2c(cc1)C#Cc1ccccc1N(*)C2|C1(CN)CCC(*)CC1,c1c(N2CCN(C(=O)[*])CC2)ccc(OCCO[*])c1,O=C(N1CCN(c2ccc(OCCOC3CCCCC3)cc2)CC1)N1Cc2ccccc2C#Cc2ccccc21,0.9997526,0.3361,0.0201504,53.0100,1.0000000,250.2980,0.0031523,5.0000,0.2514961,3.3789,1.0000000,1.0000,1.0000000,1.0000,[],[],17
12.1626,43.8724,14.2328,0.4539471,CN(C(=O)N1CCN(C2CCC(CN)CC2)CC1)c1ccc(N2CCN(C(=O)N3Cc4ccccc4C#Cc4ccccc43)CC2)cc1,1,c1cc2c(cc1)C#Cc1ccccc1N(*)C2|C1(CN)CCC(*)CC1,C1CN(C([*])=O)CCN1c1ccc(N(C(=O)N2CCN([*])CC2)C)cc1,O=C(Nc1ccc(N2CCN(C(=O)N3Cc4ccccc4C#Cc4ccccc43)CC2)cc1)N1CCN(C2CCCCC2)CC1,0.9996502,0.4264,0.0472710,59.1300,1.0000000,331.4200,0.8720069,3.0000,0.1611423,3.5732,1.0000000,1.0000,1.0000000,1.0000,[],[],17
4.7166,16.0516,-16.0516,0.0000000,NCC1CCC(N2CCN(c3ccc(NC(=O)N4Cc5ccccc5C#Cc5ccccc54)cc3)CC2)CC1,1,c1cc2c(cc1)C#Cc1ccccc1N(*)C2|C1(CN)CCC(*)CC1,c1cc(NC(=O)[*])ccc1N1CCN([*])CC1,O=C(Nc1ccc(N2CCN(C3CCCCC3)CC2)cc1)N1Cc2ccccc2C#Cc2ccccc21,0.9999319,0.0000,0.0000100,0.0000,0.0000000,0.0000,0.9999985,0.0000,0.3201826,3.2616,1.0000000,1.0000,1.0000000,1.0000,[],[],17
10.0196,16.6814,-16.1295,0.0043114,NCC1CCC(N2CCC(S(=O)(=O)N3Cc4ccccc4C#Cc4ccccc43)C2)CC1,1,c1cc2c(cc1)C#Cc1ccccc1N(*)C2|C1(CN)CCC(*)CC1,O=S(=O)([*])C1CCN([*])C1,O=S(=O)(C1CCN(C2CCCCC2)C1)N1Cc2ccccc2C#Cc2ccccc21,0.9999987,-1.0403,0.0076261,46.1700,0.0000000,135.1880,0.9999319,1.0000,0.0447924,4.0631,1.0000000,1.0000,1.0000000,1.0000,[],[],17
3.8510,10.4979,38.9262,0.3861262,NCC1CCC(N2CCN(S(=O)(=O)N3Cc4ccccc4C#Cc4ccccc43)CC2)CC1,1,c1cc2c(cc1)C#Cc1ccccc1N(*)C2|C1(CN)CCC(*)CC1,O=S(=O)([*])N1CCN([*])CC1,O=S(=O)(N1CCN(C2CCCCC2)CC1)N1Cc2ccccc2C#Cc2ccccc21,0.9999998,-1.5820,0.0121014,49.4100,0.6684421,150.2030,0.9999319,1.0000,0.2066108,3.4675,1.0000000,1.0000,1.0000000,1.0000,[],[],17
8.0259,30.0909,32.8386,0.4916369,CN(C(=O)N1CCN(C2CCC(CN)CC2)CC1)c1ccc(OC(=O)N2Cc3ccccc3C#Cc3ccccc32)cc1,1,c1cc2c(cc1)C#Cc1ccccc1N(*)C2|C1(CN)CCC(*)CC1,c1c(OC(=O)[*])ccc(N(C(=O)N2CCN([*])CC2)C)c1,O=C(Nc1ccc(OC(=O)N2Cc3ccccc3C#Cc3ccccc32)cc1)N1CCN(C2CCCCC2)CC1,0.9990633,0.6832,0.0686459,61.8800,1.0000000,263.2970,0.8720069,3.0000,0.1900498,3.5037,1.0000000,1.0000,1.0000000,1.0000,[],[],17
4.1608,16.8994,-16.8994,0.0000000,NCC1CCC(N2CCN(c3ccc(S(=O)(=O)N4Cc5ccccc5C#Cc5ccccc54)cc3)CC2)CC1,2,c1cc2c(cc1)C#Cc1ccccc1N(*)C2|C1(CN)CCC(*)CC1,c1c(S(=O)(=O)[*])ccc(N2CCN([*])CC2)c1,O=S(=O)(c1ccc(N2CCN(C3CCCCC3)CC2)cc1)N1Cc2ccccc2C#Cc2ccccc21,0.0000000,0.0000,0.0000000,0.0000,0.0000000,0.0000,0.0000000,0.0000,0.0000000,3.2993,0.0000000,1.0000,0.0000000,1.0000,[],[],17
4.3187,18.0553,-17.6647,0.0030516,NCC1CCC(N2CCN(c3ccc(N4Cc5ccccc5C#Cc5ccccc54)cn3)CC2)CC1,1,c1cc2c(cc1)C#Cc1ccccc1N(*)C2|C1(CN)CCC(*)CC1,[*]c1ccc(N2CCN([*])CC2)nc1,C1#Cc2ccccc2N(c2ccc(N3CCN(C4CCCCC4)CC3)nc2)Cc2ccccc21,0.9999319,0.0000,0.0000100,0.0000,0.0000000,0.0000,0.9999985,0.0000,0.2703631,3.3449,1.0000000,1.0000,1.0000000,1.0000,[],[],17
4.1608,16.8994,-16.8994,0.0000000,NCC1CCC(N2CCN(c3ccc(S(=O)(=O)N4Cc5ccccc5C#Cc5ccccc54)cc3)CC2)CC1,2,c1cc2c(cc1)C#Cc1ccccc1N(*)C2|C1(CN)CCC(*)CC1,c1c(S(=O)(=O)[*])ccc(N2CCN([*])CC2)c1,O=S(=O)(c1ccc(N2CCN(C3CCCCC3)CC2)cc1)N1Cc2ccccc2C#Cc2ccccc21,0.0000000,0.0000,0.0000000,0.0000,0.0000000,0.0000,0.0000000,0.0000,0.0000000,3.2993,0.0000000,1.0000,0.0000000,1.0000,[],[],17
8.7141,22.0587,43.2643,0.5103354,NCC1CCC(N2CCN(c3ccc(NS(=O)(=O)N4Cc5ccccc5C#Cc5ccccc54)cc3)CC2)CC1,1,c1cc2c(cc1)C#Cc1ccccc1N(*)C2|C1(CN)CCC(*)CC1,N1(c2ccc(NS(=O)(=O)[*])cc2)CCN([*])CC1,O=S(=O)(Nc1ccc(N2CCN(C3CCCCC3)CC2)cc1)N1Cc2ccccc2C#Cc2ccccc21,0.9999222,0.0345,0.0647065,61.4400,1.0000000,241.3160,0.8720069,3.0000,0.2304927,3.4188,1.0000000,1.0000,1.0000000,1.0000,[],[],17
5.3193,17.3267,-17.3267,0.0000000,NCC1CCC(Oc2ccc(N3CCN(C(=O)N4Cc5ccccc5C#Cc5ccccc54)CC3)cc2)CC1,1,c1cc2c(cc1)C#Cc1ccccc1N(*)C2|C1(CN)CCC(*)CC1,c1c(N2CCN(C([*])=O)CC2)ccc(O[*])c1,O=C(N1CCN(c2ccc(OC3CCCCC3)cc2)CC1)N1Cc2ccccc2C#Cc2ccccc21,0.9999319,0.0000,0.0000100,0.0000,0.0000000,0.0000,0.9999985,0.0000,0.2829516,3.3231,1.0000000,1.0000,1.0000000,1.0000,[],[],17
5.8735,24.4723,-24.4723,0.0000000,NCC1CCC(N2CCN(c3ccc(N4CCN(C(=O)N5Cc6ccccc6C#Cc6ccccc65)CC4)cc3)CC2)CC1,2,c1cc2c(cc1)C#Cc1ccccc1N(*)C2|C1(CN)CCC(*)CC1,c1(N2CCN(C([*])=O)CC2)ccc(N2CCN([*])CC2)cc1,O=C(N1CCN(c2ccc(N3CCN(C4CCCCC4)CC3)cc2)CC1)N1Cc2ccccc2C#Cc2ccccc21,0.0000000,0.0000,0.0000000,0.0000,0.0000000,0.0000,0.0000000,0.0000,0.0000000,3.3823,0.0000000,1.0000,0.0000000,1.0000,[],[],17
8.5840,21.9689,38.6560,0.4736318,NCC1CCC(N2CCN(C(=O)c3ccc(N4CCN(C(=O)N5Cc6ccccc6C#Cc6ccccc65)CC4)cc3)CC2)CC1,1,c1cc2c(cc1)C#Cc1ccccc1N(*)C2|C1(CN)CCC(*)CC1,O=C(c1ccc(N2CCN(C([*])=O)CC2)cc1)N1CCN([*])CC1,O=C(c1ccc(N2CCN(C(=O)N3Cc4ccccc4C#Cc4ccccc43)CC2)cc1)N1CCN(C2CCCCC2)CC1,0.9999291,0.0104,0.0301865,55.8900,1.0000000,302.3780,0.8720069,3.0000,0.2429941,3.3948,1.0000000,1.0000,1.0000000,1.0000,[],[],17
3.9137,16.0725,-16.0725,0.0000000,NCC1CCC(N2CCN(c3ccc(S(=O)(=O)N4Cc5ccccc5C#Cc5ccccc54)cc3)CC2)CC1,2,c1cc2c(cc1)C#Cc1ccccc1N(*)C2|C1(CN)CCC(*)CC1,c1(S(=O)(=O)[*])ccc(N2CCN([*])CC2)cc1,O=S(=O)(c1ccc(N2CCN(C3CCCCC3)CC2)cc1)N1Cc2ccccc2C#Cc2ccccc21,0.0000000,0.0000,0.0000000,0.0000,0.0000000,0.0000,0.0000000,0.0000,0.0000000,3.2993,0.0000000,1.0000,0.0000000,1.0000,[],[],17
4.3187,18.0553,-18.0553,0.0000000,NCC1CCC(N2CCN(c3ccc(N4Cc5ccccc5C#Cc5ccccc54)cn3)CC2)CC1,2,c1cc2c(cc1)C#Cc1ccccc1N(*)C2|C1(CN)CCC(*)CC1,[*]c1ccc(N2CCN([*])CC2)nc1,C1#Cc2ccccc2N(c2ccc(N3CCN(C4CCCCC4)CC3)nc2)Cc2ccccc21,0.0000000,0.0000,0.0000000,0.0000,0.0000000,0.0000,0.0000000,0.0000,0.0000000,3.3449,0.0000000,1.0000,0.0000000,1.0000,[],[],17
4.8330,17.9691,-17.9691,0.0000000,NCC1CCC(Oc2ccc(N3CCN(C(=O)N4Cc5ccccc5C#Cc5ccccc54)CC3)cc2)CC1,2,c1cc2c(cc1)C#Cc1ccccc1N(*)C2|C1(CN)CCC(*)CC1,c1cc(N2CCN(C([*])=O)CC2)ccc1O[*],O=C(N1CCN(c2ccc(OC3CCCCC3)cc2)CC1)N1Cc2ccccc2C#Cc2ccccc21,0.0000000,0.0000,0.0000000,0.0000,0.0000000,0.0000,0.0000000,0.0000,0.0000000,3.3231,0.0000000,1.0000,0.0000000,1.0000,[],[],17
4.9537,15.7735,-15.7735,0.0000000,NCC1CCC(N2CCN(c3ccc(S(=O)(=O)N4Cc5ccccc5C#Cc5ccccc54)cc3)CC2)CC1,2,c1cc2c(cc1)C#Cc1ccccc1N(*)C2|C1(CN)CCC(*)CC1,c1(S(=O)([*])=O)ccc(N2CCN([*])CC2)cc1,O=S(=O)(c1ccc(N2CCN(C3CCCCC3)CC2)cc1)N1Cc2ccccc2C#Cc2ccccc21,0.0000000,0.0000,0.0000000,0.0000,0.0000000,0.0000,0.0000000,0.0000,0.0000000,3.2993,0.0000000,1.0000,0.0000000,1.0000,[],[],17
9.6143,36.5211,-6.4454,0.2349665,NCC1CCC(N2CCN(c3ccc(N4CCC(N5CCN(C(=O)N6Cc7ccccc7C#Cc7ccccc76)CC5)CC4)cc3)CC2)CC1,1,c1cc2c(cc1)C#Cc1ccccc1N(*)C2|C1(CN)CCC(*)CC1,c1c(N2CCC(N3CCN(C([*])=O)CC3)CC2)ccc(N2CCN([*])CC2)c1,O=C(N1CCN(C2CCN(c3ccc(N4CCN(C5CCCCC5)CC4)cc3)CC2)CC1)N1Cc2ccccc2C#Cc2ccccc21,0.9982981,0.8390,0.0042355,42.0600,1.0000000,357.5020,0.1279931,4.0000,0.1672031,3.5578,1.0000000,1.0000,1.0000000,1.0000,[],[],17
3.6090,15.4290,-15.4290,0.0000000,NCC1CCC(N2CCN(c3ccc(N4Cc5ccccc5C#Cc5ccccc54)cc3)CC2)CC1,2,c1cc2c(cc1)C#Cc1ccccc1N(*)C2|C1(CN)CCC(*)CC1,[*]c1ccc(N2CCN([*])CC2)cc1,C1#Cc2ccccc2N(c2ccc(N3CCN(C4CCCCC4)CC3)cc2)Cc2ccccc21,0.0000000,0.0000,0.0000000,0.0000,0.0000000,0.0000,0.0000000,0.0000,0.0000000,3.2221,0.0000000,1.0000,0.0000000,1.0000,[],[],17
5.5724,15.8112,-15.8112,0.0000000,NCC1CCC(N2CCN(c3ccc(NC(=O)N4Cc5ccccc5C#Cc5ccccc54)cc3)CC2)CC1,2,c1cc2c(cc1)C#Cc1ccccc1N(*)C2|C1(CN)CCC(*)CC1,C1CN(c2ccc(NC(=O)[*])cc2)CCN1[*],O=C(Nc1ccc(N2CCN(C3CCCCC3)CC2)cc1)N1Cc2ccccc2C#Cc2ccccc21,0.0000000,0.0000,0.0000000,0.0000,0.0000000,0.0000,0.0000000,0.0000,0.0000000,3.2616,0.0000000,1.0000,0.0000000,1.0000,[],[],17
6.0938,19.4955,-19.4955,0.0000000,NCC1CCC(N2CCN(c3ccc(N4Cc5ccccc5C#Cc5ccccc54)cn3)CC2)CC1,2,c1cc2c(cc1)C#Cc1ccccc1N(*)C2|C1(CN)CCC(*)CC1,c1c([*])ccc(N2CCN([*])CC2)n1,C1#Cc2ccccc2N(c2ccc(N3CCN(C4CCCCC4)CC3)nc2)Cc2ccccc21,0.0000000,0.0000,0.0000000,0.0000,0.0000000,0.0000,0.0000000,0.0000,0.0000000,3.3449,0.0000000,1.0000,0.0000000,1.0000,[],[],17
4.2055,18.0963,-18.0963,0.0000000,NCC1CCC(Oc2ccc(N3CCN(C(=O)N4Cc5ccccc5C#Cc5ccccc54)CC3)cc2)CC1,2,c1cc2c(cc1)C#Cc1ccccc1N(*)C2|C1(CN)CCC(*)CC1,c1cc(N2CCN(C(=O)[*])CC2)ccc1O[*],O=C(N1CCN(c2ccc(OC3CCCCC3)cc2)CC1)N1Cc2ccccc2C#Cc2ccccc21,0.0000000,0.0000,0.0000000,0.0000,0.0000000,0.0000,0.0000000,0.0000,0.0000000,3.3231,0.0000000,1.0000,0.0000000,1.0000,[],[],17
9.1036,26.2892,56.8932,0.6498628,NCC1CCC(Nc2ccc(N3CCN(S(=O)(=O)N4Cc5ccccc5C#Cc5ccccc54)CC3)nn2)CC1,1,c1cc2c(cc1)C#Cc1ccccc1N(*)C2|C1(CN)CCC(*)CC1,O=S(=O)([*])N1CCN(c2ccc(N[*])nn2)CC1,O=S(=O)(N1CCN(c2ccc(NC3CCCCC3)nn2)CC1)N1Cc2ccccc2C#Cc2ccccc21,0.9999995,-1.2928,0.8566059,92.4200,1.0000000,243.2920,0.9968477,2.0000,0.1626518,3.5693,1.0000000,1.0000,1.0000000,1.0000,[],[],17
8.8114,33.6056,-18.1379,0.1208422,NCC1CCC(N2CCN(c3ccc(Oc4ccc(N5CCN(C(=O)N6Cc7ccccc7C#Cc7ccccc76)CC5)cc4)cc3)CC2)CC1,1,c1cc2c(cc1)C#Cc1ccccc1N(*)C2|C1(CN)CCC(*)CC1,c1(Oc2ccc(N3CCN(C([*])=O)CC3)cc2)ccc(N2CCN([*])CC2)cc1,O=C(N1CCN(c2ccc(Oc3ccc(N4CCN(C5CCCCC5)CC4)cc3)cc2)CC1)N1Cc2ccccc2C#Cc2ccccc21,0.7821634,2.1669,0.0099718,48.0500,1.0000000,366.4650,0.0031523,5.0000,0.2090794,3.4623,1.0000000,1.0000,1.0000000,1.0000,[],[],17
7.2274,16.6549,23.4218,0.3130991,NCC1CCC(N2CCN(c3ccc(N4Cc5ccccc5C#Cc5ccccc54)nc3)CC2)CC1,1,c1cc2c(cc1)C#Cc1ccccc1N(*)C2|C1(CN)CCC(*)CC1,c1cc([*])ncc1N1CCN([*])CC1,C1#Cc2ccccc2N(c2ccc(N3CCN(C4CCCCC4)CC3)cn2)Cc2ccccc21,0.9995515,0.4912,0.0005751,28.1600,1.0000000,163.2240,0.9999319,1.0000,0.2519686,3.3781,1.0000000,1.0000,1.0000000,1.0000,[],[],17
4.4853,26.1297,-26.1297,0.0000000,NCC1CCC(N2CCN(c3ccc(N4CCN(C(=O)N5Cc6ccccc6C#Cc6ccccc65)CC4)cc3)CC2)CC1,2,c1cc2c(cc1)C#Cc1ccccc1N(*)C2|C1(CN)CCC(*)CC1,c1c(N2CCN(C(=O)[*])CC2)ccc(N2CCN([*])CC2)c1,O=C(N1CCN(c2ccc(N3CCN(C4CCCCC4)CC3)cc2)CC1)N1Cc2ccccc2C#Cc2ccccc21,0.0000000,0.0000,0.0000000,0.0000,0.0000000,0.0000,0.0000000,0.0000,0.0000000,3.3823,0.0000000,1.0000,0.0000000,1.0000,[],[],17
5.3412,18.3639,-18.3639,0.0000000,NCC1CCC(Oc2ccc(N3CCN(C(=O)N4Cc5ccccc5C#Cc5ccccc54)CC3)cc2)CC1,1,c1cc2c(cc1)C#Cc1ccccc1N(*)C2|C1C(CN)CCC(*)C1,c1cc(N2CCN(C([*])=O)CC2)ccc1O[*],O=C(N1CCN(c2ccc(OC3CCCCC3)cc2)CC1)N1Cc2ccccc2C#Cc2ccccc21,0.9991075,0.6706,0.0054186,43.7800,1.0000000,206.2450,0.9968477,2.0000,0.2829516,3.3231,1.0000000,1.0000,1.0000000,1.0000,[],[],18
11.4057,29.2541,-29.2541,0.0000000,c1c(S(=O)([*])=O)ccc(N1C(=O)N2CCN([*])CC2)c1,0,c1cc2c(cc1)C#Cc1ccccc1N(*)C2|C1C(CN)CCC(*)C1,c1c(S(=O)([*])=O)ccc(N1C(=O)N2CCN([*])CC2)c1,,0.0000000,0.0000,0.0000000,0.0000,0.0000000,0.0000,0.0000000,0.0000,0.0000000,0.0000,0.0000000,0.0000,0.0000000,0.0000,None,None,18
5.6044,15.9816,-15.9816,0.0000000,NCC1CCC(N2CCN(c3ccc(S(=O)(=O)N4Cc5ccccc5C#Cc5ccccc54)cc3)CC2)CC1,1,c1cc2c(cc1)C#Cc1ccccc1N(*)C2|C1C(CN)CCC(*)C1,O=S([*])(=O)c1ccc(N2CCN([*])CC2)cc1,O=S(=O)(c1ccc(N2CCN(C3CCCCC3)CC2)cc1)N1Cc2ccccc2C#Cc2ccccc21,0.9999319,0.0000,0.0000100,0.0000,0.0000000,0.0000,0.9999985,0.0000,0.2970548,3.2993,1.0000000,1.0000,1.0000000,1.0000,[],[],18
9.4939,23.3913,26.8046,0.3921560,CN(c1ccc(N2CCN(C(=O)N3Cc4ccccc4C#Cc4ccccc43)CC2)nc1)C1CCC(CN)CC1,1,c1cc2c(cc1)C#Cc1ccccc1N(*)C2|C1C(CN)CCC(*)C1,c1c(N2CCN(C([*])=O)CC2)ncc(N([*])C)c1,O=C(N1CCN(c2ccc(NC3CCCCC3)cn2)CC1)N1Cc2ccccc2C#Cc2ccccc21,0.9996818,0.4017,0.0105865,48.4700,1.0000000,220.2760,0.8720069,3.0000,0.1788598,3.5295,1.0000000,1.0000,1.0000000,1.0000,[],[],18
3.6998,11.0411,38.3830,0.3861262,NCC1CCC(N2CCN(S(=O)(=O)N3Cc4ccccc4C#Cc4ccccc43)CC2)CC1,1,c1cc2c(cc1)C#Cc1ccccc1N(*)C2|C1C(CN)CCC(*)C1,O=S(=O)([*])N1CCN([*])CC1,O=S(=O)(N1CCN(C2CCCCC2)CC1)N1Cc2ccccc2C#Cc2ccccc21,0.9999998,-1.5820,0.0121014,49.4100,0.6684421,150.2030,0.9999319,1.0000,0.2066108,3.4675,1.0000000,1.0000,1.0000000,1.0000,[],[],18
7.3872,16.3654,-16.3654,0.0000000,NCC1CCC(N2CCN(c3ccc(NC(=O)N4Cc5ccccc5C#Cc5ccccc54)cc3)CC2)CC1,1,c1cc2c(cc1)C#Cc1ccccc1N(*)C2|C1C(CN)CCC(*)C1,c1(NC(=O)[*])ccc(N2CCN([*])CC2)cc1,O=C(Nc1ccc(N2CCN(C3CCCCC3)CC2)cc1)N1Cc2ccccc2C#Cc2ccccc21,0.9999319,0.0000,0.0000100,0.0000,0.0000000,0.0000,0.9999985,0.0000,0.3201826,3.2616,1.0000000,1.0000,1.0000000,1.0000,[],[],18
4.3804,19.1634,39.7203,0.4600285,NCC1CCC(Nc2ccc(N3CCN(C(=O)N4Cc5ccccc5C#Cc5ccccc54)CC3)cc2)CC1,1,c1cc2c(cc1)C#Cc1ccccc1N(*)C2|C1C(CN)CCC(*)C1,c1c(N2CCN(C(=O)[*])CC2)ccc(N[*])c1,O=C(N1CCN(c2ccc(NC3CCCCC3)cc2)CC1)N1Cc2ccccc2C#Cc2ccccc21,0.9994440,0.5472,0.0123798,49.5700,1.0000000,205.2610,0.9968477,2.0000,0.2960541,3.3009,1.0000000,1.0000,1.0000000,1.0000,[],[],18
14.9362,29.9247,12.7783,0.3336167,NCC1CCC(N2CCN(c3ccc(-n4ccc(C(=O)N5Cc6ccccc6C#Cc6ccccc65)c4)cc3)CC2)CC1,1,c1cc2c(cc1)C#Cc1ccccc1N(*)C2|C1C(CN)CCC(*)C1,c1cc(C(=O)[*])cn1-c1ccc(N2CCN([*])CC2)cc1,O=C(c1ccn(-c2ccc(N3CCN(C4CCCCC4)CC3)cc2)c1)N1Cc2ccccc2C#Cc2ccccc21,0.9557405,1.6994,0.0021303,37.2700,1.0000000,255.3210,0.8720069,3.0000,0.2047660,3.4714,1.0000000,1.0000,1.0000000,1.0000,[],[],18
9.2622,16.7179,-16.7179,0.0000000,NCC1CCC(N2CCN(c3ncc(C(=O)N4Cc5ccccc5C#Cc5ccccc54)cn3)CC2)CC1,1,c1cc2c(cc1)C#Cc1ccccc1N(*)C2|C1C(CN)CCC(*)C1,c1(C([*])=O)cnc(N2CCN([*])CC2)nc1,O=C(c1cnc(N2CCN(C3CCCCC3)CC2)nc1)N1Cc2ccccc2C#Cc2ccccc21,0.9999785,-0.3013,0.0411392,58.1200,1.0000000,192.2220,0.9968477,2.0000,0.2317674,3.4164,1.0000000,1.0000,1.0000000,1.0000,[],[],18
3.6998,11.0411,-11.0411,0.0000000,NCC1CCC(N2CCN(S(=O)(=O)N3Cc4ccccc4C#Cc4ccccc43)CC2)CC1,2,c1cc2c(cc1)C#Cc1ccccc1N(*)C2|C1C(CN)CCC(*)C1,O=S(=O)([*])N1CCN([*])CC1,O=S(=O)(N1CCN(C2CCCCC2)CC1)N1Cc2ccccc2C#Cc2ccccc21,0.0000000,-1.5820,0.0000000,49.4100,0.0000000,150.2030,0.0000000,1.0000,0.0000000,3.4675,0.0000000,1.0000,0.0000000,1.0000,[],[],18
11.8565,28.3121,38.9137,0.5252022,NCC1CCC(N2CCN(C(=O)Nc3ccc4c(c3)CCN4C(=O)N3Cc4ccccc4C#Cc4ccccc43)CC2)CC1,1,c1cc2c(cc1)C#Cc1ccccc1N(*)C2|C1C(CN)CCC(*)C1,C1CN(C([*])=O)c2ccc(NC(=O)N3CCN([*])CC3)cc21,O=C(Nc1ccc2c(c1)CCN2C(=O)N1Cc2ccccc2C#Cc2ccccc21)N1CCN(C2CCCCC2)CC1,0.9991984,0.6426,0.0993270,64.6800,1.0000000,274.3240,0.9968477,2.0000,0.1872775,3.5100,1.0000000,1.0000,1.0000000,1.0000,[],[],18
8.7896,17.7667,33.4534,0.4001569,NCC1CCC(N2CCN(c3ccc(NC(=O)N4Cc5ccccc5C#Cc5ccccc54)c(Cl)c3)CC2)CC1,1,c1cc2c(cc1)C#Cc1ccccc1N(*)C2|C1C(CN)CCC(*)C1,c1c(Cl)c(NC([*])=O)ccc1N1CCN([*])CC1,O=C(Nc1ccc(N2CCN(C3CCCCC3)CC2)cc1)N1Cc2ccccc2C#Cc2ccccc21,0.9894024,1.3179,0.0058960,44.3700,1.0000000,239.7060,0.8720069,3.0000,0.2646634,3.3550,1.0000000,1.0000,1.0000000,1.0000,[],[],18
4.3144,14.1474,31.8385,0.3592647,NCC1CCC(N2CCN(c3ccc(C(=O)N4Cc5ccccc5C#Cc5ccccc54)cc3)CC2)CC1,1,c1cc2c(cc1)C#Cc1ccccc1N(*)C2|C1C(CN)CCC(*)C1,c1(C(=O)[*])ccc(N2CCN([*])CC2)cc1,O=C(c1ccc(N2CCN(C3CCCCC3)CC2)cc1)N1Cc2ccccc2C#Cc2ccccc21,0.9977773,0.9087,0.0010490,32.3400,1.0000000,190.2460,0.9968477,2.0000,0.3432631,3.2254,1.0000000,1.0000,1.0000000,1.0000,[],[],18
4.2331,15.9502,-15.9502,0.0000000,NCC1CCC(N2CCN(c3ccc(NC(=O)N4Cc5ccccc5C#Cc5ccccc54)cc3)CC2)CC1,2,c1cc2c(cc1)C#Cc1ccccc1N(*)C2|C1C(CN)CCC(*)C1,c1cc(NC(=O)[*])ccc1N1CCN([*])CC1,O=C(Nc1ccc(N2CCN(C3CCCCC3)CC2)cc1)N1Cc2ccccc2C#Cc2ccccc21,0.0000000,0.0000,0.0000000,0.0000,0.0000000,0.0000,0.0000000,0.0000,0.0000000,3.2616,0.0000000,1.0000,0.0000000,1.0000,[],[],18
6.0213,21.2525,28.6785,0.3900859,NCC1CCC(N2CCN(c3ccc(OC(=O)N4Cc5ccccc5C#Cc5ccccc54)cc3)CC2)CC1,1,c1cc2c(cc1)C#Cc1ccccc1N(*)C2|C1C(CN)CCC(*)C1,c1cc(OC(=O)[*])ccc1N1CCN([*])CC1,O=C(Oc1ccc(N2CCN(C3CCCCC3)CC2)cc1)N1Cc2ccccc2C#Cc2ccccc21,0.9992321,0.6314,0.0039483,41.5700,1.0000000,206.2450,0.8720069,3.0000,0.2862643,3.3174,1.0000000,1.0000,1.0000000,1.0000,[],[],18
4.1281,17.8194,22.9043,0.3181534,NCC1CCC(N2CCN(c3ccc(N4Cc5ccccc5C#Cc5ccccc54)cn3)CC2)CC1,1,c1cc2c(cc1)C#Cc1ccccc1N(*)C2|C1C(CN)CCC(*)C1,[*]c1ccc(N2CCN([*])CC2)nc1,C1#Cc2ccccc2N(c2ccc(N3CCN(C4CCCCC4)CC3)nc2)Cc2ccccc21,0.9995515,0.4912,0.0005751,28.1600,1.0000000,163.2240,0.9999319,1.0000,0.2703631,3.3449,1.0000000,1.0000,1.0000000,1.0000,[],[],18
5.0854,17.1409,-17.1409,0.0000000,NCC1CCC(N2CCN(c3ccc(S(=O)(=O)N4Cc5ccccc5C#Cc5ccccc54)cc3)CC2)CC1,2,c1cc2c(cc1)C#Cc1ccccc1N(*)C2|C1C(CN)CCC(*)C1,c1c(S(=O)(=O)[*])ccc(N2CCN([*])CC2)c1,O=S(=O)(c1ccc(N2CCN(C3CCCCC3)CC2)cc1)N1Cc2ccccc2C#Cc2ccccc21,0.0000000,0.0000,0.0000000,0.0000,0.0000000,0.0000,0.0000000,0.0000,0.0000000,3.2993,0.0000000,1.0000,0.0000000,1.0000,[],[],18
5.2943,25.6496,18.6946,0.3464387,NCC1CCC(N2CCN(c3ccc(N4CCN(C(=O)N5Cc6ccccc6C#Cc6ccccc65)CC4)cc3Cl)CC2)CC1,1,c1cc2c(cc1)C#Cc1ccccc1N(*)C2|C1C(CN)CCC(*)C1,c1(Cl)cc(N2CCN(C(=O)[*])CC2)ccc1N1CCN([*])CC1,O=C(N1CCN(c2ccc(N3CCN(C4CCCCC4)CC3)cc2)CC1)N1Cc2ccccc2C#Cc2ccccc21,0.9964914,1.0280,0.0026613,38.8200,1.0000000,308.8130,0.8720069,3.0000,0.2074286,3.4657,1.0000000,1.0000,1.0000000,1.0000,[],[],18
11.7016,26.8005,17.6426,0.3472115,NCC1CCC(N2CCN(c3ccc(N4CCN(C(=O)N5Cc6ccccc6C#Cc6ccccc65)CC4)c(F)c3)CC2)CC1,1,c1cc2c(cc1)C#Cc1ccccc1N(*)C2|C1C(CN)CCC(*)C1,C1CN(c2ccc(N3CCN(C([*])=O)CC3)c(F)c2)CCN1[*],O=C(N1CCN(c2ccc(N3CCN(C4CCCCC4)CC3)cc2)CC1)N1Cc2ccccc2C#Cc2ccccc21,0.9995110,0.5137,0.0026613,38.8200,1.0000000,292.3580,0.8720069,3.0000,0.2088394,3.4628,1.0000000,1.0000,1.0000000,1.0000,[],[],18
15.0707,40.8353,-40.8353,0.0000000,c1c(S(=O)(=O)[*])ccc(N(C(C2CN([*])C2)=O)=O)c1,0,c1cc2c(cc1)C#Cc1ccccc1N(*)C2|C1C(CN)CCC(*)C1,c1c(S(=O)(=O)[*])ccc(N(C(C2CN([*])C2)=O)=O)c1,,0.0000000,0.0000,0.0000000,0.0000,0.0000000,0.0000,0.0000000,0.0000,0.0000000,0.0000,0.0000000,0.0000,0.0000000,0.0000,None,None,18
17.8063,31.5472,15.8907,0.3706088,NCC1CCC(Oc2ccc(Cl)cc2N2CCC(N3CCN(C(=O)N4Cc5ccccc5C#Cc5ccccc54)CC3)CC2)CC1,1,c1cc2c(cc1)C#Cc1ccccc1N(*)C2|C1C(CN)CCC(*)C1,c1cc(Cl)cc(N2CCC(N3CCN(C(=O)[*])CC3)CC2)c1O[*],O=C(N1CCN(C2CCN(c3ccccc3OC3CCCCC3)CC2)CC1)N1Cc2ccccc2C#Cc2ccccc21,0.9388236,1.7884,0.0086098,47.0200,1.0000000,323.8240,0.8720069,3.0000,0.1646949,3.5641,1.0000000,1.0000,1.0000000,1.0000,[],[],18
26.9303,49.6422,-49.6422,0.0000000,c1cc(N(C(N)=O)[O-])ccc1OC(=O)[*])c1ccc(N[*])nc1,0,c1cc2c(cc1)C#Cc1ccccc1N(*)C2|C1C(CN)CCC(*)C1,c1cc(N(C(N)=O)[O-])ccc1OC(=O)[*])c1ccc(N[*])nc1,,0.0000000,0.0000,0.0000000,0.0000,0.0000000,0.0000,0.0000000,0.0000,0.0000000,0.0000,0.0000000,0.0000,0.0000000,0.0000,None,None,18
4.6333,14.7189,-14.7189,0.0000000,NCC1CCC(N2CCN(c3ccc(NC(=O)N4Cc5ccccc5C#Cc5ccccc54)cc3)CC2)CC1,2,c1cc2c(cc1)C#Cc1ccccc1N(*)C2|C1C(CN)CCC(*)C1,N1(c2ccc(NC(=O)[*])cc2)CCN([*])CC1,O=C(Nc1ccc(N2CCN(C3CCCCC3)CC2)cc1)N1Cc2ccccc2C#Cc2ccccc21,0.0000000,0.0000,0.0000000,0.0000,0.0000000,0.0000,0.0000000,0.0000,0.0000000,3.2616,0.0000000,1.0000,0.0000000,1.0000,[],[],18
17.0428,32.8074,23.3998,0.4391181,CN(C(=O)N(C)C1CCC(CN)CC1)c1ccc(OC(=O)N2Cc3ccccc3C#Cc3ccccc32)c(Cl)c1,1,c1cc2c(cc1)C#Cc1ccccc1N(*)C2|C1C(CN)CCC(*)C1,c1(Cl)c(OC([*])=O)ccc(N(C(N(C)[*])=O)C)c1,O=C(Nc1ccc(OC(=O)N2Cc3ccccc3C#Cc3ccccc32)cc1)NC1CCCCC1,0.9629925,1.6508,0.0441946,58.6400,1.0000000,242.6620,0.8720069,3.0000,0.1494798,3.6041,1.0000000,1.0000,1.0000000,1.0000,[],[],18
9.0534,42.5021,-42.5021,0.0000000,O=S(=O)(c1ccc(N2CCN(C(=O)[*])CC2)c1)N1CCN([*])CC1,0,c1cc2c(cc1)C#Cc1ccccc1N(*)C2|C1C(CN)CCC(*)C1,O=S(=O)(c1ccc(N2CCN(C(=O)[*])CC2)c1)N1CCN([*])CC1,,0.0000000,0.0000,0.0000000,0.0000,0.0000000,0.0000,0.0000000,0.0000,0.0000000,0.0000,0.0000000,0.0000,0.0000000,0.0000,None,None,18
20.2774,52.6089,-13.3570,0.3066553,NCC1CCC(N2CCN(c3cc(N4CCC(N(O)c5ccc(N6Cc7ccccc7C#Cc7ccccc76)cc5)CC4)ncn3)CC2)CC1,1,c1cc2c(cc1)C#Cc1ccccc1N(*)C2|C1C(CN)CCC(*)C1,c1c(N2CCC(N(c3ccc([*])cc3)O)CC2)ncnc1N1CCN([*])CC1,C1#Cc2ccccc2N(c2ccc(NC3CCN(c4cc(N5CCN(C6CCCCC6)CC5)ncn4)CC3)cc2)Cc2ccccc21,0.9466048,1.7508,0.1466054,67.7600,1.0000000,354.4580,0.1279931,4.0000,0.0967276,3.7762,1.0000000,1.0000,1.0000000,1.0000,[],[],18
14.1650,42.5864,-42.5864,0.0000000,c1(=O)n(C2CN(C([*])=O)CCC2)nc(N2CCN([*])CC2)c1,0,c1cc2c(cc1)C#Cc1ccccc1N(*)C2|C1C(CN)CCC(*)C1,c1(=O)n(C2CN(C([*])=O)CCC2)nc(N2CCN([*])CC2)c1,,0.0000000,0.0000,0.0000000,0.0000,0.0000000,0.0000,0.0000000,0.0000,0.0000000,0.0000,0.0000000,0.0000,0.0000000,0.0000,None,None,18
6.1708,16.8061,-16.8061,0.0000000,NCC1CCC(N2CCN(c3ccc(S(=O)(=O)N4Cc5ccccc5C#Cc5ccccc54)cc3)CC2)CC1,2,c1cc2c(cc1)C#Cc1ccccc1N(*)C2|C1C(CN)CCC(*)C1,c1c(S(=O)([*])=O)ccc(N2CCN([*])CC2)c1,O=S(=O)(c1ccc(N2CCN(C3CCCCC3)CC2)cc1)N1Cc2ccccc2C#Cc2ccccc21,0.0000000,0.0000,0.0000000,0.0000,0.0000000,0.0000,0.0000000,0.0000,0.0000000,3.2993,0.0000000,1.0000,0.0000000,1.0000,[],[],18
5.0303,25.8801,20.4063,0.3616125,NCC1CCC(N2CCN(c3ccc(N4CCN(C(=O)N5Cc6ccccc6C#Cc6ccccc65)CC4)cc3)CC2)CC1,1,c1cc2c(cc1)C#Cc1ccccc1N(*)C2|C1C(CN)CCC(*)C1,c1c(N2CCN(C(=O)[*])CC2)ccc(N2CCN([*])CC2)c1,O=C(N1CCN(c2ccc(N3CCN(C4CCCCC4)CC3)cc2)CC1)N1Cc2ccccc2C#Cc2ccccc21,0.9997132,0.3746,0.0026613,38.8200,1.0000000,274.3680,0.8720069,3.0000,0.2496788,3.3823,1.0000000,1.0000,1.0000000,1.0000,[],[],18
30.3727,63.6328,-63.6328,0.0000000,C1(=O)Nc2c(cc(Oc3ccc(NC(=O)[*])cc3)cc2)N1c1ncc(N2CCN([*])CC2)n1,0,c1cc2c(cc1)C#Cc1ccccc1N(*)C2|C1C(CN)CCC(*)C1,C1(=O)Nc2c(cc(Oc3ccc(NC(=O)[*])cc3)cc2)N1c1ncc(N2CCN([*])CC2)n1,,0.0000000,0.0000,0.0000000,0.0000,0.0000000,0.0000,0.0000000,0.0000,0.0000000,0.0000,0.0000000,0.0000,0.0000000,0.0000,None,None,18
11.8054,32.5596,24.0186,0.4420169,NCC1CCC(N2CCN(c3cccc(N4CCN(C(=O)N5Cc6ccccc6C#Cc6ccccc65)CC4)c3)C2=O)CC1,1,c1cc2c(cc1)C#Cc1ccccc1N(*)C2|C1C(CN)CCC(*)C1,c1c(N2CCN(C([*])=O)CC2)cccc1N1C(=O)N([*])CC1,O=C(N1CCN(c2cccc(N3CCN(C4CCCCC4)C3=O)c2)CC1)N1Cc2ccccc2C#Cc2ccccc21,0.9995456,0.4946,0.0301865,55.8900,1.0000000,274.3240,0.8720069,3.0000,0.1793716,3.5283,1.0000000,1.0000,1.0000000,1.0000,[],[],18
7.9352,21.2884,-21.2884,0.0000000,NCC1CCC(N2CCN(c3ccc(S(=O)(=O)N4Cc5ccccc5C#Cc5ccccc54)cn3)CC2)CC1,1,c1cc2c(cc1)C#Cc1ccccc1N(*)C2|C1C(CN)CCC(*)C1,c1c(S(=O)(=O)[*])cnc(N2CCN([*])CC2)c1,O=S(=O)(c1ccc(N2CCN(C3CCCCC3)CC2)nc1)N1Cc2ccccc2C#Cc2ccccc21,0.9999914,-0.5385,0.0726125,62.3000,1.0000000,227.2890,0.9968477,2.0000,0.2368830,3.4064,1.0000000,1.0000,1.0000000,1.0000,[],[],18
8.1598,29.2932,-6.0719,0.1814160,NCC1CCC(N2CCN(c3cnc(N4CCN(c5ccc(NC(=O)N6Cc7ccccc7C#Cc7ccccc76)cc5)CC4)cn3)CC2)CC1,1,N1(*)c2c(cccc2)C#Cc2ccccc2C1|C1(*)CCC(CN)CC1,c1(N2CCN(c3ccc(NC([*])=O)cc3)CC2)ncc(N2CCN([*])CC2)nc1,O=C(Nc1ccc(N2CCN(c3cnc(N4CCN(C5CCCCC5)CC4)cn3)CC2)cc1)N1Cc2ccccc2C#Cc2ccccc21,0.9986368,0.7811,0.3810763,76.6300,1.0000000,367.4570,0.0031523,5.0000,0.1583042,3.5805,1.0000000,1.0000,1.0000000,1.0000,[],[],19
3.6019,17.0328,-17.0328,0.0000000,NCC1CCC(Nc2ccc(N3CCN(C(=O)N4Cc5ccccc5C#Cc5ccccc54)CC3)cc2)CC1,1,N1(*)c2c(cccc2)C#Cc2ccccc2C1|C1(*)CCC(CN)CC1,c1c(N2CCN(C(=O)[*])CC2)ccc(N[*])c1,O=C(N1CCN(c2ccc(NC3CCCCC3)cc2)CC1)N1Cc2ccccc2C#Cc2ccccc21,0.9994440,0.5472,0.0123798,49.5700,1.0000000,205.2610,0.9968477,2.0000,0.2960541,3.3009,1.0000000,1.0000,1.0000000,1.0000,[],[],19
10.8890,25.2847,40.8498,0.5166759,NCC1CCC(Oc2ccc(NC(=O)N3CCN(c4ccc(C(=O)N5Cc6ccccc6C#Cc6ccccc65)cc4)CC3)cc2)CC1,1,N1(*)c2c(cccc2)C#Cc2ccccc2C1|C1(*)CCC(CN)CC1,c1c(NC(=O)N2CCN(c3ccc(C(=O)[*])cc3)CC2)ccc(O[*])c1,O=C(Nc1ccc(OC2CCCCC2)cc1)N1CCN(c2ccc(C(=O)N3Cc4ccccc4C#Cc4ccccc43)cc2)CC1,0.4438248,2.5588,0.2641225,72.8800,1.0000000,325.3680,0.8720069,3.0000,0.2713799,3.3431,1.0000000,1.0000,1.0000000,1.0000,[],[],19
7.6787,25.8842,59.9567,0.6706319,NCC1CCC(NC(=O)Nc2ccc(N3CCN(C(=O)N4Cc5ccccc5C#Cc5ccccc54)CC3)cc2)CC1,1,N1(*)c2c(cccc2)C#Cc2ccccc2C1|C1(*)CCC(CN)CC1,c1c(N2CCN(C(=O)[*])CC2)ccc(NC(N[*])=O)c1,O=C(Nc1ccc(N2CCN(C(=O)N3Cc4ccccc4C#Cc4ccccc43)CC2)cc1)NC1CCCCC1,0.9996087,0.4556,0.4522949,78.6700,1.0000000,248.2860,0.8720069,3.0000,0.2900825,3.3109,1.0000000,1.0000,1.0000000,1.0000,[],[],19
15.2029,38.8091,29.8003,0.5360110,NCC1CCC(N2CCN(C(=O)N3CCCN(c4ccc(N5CCN(C(=O)N6Cc7ccccc7C#Cc7ccccc76)CC5)cc4)C3=O)CC2)CC1,1,N1(*)c2c(cccc2)C#Cc2ccccc2C1|C1(*)CCC(CN)CC1,c1c(N2CCN(C([*])=O)CC2)ccc(N2C(=O)N(C(=O)N3CCN([*])CC3)CCC2)c1,O=C(N1CCN(C2CCCCC2)CC1)N1CCCN(c2ccc(N3CCN(C(=O)N4Cc5ccccc5C#Cc5ccccc54)CC3)cc2)C1=O,0.9992584,0.6223,0.4798634,79.4400,1.0000000,400.4830,0.8720069,3.0000,0.1051138,3.7441,1.0000000,1.0000,1.0000000,1.0000,[],[],19
7.8722,27.0677,29.6499,0.4431069,NCC1CCC(Nc2ccc(C(=O)N3CCN(c4ccc(NC(=O)N5Cc6ccccc6C#Cc6ccccc65)cc4)CC3)cc2)CC1,1,N1(*)c2c(cccc2)C#Cc2ccccc2C1|C1(*)CCC(CN)CC1,O=C(N1CCN(c2ccc(NC(=O)[*])cc2)CC1)c1ccc(N[*])cc1,O=C(c1ccc(NC2CCCCC2)cc1)N1CCN(c2ccc(NC(=O)N3Cc4ccccc4C#Cc4ccccc43)cc2)CC1,0.9363308,1.7995,0.4522949,78.6700,1.0000000,324.3840,0.1279931,4.0000,0.2812089,3.3261,1.0000000,1.0000,1.0000000,1.0000,[],[],19
6.5846,22.7971,31.4470,0.4237822,NCC1CCC(N2CCN(c3ccc(N4CCN(C(=O)N5Cc6ccccc6C#Cc6ccccc65)CC4)cn3)CC2)CC1,1,N1(*)c2c(cccc2)C#Cc2ccccc2C1|C1(*)CCC(CN)CC1,c1(N2CCN(C(=O)[*])CC2)ccc(N2CCN([*])CC2)nc1,O=C(N1CCN(c2ccc(N3CCN(C4CCCCC4)CC3)nc2)CC1)N1Cc2ccccc2C#Cc2ccccc21,0.9999719,-0.2304,0.0167699,51.7100,1.0000000,275.3560,0.8720069,3.0000,0.1998514,3.4820,1.0000000,1.0000,1.0000000,1.0000,[],[],19
15.5771,44.6501,21.7269,0.5185696,NCC1CCC(N2CCN(N(C(=O)N3CCN(C(=O)N4Cc5ccccc5C#Cc5ccccc54)CC3)c3ccc(O)cc3)CC2)CC1,1,N1(*)c2c(cccc2)C#Cc2ccccc2C1|C1(*)CCC(CN)CC1,c1(N(C(N2CCN(C(=O)[*])CC2)=O)N2CCN([*])CC2)ccc(O)cc1,O=C(N1CCN(C(=O)N(c2ccccc2)N2CCN(C3CCCCC3)CC2)CC1)N1Cc2ccccc2C#Cc2ccccc21,0.9999512,-0.0872,0.4769904,79.3600,1.0000000,333.3920,0.8720069,3.0000,0.0910856,3.7993,1.0000000,1.0000,1.0000000,1.0000,[],[],19
14.5121,41.0120,-2.7739,0.2987345,NCC1CCC(N2CC3N(CC(=O)N3c3ccc(N4CCN(C(=O)N5Cc6ccccc6C#Cc6ccccc65)CC4)cc3)C2)CC1,1,N1(*)c2c(cccc2)C#Cc2ccccc2C1|C1(*)CCC(CN)CC1,c1(N2CCN(C(=O)[*])CC2)ccc(N2C(=O)CN3C2CN([*])C3)cc1,O=C(N1CCN(c2ccc(N3C(=O)CN4CN(C5CCCCC5)CC43)cc2)CC1)N1Cc2ccccc2C#Cc2ccccc21,0.9999900,-0.4996,0.0472710,59.1300,1.0000000,315.3770,0.8720069,3.0000,0.0255561,4.2650,1.0000000,1.0000,1.0000000,1.0000,[],[],19
9.1922,25.7188,30.1678,0.4366143,NCC1CCC(Nc2ccc(N3CCC(N4CCN(C(=O)N5Cc6ccccc6C#Cc6ccccc65)CC4)CC3)cc2)CC1,1,N1(*)c2c(cccc2)C#Cc2ccccc2C1|C1(*)CCC(CN)CC1,c1c(N2CCC(N3CCN(C(=O)[*])CC3)CC2)ccc(N[*])c1,O=C(N1CCN(C2CCN(c3ccc(NC4CCCCC4)cc3)CC2)CC1)N1Cc2ccccc2C#Cc2ccccc21,0.9967046,1.0116,0.0195899,52.8100,1.0000000,288.3950,0.8720069,3.0000,0.2115341,3.4571,1.0000000,1.0000,1.0000000,1.0000,[],[],19
29.6269,43.6288,-38.4026,0.0408291,NCC1CCC(CCOc2ccc(N3CCNCC3=O)cc2NC(=O)c2ccc(NC(=O)N3Cc4ccccc4C#Cc4ccccc43)cc2)CC1,1,N1(*)c2c(cccc2)C#Cc2ccccc2C1|C1(*)CCC(CN)CC1,c1cc(N2C(=O)CNCC2)cc(NC(c2ccc(NC([*])=O)cc2)=O)c1OCC[*],O=C(Nc1cc(N2CCNCC2=O)ccc1OCCC1CCCCC1)c1ccc(NC(=O)N2Cc3ccccc3C#Cc3ccccc32)cc1,0.9258611,1.8421,0.9450665,99.7700,1.0000000,382.4200,0.0000015,7.0000,0.1506931,3.6008,1.0000000,1.0000,1.0000000,1.0000,[],[],19
19.7705,55.5161,-33.3689,0.1730254,NCC1CCC(N2CC(=O)N2c2ccc(OC(=O)N3CCN(c4ccc(NC(=O)N5Cc6ccccc6C#Cc6ccccc65)cn4)CC3)cc2)CC1,1,N1(*)c2c(cccc2)C#Cc2ccccc2C1|C1(*)CCC(CN)CC1,O=C(N1c2ccc(OC(N3CCN(c4ncc(NC([*])=O)cc4)CC3)=O)cc2)CN1[*],O=C(Oc1ccc(N2C(=O)CN2C2CCCCC2)cc1)N1CCN(c2ccc(NC(=O)N3Cc4ccccc4C#Cc4ccccc43)cn2)CC1,0.9984049,0.8221,0.9801877,107.1100,1.0000000,396.4070,0.0031523,5.0000,0.0801597,3.8478,1.0000000,1.0000,1.0000000,1.0000,[],[],19
6.2843,21.5963,-21.3206,0.0021539,CC(C(=O)N1Cc2ccccc2C#Cc2ccccc21)N1CCN(c2ccc(OC3CCC(CN)CC3)cc2)C1=O,1,N1(*)c2c(cccc2)C#Cc2ccccc2C1|C1(*)CCC(CN)CC1,c1c(N2C(=O)N(C(C(=O)[*])C)CC2)ccc(O[*])c1,O=C1N(CC(=O)N2Cc3ccccc3C#Cc3ccccc32)CCN1c1ccc(OC2CCCCC2)cc1,0.9999319,0.0000,0.0000100,0.0000,0.0000000,0.0000,0.9999985,0.0000,0.0583761,3.9661,1.0000000,1.0000,1.0000000,1.0000,[],[],19
6.5846,22.7971,-22.7971,0.0000000,NCC1CCC(N2CCN(c3ccc(N4CCN(C(=O)N5Cc6ccccc6C#Cc6ccccc65)CC4)cn3)CC2)CC1,2,N1(*)c2c(cccc2)C#Cc2ccccc2C1|C1(*)CCC(CN)CC1,c1(N2CCN(C(=O)[*])CC2)ccc(N2CCN([*])CC2)nc1,O=C(N1CCN(c2ccc(N3CCN(C4CCCCC4)CC3)nc2)CC1)N1Cc2ccccc2C#Cc2ccccc21,0.0000000,-0.2304,0.0000000,51.7100,0.0000000,275.3560,0.0000000,3.0000,0.0000000,3.4820,0.0000000,1.0000,0.0000000,1.0000,[],[],19
8.6918,16.8703,-16.8703,0.0000000,NCC1CCC(N2CCN(C(=O)Oc3ccc(NC(=O)N4Cc5ccccc5C#Cc5ccccc54)cc3)CC2)CC1,1,N1(*)c2c(cccc2)C#Cc2ccccc2C1|C1(*)CCC(CN)CC1,c1(NC(=O)[*])ccc(OC(N2CCN([*])CC2)=O)cc1,O=C(Oc1ccc(NC(=O)N2Cc3ccccc3C#Cc3ccccc32)cc1)N1CCN(C2CCCCC2)CC1,0.9991466,0.6589,0.2070672,70.6700,1.0000000,249.2700,0.8720069,3.0000,0.2696907,3.3461,1.0000000,1.0000,1.0000000,1.0000,[],[],19
11.8141,35.4442,-35.4442,0.0000000,c1cc(NC(=O)N2CCCC2C(=O)[*])cc1N1CCN([*])CC1,0,N1(*)c2c(cccc2)C#Cc2ccccc2C1|C1(*)CCC(CN)CC1,c1cc(NC(=O)N2CCCC2C(=O)[*])cc1N1CCN([*])CC1,,0.0000000,0.0000,0.0000000,0.0000,0.0000000,0.0000,0.0000000,0.0000,0.0000000,0.0000,0.0000000,0.0000,0.0000000,0.0000,None,None,19
3.7384,13.6853,-13.6853,0.0000000,NCC1CCC(N2CCN(c3ccc(NC(=O)N4Cc5ccccc5C#Cc5ccccc54)cc3)CC2)CC1,1,N1(*)c2c(cccc2)C#Cc2ccccc2C1|C1(*)CCC(CN)CC1,c1cc(NC(=O)[*])ccc1N1CCN([*])CC1,O=C(Nc1ccc(N2CCN(C3CCCCC3)CC2)cc1)N1Cc2ccccc2C#Cc2ccccc21,0.9999319,0.0000,0.0000100,0.0000,0.0000000,0.0000,0.9999985,0.0000,0.3201826,3.2616,1.0000000,1.0000,1.0000000,1.0000,[],[],19
6.2057,19.1933,-18.8190,0.0029237,NCC1CCC(Nc2ccc(N3CCN(C(=O)N4Cc5ccccc5C#Cc5ccccc54)CC3)cn2)CC1,1,N1(*)c2c(cccc2)C#Cc2ccccc2C1|C1(*)CCC(CN)CC1,c1(N2CCN(C(=O)[*])CC2)ccc(N[*])nc1,O=C(N1CCN(c2ccc(NC3CCCCC3)nc2)CC1)N1Cc2ccccc2C#Cc2ccccc21,0.9999319,0.0000,0.0000100,0.0000,0.0000000,0.0000,0.9999985,0.0000,0.2239461,3.4318,1.0000000,1.0000,1.0000000,1.0000,[],[],19
15.9709,50.9804,-50.9804,0.0000000,O=C(c1ccc(N2N=C(c3ccc(N3CCN(C(=O)[*])CC3)cc2)O)cc1)N1CCN([*])CC1,0,N1(*)c2c(cccc2)C#Cc2ccccc2C1|C1(*)CCC(CN)CC1,O=C(c1ccc(N2N=C(c3ccc(N3CCN(C(=O)[*])CC3)cc2)O)cc1)N1CCN([*])CC1,,0.0000000,0.0000,0.0000000,0.0000,0.0000000,0.0000,0.0000000,0.0000,0.0000000,0.0000,0.0000000,0.0000,0.0000000,0.0000,None,None,19
5.3030,22.2442,24.0422,0.3616125,NCC1CCC(N2CCN(c3ccc(N4CCN(C(=O)N5Cc6ccccc6C#Cc6ccccc65)CC4)cc3)CC2)CC1,1,N1(*)c2c(cccc2)C#Cc2ccccc2C1|C1(*)CCC(CN)CC1,c1cc(N2CCN(C([*])=O)CC2)ccc1N1CCN([*])CC1,O=C(N1CCN(c2ccc(N3CCN(C4CCCCC4)CC3)cc2)CC1)N1Cc2ccccc2C#Cc2ccccc21,0.9997132,0.3746,0.0026613,38.8200,1.0000000,274.3680,0.8720069,3.0000,0.2496788,3.3823,1.0000000,1.0000,1.0000000,1.0000,[],[],19
7.2468,23.6338,-23.2318,0.0031408,NCC1CCC(N2CCN(c3ccc(NC(=O)Nc4ccc(N5Cc6ccccc6C#Cc6ccccc65)cc4)cc3)CC2)CC1,1,N1(*)c2c(cccc2)C#Cc2ccccc2C1|C1(*)CCC(CN)CC1,[*]c1ccc(NC(Nc2ccc(N3CCN([*])CC3)cc2)=O)cc1,O=C(Nc1ccc(N2CCN(C3CCCCC3)CC2)cc1)Nc1ccc(N2Cc3ccccc3C#Cc3ccccc32)cc1,0.9999319,0.0000,0.0000100,0.0000,0.0000000,0.0000,0.9999985,0.0000,0.3069220,3.2830,1.0000000,1.0000,1.0000000,1.0000,[],[],19
3.7076,14.0113,-14.0113,0.0000000,NCC1CCC(N2CCN(c3ccc(NC(=O)N4Cc5ccccc5C#Cc5ccccc54)cc3)CC2)CC1,2,N1(*)c2c(cccc2)C#Cc2ccccc2C1|C1(*)CCC(CN)CC1,N1(c2ccc(NC(=O)[*])cc2)CCN([*])CC1,O=C(Nc1ccc(N2CCN(C3CCCCC3)CC2)cc1)N1Cc2ccccc2C#Cc2ccccc21,0.0000000,0.0000,0.0000000,0.0000,0.0000000,0.0000,0.0000000,0.0000,0.0000000,3.2616,0.0000000,1.0000,0.0000000,1.0000,[],[],19
6.9874,23.5085,15.4262,0.3041770,NCC1CCC(Oc2ccc(N3CCN(c4ccc(NC(=O)N5Cc6ccccc6C#Cc6ccccc65)cc4)CC3)cc2)CC1,1,N1(*)c2c(cccc2)C#Cc2ccccc2C1|C1(*)CCC(CN)CC1,c1cc(N2CCN(c3ccc(NC([*])=O)cc3)CC2)ccc1O[*],O=C(Nc1ccc(N2CCN(c3ccc(OC4CCCCC4)cc3)CC2)cc1)N1Cc2ccccc2C#Cc2ccccc21,0.6936063,2.2871,0.0298513,55.8100,1.0000000,297.3580,0.1279931,4.0000,0.2822888,3.3242,1.0000000,1.0000,1.0000000,1.0000,[],[],19
4.5608,14.5531,-14.5531,0.0000000,NCC1CCC(N2CCN(c3ccc(NC(=O)N4Cc5ccccc5C#Cc5ccccc54)cc3)CC2)CC1,2,N1(*)c2c(cccc2)C#Cc2ccccc2C1|C1(*)CCC(CN)CC1,C1CN(c2ccc(NC(=O)[*])cc2)CCN1[*],O=C(Nc1ccc(N2CCN(C3CCCCC3)CC2)cc1)N1Cc2ccccc2C#Cc2ccccc21,0.0000000,0.0000,0.0000000,0.0000,0.0000000,0.0000,0.0000000,0.0000,0.0000000,3.2616,0.0000000,1.0000,0.0000000,1.0000,[],[],19
6.5557,21.7407,-21.7407,0.0000000,NCC1CCC(Nc2ccc(N3CCN(C(=O)N4Cc5ccccc5C#Cc5ccccc54)CC3)cn2)CC1,2,N1(*)c2c(cccc2)C#Cc2ccccc2C1|C1(*)CCC(CN)CC1,O=C([*])N1CCN(c2ccc(N[*])nc2)CC1,O=C(N1CCN(c2ccc(NC3CCCCC3)nc2)CC1)N1Cc2ccccc2C#Cc2ccccc21,0.0000000,0.0000,0.0000000,0.0000,0.0000000,0.0000,0.0000000,0.0000,0.0000000,3.4318,0.0000000,1.0000,0.0000000,1.0000,[],[],19
9.3977,24.8071,-24.8071,0.0000000,NCC1CCC(N2CCN(c3ccc(NC(=O)Nc4ccc(N5Cc6ccccc6C#Cc6ccccc65)cc4)cc3)CC2)CC1,2,N1(*)c2c(cccc2)C#Cc2ccccc2C1|C1(*)CCC(CN)CC1,C1N(c2ccc(NC(=O)Nc3ccc([*])cc3)cc2)CCN([*])C1,O=C(Nc1ccc(N2CCN(C3CCCCC3)CC2)cc1)Nc1ccc(N2Cc3ccccc3C#Cc3ccccc32)cc1,0.0000000,0.0000,0.0000000,0.0000,0.0000000,0.0000,0.0000000,0.0000,0.0000000,3.2830,0.0000000,1.0000,0.0000000,1.0000,[],[],19
7.3703,20.8001,-20.8001,0.0000000,CC(C(=O)N1Cc2ccccc2C#Cc2ccccc21)N1CCN(c2ccc(OC3CCC(CN)CC3)cc2)C1=O,2,N1(*)c2c(cccc2)C#Cc2ccccc2C1|C1(*)CCC(CN)CC1,c1c(N2C(=O)N(C(C)C(=O)[*])CC2)ccc(O[*])c1,O=C1N(CC(=O)N2Cc3ccccc3C#Cc3ccccc32)CCN1c1ccc(OC2CCCCC2)cc1,0.0000000,0.0000,0.0000000,0.0000,0.0000000,0.0000,0.0000000,0.0000,0.0000000,3.9661,0.0000000,1.0000,0.0000000,1.0000,[],[],19
17.1887,42.3465,10.0216,0.4091258,NCC1CCC(NN2CCN(c3ccc(N4CCN(C(=O)N5Cc6ccccc6C#Cc6ccccc65)CC4)cc3)C2)CC1,1,N1(*)c2c(cccc2)C#Cc2ccccc2C1|C1(*)CCC(CN)CC1,c1cc(N2CCN(C([*])=O)CC2)ccc1N1CN(N[*])CC1,O=C(N1CCN(c2ccc(N3CCN(NC4CCCCC4)C3)cc2)CC1)N1Cc2ccccc2C#Cc2ccccc21,0.9999502,-0.0818,0.0308680,56.0500,1.0000000,275.3560,0.8720069,3.0000,0.1261740,3.6724,1.0000000,1.0000,1.0000000,1.0000,[],[],19
17.1420,50.9947,15.5433,0.5198283,NCC1CCC(N2CN(C(=O)N3CCN(c4ccc(OC(=O)N5Cc6ccccc6C#Cc6ccccc65)cc4)C3)C2=O)CC1,1,N1(*)c2c(cccc2)C#Cc2ccccc2C1|C1(*)CCC(CN)CC1,O=C(N1CCN(c2ccc(OC(=O)[*])cc2)C1)N1C(=O)N([*])C1,O=C(N1CCN(c2ccc(OC(=O)N3Cc4ccccc4C#Cc4ccccc43)cc2)C1)N1CN(C2CCCCC2)C1=O,0.9996790,0.4040,0.5781459,82.1900,1.0000000,290.2790,0.8720069,3.0000,0.0836443,3.8317,1.0000000,1.0000,1.0000000,1.0000,[],[],19
14.5575,46.7256,-46.7256,0.0000000,c1cc(NC(=O)N2CCN(c3ccc(N4C(=O)CCC4)cc3OC(=O)[*])CC2)cc1O[*],0,N1(*)c2c(cccc2)C#Cc2ccccc2C1|C1(*)CCC(CN)CC1,c1cc(NC(=O)N2CCN(c3ccc(N4C(=O)CCC4)cc3OC(=O)[*])CC2)cc1O[*],,0.0000000,0.0000,0.0000000,0.0000,0.0000000,0.0000,0.0000000,0.0000,0.0000000,0.0000,0.0000000,0.0000,0.0000000,0.0000,None,None,19
4.9489,14.6941,-14.6941,0.0000000,NCC1CCC(N2CCN(c3ccc(NC(=O)N4Cc5ccccc5C#Cc5ccccc54)cc3)CC2)CC1,2,N1(*)c2c(cccc2)C#Cc2ccccc2C1|C1(*)CCC(CN)CC1,C1N(c2ccc(NC(=O)[*])cc2)CCN([*])C1,O=C(Nc1ccc(N2CCN(C3CCCCC3)CC2)cc1)N1Cc2ccccc2C#Cc2ccccc21,0.0000000,0.0000,0.0000000,0.0000,0.0000000,0.0000,0.0000000,0.0000,0.0000000,3.2616,0.0000000,1.0000,0.0000000,1.0000,[],[],19
8.2771,22.4026,-22.4026,0.0000000,NCC1CCC(N2C(=O)CN(c3ccc(N4CCN(C(=O)N5Cc6ccccc6C#Cc6ccccc65)CC4)cc3)C2=O)CC1,1,N1(*)c2c(cccc2)C#Cc2ccccc2C1|C1(*)CCC(CN)CC1,N1(c2ccc(N3CCN(C(=O)[*])CC3)cc2)C(=O)N([*])C(=O)C1,O=C(N1CCN(c2ccc(N3CC(=O)N(C4CCCCC4)C3=O)cc2)CC1)N1Cc2ccccc2C#Cc2ccccc21,0.0000000,0.0000,0.0000000,0.0000,0.0000000,0.0000,0.0000000,0.0000,0.0000000,0.0000,0.0000000,0.0000,0.0000000,0.0000,['[NX3][CX4][CX3](=O)[NX3][CX3](=O)'],None,19
18.2135,29.7837,8.5571,0.2995378,NCC1CCC(N2CCN(C(=O)OCCOc3cccc(N4Cc5ccccc5C#Cc5ccccc54)c3)CC2)CC1,1,C1c2ccccc2C#Cc2c(cccc2)N1*|*C1CCC(CN)CC1,[*]c1cccc(OCCOC(=O)N2CCN([*])CC2)c1,O=C(OCCOc1cccc(N2Cc3ccccc3C#Cc3ccccc32)c1)N1CCN(C2CCCCC2)CC1,0.9952511,1.1072,0.0147418,50.8000,1.0000000,250.2980,0.1279931,4.0000,0.2616444,3.3604,1.0000000,1.0000,1.0000000,1.0000,[],[],20
7.7402,22.7282,54.9876,0.6071542,NCC1CCC(Nc2ncc(N3CCN(C(=O)N4Cc5ccccc5C#Cc5ccccc54)CC3)cn2)CC1,1,C1c2ccccc2C#Cc2c(cccc2)N1*|*C1CCC(CN)CC1,c1c(N2CCN(C(=O)[*])CC2)cnc(N[*])n1,O=C(N1CCN(c2cnc(NC3CCCCC3)nc2)CC1)N1Cc2ccccc2C#Cc2ccccc21,0.9999946,-0.6628,0.3386784,75.3500,1.0000000,207.2370,0.9968477,2.0000,0.1918042,3.4997,1.0000000,1.0000,1.0000000,1.0000,[],[],20
5.0215,17.9463,-17.5557,0.0030516,NCC1CCC(N2CCN(c3ccc(N4Cc5ccccc5C#Cc5ccccc54)cn3)CC2)CC1,1,C1c2ccccc2C#Cc2c(cccc2)N1*|*C1CCC(CN)CC1,c1c([*])ccc(N2CCN([*])CC2)n1,C1#Cc2ccccc2N(c2ccc(N3CCN(C4CCCCC4)CC3)nc2)Cc2ccccc21,0.9999319,0.0000,0.0000100,0.0000,0.0000000,0.0000,0.9999985,0.0000,0.2703631,3.3449,1.0000000,1.0000,1.0000000,1.0000,[],[],20
26.1559,46.4038,6.5824,0.4139547,CN(C(=O)c1ccc(NC(=O)N2CCN(C3CCC(CN)CC3)CC2)cc1)c1nc(C(=O)N2Cc3ccccc3C#Cc3ccccc32)cs1,1,C1c2ccccc2C#Cc2c(cccc2)N1*|*C1CCC(CN)CC1,N1(C(=O)Nc2ccc(C(=O)N(c3scc(C(=O)[*])n3)C)cc2)CCN([*])CC1,O=C(Nc1nc(C(=O)N2Cc3ccccc3C#Cc3ccccc32)cs1)c1ccc(NC(=O)N2CCN(C3CCCCC3)CC2)cc1,0.9603775,1.6693,0.8915687,94.6400,1.0000000,373.4380,0.1279931,4.0000,0.1447456,3.6172,1.0000000,1.0000,1.0000000,1.0000,[],[],20
4.3790,20.9259,46.8152,0.5292270,NCC1CCC(Nc2ccc(N3CCN(C(=O)N4Cc5ccccc5C#Cc5ccccc54)CC3)cn2)CC1,1,C1c2ccccc2C#Cc2c(cccc2)N1*|*C1CCC(CN)CC1,c1c(N2CCN(C(=O)[*])CC2)ccc(N[*])n1,O=C(N1CCN(c2ccc(NC3CCCCC3)nc2)CC1)N1Cc2ccccc2C#Cc2ccccc21,0.9999454,-0.0578,0.0741784,62.4600,1.0000000,206.2490,0.9968477,2.0000,0.2239461,3.4318,1.0000000,1.0000,1.0000000,1.0000,[],[],20
8.5149,34.9250,34.4521,0.5420091,NCC1CCC(Nc2ncsc2N2CCN(S(=O)(=O)N3Cc4ccccc4C#Cc4ccccc43)CC2)CC1,1,C1c2ccccc2C#Cc2c(cccc2)N1*|*C1CCC(CN)CC1,O=S(=O)([*])N1CCN(c2scnc2N[*])CC1,O=S(=O)(N1CCN(c2scnc2NC2CCCCC2)CC1)N1Cc2ccccc2C#Cc2ccccc21,0.9999939,-0.6263,0.4830968,79.5300,1.0000000,248.3330,0.9968477,2.0000,0.0974650,3.7733,1.0000000,1.0000,1.0000000,1.0000,[],[],20
3.5690,16.5718,-16.5718,0.0000000,NCC1CCC(N2CCN(c3ccc(N4Cc5ccccc5C#Cc5ccccc54)cn3)CC2)CC1,2,C1c2ccccc2C#Cc2c(cccc2)N1*|*C1CCC(CN)CC1,[*]c1ccc(N2CCN([*])CC2)nc1,C1#Cc2ccccc2N(c2ccc(N3CCN(C4CCCCC4)CC3)nc2)Cc2ccccc21,0.0000000,0.0000,0.0000000,0.0000,0.0000000,0.0000,0.0000000,0.0000,0.0000000,3.3449,0.0000000,1.0000,0.0000000,1.0000,[],[],20
9.4288,34.6962,34.4830,0.5404626,NCC1CCC(N2CN(c3ccc(N4CCN(C(=O)N5Cc6ccccc6C#Cc6ccccc65)CC4)cc3)C(=O)C2=O)CC1,1,C1c2ccccc2C#Cc2c(cccc2)N1*|*C1CCC(CN)CC1,c1cc(N2CCN(C(=O)[*])CC2)ccc1N1C(=O)C(=O)N([*])C1,O=C1C(=O)N(C2CCCCC2)CN1c1ccc(N2CCN(C(=O)N3Cc4ccccc4C#Cc4ccccc43)CC2)cc1,0.9999936,-0.6147,0.2663663,72.9600,1.0000000,288.3070,0.8720069,3.0000,0.1462056,3.6131,1.0000000,1.0000,1.0000000,1.0000,[],[],20
9.9183,22.9071,10.9463,0.2644796,CN(C(=O)c1ccc(N2Cc3ccccc3C#Cc3ccccc32)cc1)C1CCN(C2CCC(CN)CC2)C1,1,C1c2ccccc2C#Cc2c(cccc2)N1*|*C1CCC(CN)CC1,C1CC(N(C(=O)c2ccc([*])cc2)C)CN1[*],O=C(NC1CCN(C2CCCCC2)C1)c1ccc(N2Cc3ccccc3C#Cc3ccccc32)cc1,0.9950036,1.1205,0.0010490,32.3400,1.0000000,204.2730,0.9968477,2.0000,0.0894412,3.8062,1.0000000,1.0000,1.0000000,1.0000,[],[],20
8.7348,25.8663,17.5137,0.3389061,CN(c1ccc(N2CCN(C(=O)N3Cc4ccccc4C#Cc4ccccc43)CC2)cc1)C1CCC(CN)CC1,1,C1c2ccccc2C#Cc2c(cccc2)N1*|*C1CCC(CN)CC1,c1c(N2CCN(C([*])=O)CC2)ccc(N([*])C)c1,O=C(N1CCN(c2ccc(NC3CCCCC3)cc2)CC1)N1Cc2ccccc2C#Cc2ccccc21,0.9967659,1.0067,0.0016712,35.5800,1.0000000,219.2880,0.8720069,3.0000,0.2375618,3.4051,1.0000000,1.0000,1.0000000,1.0000,[],[],20
3.6335,14.6372,20.2039,0.2721959,NCC1CCC(N2CCN(c3ccc(N4Cc5ccccc5C#Cc5ccccc54)cc3)CC2)CC1,1,C1c2ccccc2C#Cc2c(cccc2)N1*|*C1CCC(CN)CC1,[*]c1ccc(N2CCN([*])CC2)cc1,C1#Cc2ccccc2N(c2ccc(N3CCN(C4CCCCC4)CC3)cc2)Cc2ccccc21,0.9954464,1.0962,0.0000900,15.2700,1.0000000,162.2360,0.9999319,1.0000,0.3453978,3.2221,1.0000000,1.0000,1.0000000,1.0000,[],[],20
6.1303,15.9920,24.0847,0.3130991,NCC1CCC(N2CCN(c3ccc(N4Cc5ccccc5C#Cc5ccccc54)nc3)CC2)CC1,1,C1c2ccccc2C#Cc2c(cccc2)N1*|*C1CCC(CN)CC1,c1nc([*])ccc1N1CCN([*])CC1,C1#Cc2ccccc2N(c2ccc(N3CCN(C4CCCCC4)CC3)cn2)Cc2ccccc21,0.9995515,0.4912,0.0005751,28.1600,1.0000000,163.2240,0.9999319,1.0000,0.2519686,3.3781,1.0000000,1.0000,1.0000000,1.0000,[],[],20
7.0328,24.5665,23.0476,0.3719853,NCC1CCC(N2CCN(c3ccc(OC(=O)N4Cc5ccccc5C#Cc5ccccc54)c(Cl)c3)CC2)CC1,1,C1c2ccccc2C#Cc2c(cccc2)N1*|*C1CCC(CN)CC1,c1c(Cl)c(OC([*])=O)ccc1N1CCN([*])CC1,O=C(Oc1ccc(N2CCN(C3CCCCC3)CC2)cc1)N1Cc2ccccc2C#Cc2ccccc21,0.9906548,1.2848,0.0039483,41.5700,1.0000000,240.6900,0.8720069,3.0000,0.2342719,3.4115,1.0000000,1.0000,1.0000000,1.0000,[],[],20
18.6386,36.5264,-36.5264,0.0000000,c1(OC)cc(N(C(=O)[*])C(OC)=O)cc1Cl,0,C1c2ccccc2C#Cc2c(cccc2)N1*|*C1CCC(CN)CC1,c1(OC)cc(N(C(=O)[*])C(OC)=O)cc1Cl,,0.0000000,0.0000,0.0000000,0.0000,0.0000000,0.0000,0.0000000,0.0000,0.0000000,0.0000,0.0000000,0.0000,0.0000000,0.0000,None,None,20
5.4523,17.2859,-17.2859,0.0000000,NCC1CCC(Oc2ccc(N3CCN(C(=O)N4Cc5ccccc5C#Cc5ccccc54)CC3)cc2)CC1,1,C1c2ccccc2C#Cc2c(cccc2)N1*|*C1CCC(CN)CC1,c1c(N2CCN(C(=O)[*])CC2)ccc(O[*])c1,O=C(N1CCN(c2ccc(OC3CCCCC3)cc2)CC1)N1Cc2ccccc2C#Cc2ccccc21,0.9991075,0.6706,0.0054186,43.7800,1.0000000,206.2450,0.9968477,2.0000,0.2829516,3.3231,1.0000000,1.0000,1.0000000,1.0000,[],[],20
6.9043,15.0096,32.2306,0.3690646,NCC1CCC(N2CCN(c3cnc(N4Cc5ccccc5C#Cc5ccccc54)cn3)CC2)CC1,1,C1c2ccccc2C#Cc2c(cccc2)N1*|*C1CCC(CN)CC1,c1c([*])ncc(N2CCN([*])CC2)n1,C1#Cc2ccccc2N(c2cnc(N3CCN(C4CCCCC4)CC3)cn2)Cc2ccccc21,0.9999560,-0.1138,0.0036646,41.0500,1.0000000,164.2120,0.9999319,1.0000,0.2057223,3.4694,1.0000000,1.0000,1.0000000,1.0000,[],[],20
4.3305,19.7586,-19.7586,0.0000000,NCC1CCC(Nc2ccc(N3CCN(C(=O)N4Cc5ccccc5C#Cc5ccccc54)CC3)cc2)CC1,1,C1c2ccccc2C#Cc2c(cccc2)N1*|*C1CCC(CN)CC1,c1c(N2CCN(C(=O)[*])CC2)ccc(N[*])c1,O=C(N1CCN(c2ccc(NC3CCCCC3)cc2)CC1)N1Cc2ccccc2C#Cc2ccccc21,0.9994440,0.5472,0.0123798,49.5700,1.0000000,205.2610,0.9968477,2.0000,0.2960541,3.3009,1.0000000,1.0000,1.0000000,1.0000,[],[],20
8.1784,29.9659,41.3697,0.5573096,NCC1CCC(N2CCN(c3ccc(NC(=O)N4CCN(C(=O)N5Cc6ccccc6C#Cc6ccccc65)CC4)cc3)CC2)CC1,1,C1c2ccccc2C#Cc2c(cccc2)N1*|*C1CCC(CN)CC1,C1CN(c2ccc(NC(=O)N3CCN(C(=O)[*])CC3)cc2)CCN1[*],O=C(Nc1ccc(N2CCN(C3CCCCC3)CC2)cc1)N1CCN(C(=O)N2Cc3ccccc3C#Cc3ccccc32)CC1,0.9996813,0.4021,0.1495097,67.9200,1.0000000,317.3930,0.8720069,3.0000,0.2234398,3.4328,1.0000000,1.0000,1.0000000,1.0000,[],[],20
7.6630,13.3131,32.6728,0.3592647,NCC1CCC(N2CCN(c3ccc(C(=O)N4Cc5ccccc5C#Cc5ccccc54)cc3)CC2)CC1,1,C1c2ccccc2C#Cc2c(cccc2)N1*|*C1CCC(CN)CC1,O=C([*])c1ccc(N2CCN([*])CC2)cc1,O=C(c1ccc(N2CCN(C3CCCCC3)CC2)cc1)N1Cc2ccccc2C#Cc2ccccc21,0.9977773,0.9087,0.0010490,32.3400,1.0000000,190.2460,0.9968477,2.0000,0.3432631,3.2254,1.0000000,1.0000,1.0000000,1.0000,[],[],20
16.2913,54.4485,9.9889,0.5034168,CN(C(=O)N1CCN(C2CCC(CN)CC2)CC1)c1ccc(N2CCN(S(=O)(=O)N3Cc4ccccc4C#Cc4ccccc43)C2=O)cn1,1,C1c2ccccc2C#Cc2c(cccc2)N1*|*C1CCC(CN)CC1,O=S(=O)([*])N1C(=O)N(c2ccc(N(C(=O)N3CCN([*])CC3)C)nc2)CC1,O=C(Nc1ccc(N2CCN(S(=O)(=O)N3Cc4ccccc4C#Cc4ccccc43)C2=O)cn1)N1CCN(C2CCCCC2)CC1,0.9999952,-0.6886,0.9773510,106.1600,1.0000000,368.4190,0.8720069,3.0000,0.0558459,3.9824,1.0000000,1.0000,1.0000000,1.0000,[],[],20
7.1352,11.3348,60.0514,0.5577048,NCC1CCC(Nc2ccc(S(=O)(=O)N3Cc4ccccc4C#Cc4ccccc43)cc2)CC1,1,C1c2ccccc2C#Cc2c(cccc2)N1*|*C1CCC(CN)CC1,c1c(S(=O)(=O)[*])ccc(N[*])c1,O=S(=O)(c1ccc(NC2CCCCC2)cc1)N1Cc2ccccc2C#Cc2ccccc21,0.9998295,0.2391,0.0544129,60.1600,1.0000000,157.1940,0.9999319,1.0000,0.3284197,3.2485,1.0000000,1.0000,1.0000000,1.0000,[],[],20
9.3183,21.4171,48.2996,0.5446613,NCC1CCC(Oc2ccc(C(=O)N3CCN(C(=O)N4Cc5ccccc5C#Cc5ccccc54)CC3)cc2)CC1,1,C1c2ccccc2C#Cc2c(cccc2)N1*|*C1CCC(CN)CC1,c1c(C(=O)N2CCN(C([*])=O)CC2)ccc(O[*])c1,O=C(c1ccc(OC2CCCCC2)cc1)N1CCN(C(=O)N2Cc3ccccc3C#Cc3ccccc32)CC1,0.9997792,0.3064,0.0597539,60.8500,1.0000000,234.2550,0.9968477,2.0000,0.2832064,3.3226,1.0000000,1.0000,1.0000000,1.0000,[],[],20
13.7783,35.3672,-1.5461,0.2642275,CN(C(=O)N1CCN(C2CCC(CN)CC2)CC1)c1ccc(-c2ccc(N3Cc4ccccc4C#Cc4ccccc43)nc2)c(Cl)c1,1,C1c2ccccc2C#Cc2c(cccc2)N1*|*C1CCC(CN)CC1,c1(Cl)c(-c2ccc([*])nc2)ccc(N(C(N2CCN([*])CC2)=O)C)c1,O=C(Nc1ccc(-c2ccc(N3Cc4ccccc4C#Cc4ccccc43)nc2)cc1)N1CCN(C2CCCCC2)CC1,0.1986746,2.8634,0.0105865,48.4700,1.0000000,330.8190,0.9968477,2.0000,0.1404167,3.6295,1.0000000,1.0000,1.0000000,1.0000,[],[],20
8.6723,19.9756,-19.9756,0.0000000,NCC1CCC(N2CCN(c3ccc(S(=O)(=O)N4Cc5ccccc5C#Cc5ccccc54)cn3)CC2)CC1,1,C1c2ccccc2C#Cc2c(cccc2)N1*|*C1CCC(CN)CC1,n1cc(S(=O)(=O)[*])ccc1N1CCN([*])CC1,O=S(=O)(c1ccc(N2CCN(C3CCCCC3)CC2)nc1)N1Cc2ccccc2C#Cc2ccccc21,0.9999914,-0.5385,0.0726125,62.3000,1.0000000,227.2890,0.9968477,2.0000,0.2368830,3.4064,1.0000000,1.0000,1.0000000,1.0000,[],[],20
6.4492,28.7528,42.3830,0.5557485,NCC1CCC(N2CCN(C(=O)N3CCN(c4ccc(NC(=O)N5Cc6ccccc6C#Cc6ccccc65)cc4)CC3)CC2)CC1,1,C1c2ccccc2C#Cc2c(cccc2)N1*|*C1CCC(CN)CC1,O=C(N1CCN(c2ccc(NC(=O)[*])cc2)CC1)N1CCN([*])CC1,O=C(N1CCN(c2ccc(NC(=O)N3Cc4ccccc4C#Cc4ccccc43)cc2)CC1)N1CCN(C2CCCCC2)CC1,0.9996813,0.4021,0.1495097,67.9200,1.0000000,317.3930,0.8720069,3.0000,0.2206990,3.4383,1.0000000,1.0000,1.0000000,1.0000,[],[],20
3.5690,16.5718,-16.5718,0.0000000,NCC1CCC(N2CCN(c3ccc(N4Cc5ccccc5C#Cc5ccccc54)cn3)CC2)CC1,2,C1c2ccccc2C#Cc2c(cccc2)N1*|*C1CCC(CN)CC1,[*]c1ccc(N2CCN([*])CC2)nc1,C1#Cc2ccccc2N(c2ccc(N3CCN(C4CCCCC4)CC3)nc2)Cc2ccccc21,0.0000000,0.0000,0.0000000,0.0000,0.0000000,0.0000,0.0000000,0.0000,0.0000000,3.3449,0.0000000,1.0000,0.0000000,1.0000,[],[],20
14.1116,37.1694,15.4201,0.4108553,NCC1CCC(N2CCN(c3ccc(C(=O)N4CCN(N5Cc6ccccc6C#Cc6ccccc65)CC4)cc3)CC2)CC1,1,C1c2ccccc2C#Cc2c(cccc2)N1*|*C1CCC(CN)CC1,C1N(c2ccc(C(=O)N3CCN([*])CC3)cc2)CCN([*])C1,O=C(c1ccc(N2CCN(C3CCCCC3)CC2)cc1)N1CCN(N2Cc3ccccc3C#Cc3ccccc32)CC1,0.9998827,0.1416,0.0093657,47.6100,1.0000000,274.3680,0.9968477,2.0000,0.2068934,3.4669,1.0000000,1.0000,1.0000000,1.0000,[],[],20
5.7606,26.1301,20.1563,0.3616125,NCC1CCC(N2CCN(c3ccc(N4CCN(C(=O)N5Cc6ccccc6C#Cc6ccccc65)CC4)cc3)CC2)CC1,1,C1c2ccccc2C#Cc2c(cccc2)N1*|*C1CCC(CN)CC1,c1cc(N2CCN(C([*])=O)CC2)ccc1N1CCN([*])CC1,O=C(N1CCN(c2ccc(N3CCN(C4CCCCC4)CC3)cc2)CC1)N1Cc2ccccc2C#Cc2ccccc21,0.9997132,0.3746,0.0026613,38.8200,1.0000000,274.3680,0.8720069,3.0000,0.2496788,3.3823,1.0000000,1.0000,1.0000000,1.0000,[],[],20
8.3852,28.3066,22.0835,0.3936730,CN(c1ccc(N2CCN(C(=O)N3Cc4ccccc4C#Cc4ccccc43)CC2)cn1)C1CCC(CN)CC1,1,C1c2ccccc2C#Cc2c(cccc2)N1*|*C1CCC(CN)CC1,c1(N2CCN(C(=O)[*])CC2)ccc(N([*])C)nc1,O=C(N1CCN(c2ccc(NC3CCCCC3)nc2)CC1)N1Cc2ccccc2C#Cc2ccccc21,0.9996818,0.4017,0.0105865,48.4700,1.0000000,220.2760,0.8720069,3.0000,0.1819241,3.5223,1.0000000,1.0000,1.0000000,1.0000,[],[],20
3.6335,14.6372,-14.6372,0.0000000,NCC1CCC(N2CCN(c3ccc(N4Cc5ccccc5C#Cc5ccccc54)cc3)CC2)CC1,2,C1c2ccccc2C#Cc2c(cccc2)N1*|*C1CCC(CN)CC1,[*]c1ccc(N2CCN([*])CC2)cc1,C1#Cc2ccccc2N(c2ccc(N3CCN(C4CCCCC4)CC3)cc2)Cc2ccccc21,0.0000000,1.0962,0.0000000,15.2700,0.0000000,162.2360,0.0000000,1.0000,0.0000000,3.2221,0.0000000,1.0000,0.0000000,1.0000,[],[],20
5.4689,25.5390,18.8051,0.3464387,NCC1CCC(N2CCN(c3ccc(N4CCN(C(=O)N5Cc6ccccc6C#Cc6ccccc65)CC4)cc3Cl)CC2)CC1,1,C1c2ccccc2C#Cc2c(cccc2)N1*|*C1CCC(CN)CC1,c1(Cl)cc(N2CCN(C(=O)[*])CC2)ccc1N1CCN([*])CC1,O=C(N1CCN(c2ccc(N3CCN(C4CCCCC4)CC3)cc2)CC1)N1Cc2ccccc2C#Cc2ccccc21,0.9964914,1.0280,0.0026613,38.8200,1.0000000,308.8130,0.8720069,3.0000,0.2074286,3.4657,1.0000000,1.0000,1.0000000,1.0000,[],[],20
15.6144,27.5376,42.7704,0.5492809,NCC1CCC(Nn2ccnc2-c2ccc(NC(=O)N3Cc4ccccc4C#Cc4ccccc43)cc2)CC1,1,C1c2ccccc2C#Cc2c(cccc2)N1*|*C1CCC(CN)CC1,c1(-c2ccc(NC(=O)[*])cc2)nccn1N[*],O=C(Nc1ccc(-c2nccn2NC2CCCCC2)cc1)N1Cc2ccccc2C#Cc2ccccc21,0.9983419,0.8322,0.2658043,72.9400,1.0000000,202.2170,0.8720069,3.0000,0.1574228,3.5828,1.0000000,1.0000,1.0000000,1.0000,[],[],20
5.2707,12.6903,57.6302,0.5493794,NCC1CCC(N2CCN(C(=O)c3ccc(NC(=O)N4Cc5ccccc5C#Cc5ccccc54)cc3)CC2)CC1,1,*N1Cc2ccccc2C#Cc2ccccc21|NCC1CCC(*)CC1,O=C(c1ccc(NC(=O)[*])cc1)N1CCN([*])CC1,O=C(c1ccc(NC(=O)N2Cc3ccccc3C#Cc3ccccc32)cc1)N1CCN(C2CCCCC2)CC1,0.9997844,0.3003,0.0647065,61.4400,1.0000000,233.2710,0.8720069,3.0000,0.3188527,3.2637,1.0000000,1.0000,1.0000000,1.0000,[],[],21
2.9162,18.3597,-18.3597,0.0000000,NCC1CCC(Nc2ccc(N3CCN(C(=O)N4Cc5ccccc5C#Cc5ccccc54)CC3)cc2)CC1,1,*N1Cc2ccccc2C#Cc2ccccc21|NCC1CCC(*)CC1,c1c(N2CCN(C(=O)[*])CC2)ccc(N[*])c1,O=C(N1CCN(c2ccc(NC3CCCCC3)cc2)CC1)N1Cc2ccccc2C#Cc2ccccc21,0.9999319,0.0000,0.0000100,0.0000,0.0000000,0.0000,0.9999985,0.0000,0.2960541,3.3009,1.0000000,1.0000,1.0000000,1.0000,[],[],21
2.9162,18.3597,-18.3597,0.0000000,NCC1CCC(Nc2ccc(N3CCN(C(=O)N4Cc5ccccc5C#Cc5ccccc54)CC3)cc2)CC1,2,*N1Cc2ccccc2C#Cc2ccccc21|NCC1CCC(*)CC1,c1c(N2CCN(C(=O)[*])CC2)ccc(N[*])c1,O=C(N1CCN(c2ccc(NC3CCCCC3)cc2)CC1)N1Cc2ccccc2C#Cc2ccccc21,0.0000000,0.0000,0.0000000,0.0000,0.0000000,0.0000,0.0000000,0.0000,0.0000000,3.3009,0.0000000,1.0000,0.0000000,1.0000,[],[],21
2.9162,18.3597,-18.3597,0.0000000,NCC1CCC(Nc2ccc(N3CCN(C(=O)N4Cc5ccccc5C#Cc5ccccc54)CC3)cc2)CC1,2,*N1Cc2ccccc2C#Cc2ccccc21|NCC1CCC(*)CC1,c1c(N2CCN(C(=O)[*])CC2)ccc(N[*])c1,O=C(N1CCN(c2ccc(NC3CCCCC3)cc2)CC1)N1Cc2ccccc2C#Cc2ccccc21,0.0000000,0.0000,0.0000000,0.0000,0.0000000,0.0000,0.0000000,0.0000,0.0000000,3.3009,0.0000000,1.0000,0.0000000,1.0000,[],[],21
3.8125,18.7588,-18.7588,0.0000000,NCC1CCC(Nc2ccc(N3CCN(C(=O)N4Cc5ccccc5C#Cc5ccccc54)CC3)cc2)CC1,2,*N1Cc2ccccc2C#Cc2ccccc21|NCC1CCC(*)CC1,c1(N2CCN(C(=O)[*])CC2)ccc(N[*])cc1,O=C(N1CCN(c2ccc(NC3CCCCC3)cc2)CC1)N1Cc2ccccc2C#Cc2ccccc21,0.0000000,0.0000,0.0000000,0.0000,0.0000000,0.0000,0.0000000,0.0000,0.0000000,3.3009,0.0000000,1.0000,0.0000000,1.0000,[],[],21
11.3864,43.4302,34.6723,0.6101761,NCC1CCC(N2C(=O)N(C(=O)N3CCN(c4ccc(NC(=O)N5Cc6ccccc6C#Cc6ccccc65)cc4)CC3)C2=O)CC1,1,*N1Cc2ccccc2C#Cc2ccccc21|NCC1CCC(*)CC1,O=C(N1CCN(c2ccc(NC(=O)[*])cc2)CC1)N1C(=O)N([*])C1=O,O=C(N1CCN(c2ccc(NC(=O)N3Cc4ccccc4C#Cc4ccccc43)cc2)CC1)N1C(=O)N(C2CCCCC2)C1=O,0.9991999,0.6421,0.9598706,102.0600,1.0000000,317.3050,0.8720069,3.0000,0.1314548,3.6560,1.0000000,1.0000,1.0000000,1.0000,[],[],21
16.0300,16.4653,52.6752,0.5401605,Cc1cc(S(=O)(=O)N2Cc3ccccc3C#Cc3ccccc32)ccc1NC1CCC(CN)CC1,1,*N1Cc2ccccc2C#Cc2ccccc21|NCC1CCC(*)CC1,O=S([*])(c1ccc(N[*])c(C)c1)=O,O=S(=O)(c1ccc(NC2CCCCC2)cc1)N1Cc2ccccc2C#Cc2ccccc21,0.9994433,0.5475,0.0544129,60.1600,1.0000000,171.2210,0.9999319,1.0000,0.2854421,3.3188,1.0000000,1.0000,1.0000000,1.0000,[],[],21
8.2379,28.6472,32.5608,0.4781873,CN(C(=O)N1Cc2ccccc2C#Cc2ccccc21)C1CCN(C(=O)Nc2ccc(NC3CCC(CN)CC3)cc2)C1,1,*N1Cc2ccccc2C#Cc2ccccc21|NCC1CCC(*)CC1,c1c(NC(=O)N2CCC(N(C(=O)[*])C)C2)ccc(N[*])c1,O=C(Nc1ccc(NC2CCCCC2)cc1)N1CCC(NC(=O)N2Cc3ccccc3C#Cc3ccccc32)C1,0.9972618,0.9632,0.4522949,78.6700,1.0000000,262.3130,0.8720069,3.0000,0.0656514,3.9226,1.0000000,1.0000,1.0000000,1.0000,[],[],21
8.0042,24.4588,30.7034,0.4309542,NCC1CCC(Nc2ccc(NC(=O)Nc3ccc(OC(=O)N4Cc5ccccc5C#Cc5ccccc54)cc3)cc2)CC1,1,*N1Cc2ccccc2C#Cc2ccccc21|NCC1CCC(*)CC1,c1c(NC(=O)Nc2ccc(OC(=O)[*])cc2)ccc(N[*])c1,O=C(Nc1ccc(NC2CCCCC2)cc1)Nc1ccc(OC(=O)N2Cc3ccccc3C#Cc3ccccc32)cc1,0.5497245,2.4480,0.8738691,93.4500,1.0000000,271.2760,0.1279931,4.0000,0.3049022,3.2863,1.0000000,1.0000,1.0000000,1.0000,[],[],21
5.5990,27.6688,51.9415,0.6219553,NCC1CCC(Nc2ccc(N3CCN(S(=O)(=O)N4Cc5ccccc5C#Cc5ccccc54)CC3)cn2)CC1,1,*N1Cc2ccccc2C#Cc2ccccc21|NCC1CCC(*)CC1,O=S(=O)([*])N1CCN(c2ccc(N[*])nc2)CC1,O=S(=O)(N1CCN(c2ccc(NC3CCCCC3)nc2)CC1)N1Cc2ccccc2C#Cc2ccccc21,0.9999951,-0.6878,0.4830968,79.5300,1.0000000,242.3040,0.9968477,2.0000,0.1785498,3.5303,1.0000000,1.0000,1.0000000,1.0000,[],[],21
2.9162,18.3597,-18.3597,0.0000000,NCC1CCC(Nc2ccc(N3CCN(C(=O)N4Cc5ccccc5C#Cc5ccccc54)CC3)cc2)CC1,2,*N1Cc2ccccc2C#Cc2ccccc21|NCC1CCC(*)CC1,c1c(N2CCN(C(=O)[*])CC2)ccc(N[*])c1,O=C(N1CCN(c2ccc(NC3CCCCC3)cc2)CC1)N1Cc2ccccc2C#Cc2ccccc21,0.0000000,0.0000,0.0000000,0.0000,0.0000000,0.0000,0.0000000,0.0000,0.0000000,3.3009,0.0000000,1.0000,0.0000000,1.0000,[],[],21
4.0213,14.1688,-14.1688,0.0000000,NCC1CCC(N2CCN(c3ccc(NC(=O)N4Cc5ccccc5C#Cc5ccccc54)cc3)CC2)CC1,1,*N1Cc2ccccc2C#Cc2ccccc21|NCC1CCC(*)CC1,c1cc(NC(=O)[*])ccc1N1CCN([*])CC1,O=C(Nc1ccc(N2CCN(C3CCCCC3)CC2)cc1)N1Cc2ccccc2C#Cc2ccccc21,0.9999319,0.0000,0.0000100,0.0000,0.0000000,0.0000,0.9999985,0.0000,0.3201826,3.2616,1.0000000,1.0000,1.0000000,1.0000,[],[],21
15.4593,34.8917,-34.8917,0.0000000,O=C(N1CCC(N(C(=O)[*])c2ccc(N(C)[*])cc2)C1)=O,0,*N1Cc2ccccc2C#Cc2ccccc21|NCC1CCC(*)CC1,O=C(N1CCC(N(C(=O)[*])c2ccc(N(C)[*])cc2)C1)=O,,0.0000000,0.0000,0.0000000,0.0000,0.0000000,0.0000,0.0000000,0.0000,0.0000000,0.0000,0.0000000,0.0000,0.0000000,0.0000,None,None,21
9.0888,30.7361,38.0717,0.5375613,NCC1CCC(N2CCN(C(=O)N3CCN(c4nc(C(=O)N5Cc6ccccc6C#Cc6ccccc65)cs4)CC3)CC2)CC1,1,*N1Cc2ccccc2C#Cc2ccccc21|NCC1CCC(*)CC1,O=C(N1CCN(c2scc(C(=O)[*])n2)CC1)N1CCN([*])CC1,O=C(N1CCN(c2nc(C(=O)N3Cc4ccccc4C#Cc4ccccc43)cs2)CC1)N1CCN(C2CCCCC2)CC1,0.9998989,0.1028,0.1659388,68.7800,1.0000000,309.3950,0.9968477,2.0000,0.1603936,3.5751,1.0000000,1.0000,1.0000000,1.0000,[],[],21
10.3927,22.8397,37.2969,0.4698174,NCC1CCC(Nc2ncc(N3CCN(C(=O)N4Cc5ccccc5C#Cc5ccccc54)CC3)s2)CC1,1,*N1Cc2ccccc2C#Cc2ccccc21|NCC1CCC(*)CC1,c1(N2CCN(C(=O)[*])CC2)sc(N[*])nc1,O=C(N1CCN(c2cnc(NC3CCCCC3)s2)CC1)N1Cc2ccccc2C#Cc2ccccc21,0.9999309,0.0037,0.0741784,62.4600,1.0000000,212.2780,0.9968477,2.0000,0.1326213,3.6525,1.0000000,1.0000,1.0000000,1.0000,[],[],21
5.2920,14.3855,-14.3855,0.0000000,NCC1CCC(N2CCN(c3ccc(NC(=O)N4Cc5ccccc5C#Cc5ccccc54)cc3)CC2)CC1,2,*N1Cc2ccccc2C#Cc2ccccc21|NCC1CCC(*)CC1,c1c(NC(=O)[*])ccc(N2CCN([*])CC2)c1,O=C(Nc1ccc(N2CCN(C3CCCCC3)CC2)cc1)N1Cc2ccccc2C#Cc2ccccc21,0.0000000,0.0000,0.0000000,0.0000,0.0000000,0.0000,0.0000000,0.0000,0.0000000,3.2616,0.0000000,1.0000,0.0000000,1.0000,[],[],21
6.1037,20.8482,55.8976,0.5995764,NCC1CCC(Nc2ccc(C(=O)N3CCN(C(=O)N4Cc5ccccc5C#Cc5ccccc54)CC3)cc2)CC1,1,*N1Cc2ccccc2C#Cc2ccccc21|NCC1CCC(*)CC1,c1(C(=O)N2CCN(C(=O)[*])CC2)ccc(N[*])cc1,O=C(c1ccc(NC2CCCCC2)cc1)N1CCN(C(=O)N2Cc3ccccc3C#Cc3ccccc32)CC1,0.9998625,0.1830,0.1275654,66.6400,1.0000000,233.2710,0.9968477,2.0000,0.2957627,3.3014,1.0000000,1.0000,1.0000000,1.0000,[],[],21
5.6971,28.6925,-28.6925,0.0000000,NCC1CCC(N2CCN(c3ccc(NC(=O)N4CCN(C(=O)N5Cc6ccccc6C#Cc6ccccc65)CC4)cc3)CC2)CC1,1,*N1Cc2ccccc2C#Cc2ccccc21|NCC1CCC(*)CC1,N1(c2ccc(NC(=O)N3CCN(C(=O)[*])CC3)cc2)CCN([*])CC1,O=C(Nc1ccc(N2CCN(C3CCCCC3)CC2)cc1)N1CCN(C(=O)N2Cc3ccccc3C#Cc3ccccc32)CC1,0.9996813,0.4021,0.1495097,67.9200,1.0000000,317.3930,0.8720069,3.0000,0.2234398,3.4328,1.0000000,1.0000,1.0000000,1.0000,[],[],21
10.8267,30.0236,11.0726,0.3210642,CN(C(=O)N1Cc2ccccc2C#Cc2ccccc21)C1CCN(c2ccc(NC3CCC(CN)CC3)cc2)C1,1,*N1Cc2ccccc2C#Cc2ccccc21|NCC1CCC(*)CC1,c1cc(N2CCC(N(C([*])=O)C)C2)ccc1N[*],O=C(NC1CCN(c2ccc(NC3CCCCC3)cc2)C1)N1Cc2ccccc2C#Cc2ccccc21,0.9975353,0.9357,0.0123798,49.5700,1.0000000,219.2880,0.8720069,3.0000,0.0687465,3.9055,1.0000000,1.0000,1.0000000,1.0000,[],[],21
6.6914,26.4570,-26.4570,0.0000000,NCC1CCC(N2CCN(S(=O)(=O)N3CCN(C(=O)N4Cc5ccccc5C#Cc5ccccc54)CC3)CC2)CC1,1,*N1Cc2ccccc2C#Cc2ccccc21|NCC1CCC(*)CC1,O=S(=O)(N1CCN(C(=O)[*])CC1)N1CCN([*])CC1,O=C(N1CCN(S(=O)(=O)N2CCN(C3CCCCC3)CC2)CC1)N1Cc2ccccc2C#Cc2ccccc21,1.0000000,-2.0896,0.2663663,72.9600,1.0000000,262.3350,0.8720069,3.0000,0.1820068,3.5221,1.0000000,1.0000,1.0000000,1.0000,[],[],21
3.6023,18.9143,-18.9143,0.0000000,NCC1CCC(Nc2ccc(N3CCN(C(=O)N4Cc5ccccc5C#Cc5ccccc54)CC3)cc2)CC1,2,*N1Cc2ccccc2C#Cc2ccccc21|NCC1CCC(*)CC1,c1cc(N2CCN(C(=O)[*])CC2)ccc1N[*],O=C(N1CCN(c2ccc(NC3CCCCC3)cc2)CC1)N1Cc2ccccc2C#Cc2ccccc21,0.0000000,0.0000,0.0000000,0.0000,0.0000000,0.0000,0.0000000,0.0000,0.0000000,3.3009,0.0000000,1.0000,0.0000000,1.0000,[],[],21
3.6023,18.9143,-18.9143,0.0000000,NCC1CCC(Nc2ccc(N3CCN(C(=O)N4Cc5ccccc5C#Cc5ccccc54)CC3)cc2)CC1,2,*N1Cc2ccccc2C#Cc2ccccc21|NCC1CCC(*)CC1,c1cc(N2CCN(C(=O)[*])CC2)ccc1N[*],O=C(N1CCN(c2ccc(NC3CCCCC3)cc2)CC1)N1Cc2ccccc2C#Cc2ccccc21,0.0000000,0.0000,0.0000000,0.0000,0.0000000,0.0000,0.0000000,0.0000,0.0000000,3.3009,0.0000000,1.0000,0.0000000,1.0000,[],[],21
4.4186,14.9689,-14.9689,0.0000000,NCC1CCC(N2CCN(c3ccc(NC(=O)N4Cc5ccccc5C#Cc5ccccc54)cc3)CC2)CC1,2,*N1Cc2ccccc2C#Cc2ccccc21|NCC1CCC(*)CC1,C1CN(c2ccc(NC(=O)[*])cc2)CCN1[*],O=C(Nc1ccc(N2CCN(C3CCCCC3)CC2)cc1)N1Cc2ccccc2C#Cc2ccccc21,0.0000000,0.0000,0.0000000,0.0000,0.0000000,0.0000,0.0000000,0.0000,0.0000000,3.2616,0.0000000,1.0000,0.0000000,1.0000,[],[],21
6.5628,21.1191,-21.1191,0.0000000,NCC1CCC(Nc2ccc(C(=O)N3CCN(C(=O)N4Cc5ccccc5C#Cc5ccccc54)CC3)cn2)CC1,1,*N1Cc2ccccc2C#Cc2ccccc21|NCC1CCC(*)CC1,c1(C(=O)N2CCN(C(=O)[*])CC2)ccc(N[*])nc1,O=C(c1ccc(NC2CCCCC2)nc1)N1CCN(C(=O)N2Cc3ccccc3C#Cc3ccccc32)CC1,0.9999865,-0.4220,0.4830968,79.5300,1.0000000,234.2590,0.9968477,2.0000,0.2318276,3.4162,1.0000000,1.0000,1.0000000,1.0000,[],[],21
14.2068,43.0790,21.2833,0.5028304,NCC1CCC(Nc2ccc(N3CCN(C(=O)c4ccc(N5CCN(N6Cc7ccccc7C#Cc7ccccc76)CC5)cc4)CC3)cc2)CC1,1,*N1Cc2ccccc2C#Cc2ccccc21|NCC1CCC(*)CC1,c1(N2CCN(C(=O)c3ccc(N4CCN([*])CC4)cc3)CC2)ccc(N[*])cc1,O=C(c1ccc(N2CCN(N3Cc4ccccc4C#Cc4ccccc43)CC2)cc1)N1CCN(c2ccc(NC3CCCCC3)cc2)CC1,0.9643362,1.6408,0.1014059,64.8400,1.0000000,365.4810,0.8720069,3.0000,0.1788655,3.5295,1.0000000,1.0000,1.0000000,1.0000,[],[],21
6.0141,27.8595,43.4761,0.5573096,NCC1CCC(N2CCN(C(=O)Nc3ccc(N4CCN(C(=O)N5Cc6ccccc6C#Cc6ccccc65)CC4)cc3)CC2)CC1,1,*N1Cc2ccccc2C#Cc2ccccc21|NCC1CCC(*)CC1,O=C(Nc1ccc(N2CCN(C(=O)[*])CC2)cc1)N1CCN([*])CC1,O=C(Nc1ccc(N2CCN(C(=O)N3Cc4ccccc4C#Cc4ccccc43)CC2)cc1)N1CCN(C2CCCCC2)CC1,0.9996813,0.4021,0.1495097,67.9200,1.0000000,317.3930,0.8720069,3.0000,0.2234398,3.4328,1.0000000,1.0000,1.0000000,1.0000,[],[],21
11.6575,29.2759,34.9973,0.5021345,NCC1CCC(Nc2ccc(N3CCC(N4CCN(C(=O)N5Cc6ccccc6C#Cc6ccccc65)CC4)CC3)cn2)CC1,1,*N1Cc2ccccc2C#Cc2ccccc21|NCC1CCC(*)CC1,n1cc(N2CCC(N3CCN(C([*])=O)CC3)CC2)ccc1N[*],O=C(N1CCN(C2CCN(c3ccc(NC4CCCCC4)nc3)CC2)CC1)N1Cc2ccccc2C#Cc2ccccc21,0.9996758,0.4066,0.1132530,65.7000,1.0000000,289.3830,0.8720069,3.0000,0.1622768,3.5703,1.0000000,1.0000,1.0000000,1.0000,[],[],21
14.6586,45.1454,8.3886,0.4182343,NCC1CCC(NC2NN(c3ccc(N4CCN(C(=O)N5Cc6ccccc6C#Cc6ccccc65)CC4)cc3)C2=O)CC1,1,*N1Cc2ccccc2C#Cc2ccccc21|NCC1CCC(*)CC1,c1cc(N2CCN(C(=O)[*])CC2)ccc1N1C(=O)C(N[*])N1,O=C(N1CCN(c2ccc(N3NC(NC4CCCCC4)C3=O)cc2)CC1)N1Cc2ccccc2C#Cc2ccccc21,0.9999979,-0.8990,0.5682885,81.9100,1.0000000,275.3120,0.8720069,3.0000,0.0323963,4.1802,1.0000000,1.0000,1.0000000,1.0000,[],[],21
6.3874,13.9672,30.9297,0.3507576,CN(c1ccc(NC(=O)N2Cc3ccccc3C#Cc3ccccc32)cc1)C1CCC(CN)CC1,1,*N1Cc2ccccc2C#Cc2ccccc21|NCC1CCC(*)CC1,c1c(NC(=O)[*])ccc(N([*])C)c1,O=C(Nc1ccc(NC2CCCCC2)cc1)N1Cc2ccccc2C#Cc2ccccc21,0.9902261,1.2966,0.0037069,41.1300,0.6513892,150.1810,0.8720069,3.0000,0.2867359,3.3166,1.0000000,1.0000,1.0000000,1.0000,[],[],21
12.9563,23.9139,17.8486,0.3262692,NCC1CCC(Nc2ccc(N3CCC3C(=O)N3Cc4ccccc4C#Cc4ccccc43)cc2)CC1,1,*N1Cc2ccccc2C#Cc2ccccc21|NCC1CCC(*)CC1,c1cc(N2C(C(=O)[*])CC2)ccc1N[*],O=C(C1CCN1c1ccc(NC2CCCCC2)cc1)N1Cc2ccccc2C#Cc2ccccc21,0.9962356,1.0464,0.0078023,46.3300,1.0000000,176.2190,0.9968477,2.0000,0.0825078,3.8369,1.0000000,1.0000,1.0000000,1.0000,[],[],21
12.3194,38.1456,8.7938,0.3667140,NCC1CCC(N2CCN(S(=O)(=O)N3CCN(c4ccc(C(=O)N5Cc6ccccc6C#Cc6ccccc65)cc4)C3)CC2)CC1,1,*N1Cc2ccccc2C#Cc2ccccc21|NCC1CCC(*)CC1,O=S(=O)(N1CCN(c2ccc(C(=O)[*])cc2)C1)N1CCN([*])CC1,O=C(c1ccc(N2CCN(S(=O)(=O)N3CCN(C4CCCCC4)CC3)C2)cc1)N1Cc2ccccc2C#Cc2ccccc21,0.9999760,-0.2714,0.2663663,72.9600,1.0000000,324.4060,0.1279931,4.0000,0.1492257,3.6048,1.0000000,1.0000,1.0000000,1.0000,[],[],21
8.1195,20.6175,48.0806,0.5367038,NCC1CCC(Nc2ccc(N3CCN(C(=O)N4Cc5ccccc5C#Cc5ccccc54)CC3)nc2)CC1,1,*N1Cc2ccccc2C#Cc2ccccc21|NCC1CCC(*)CC1,c1c(N2CCN(C(=O)[*])CC2)ncc(N[*])c1,O=C(N1CCN(c2ccc(NC3CCCCC3)cn2)CC1)N1Cc2ccccc2C#Cc2ccccc21,0.9999454,-0.0578,0.0741784,62.4600,1.0000000,206.2490,0.9968477,2.0000,0.2382054,3.4039,1.0000000,1.0000,1.0000000,1.0000,[],[],21
7.8356,20.6660,58.2073,0.6161974,NCC1CCC(Nc2ccc(N3CCN(C(=O)N4Cc5ccccc5C#Cc5ccccc54)CC3)nn2)CC1,1,c1cc2c(cc1)C#Cc1c(cccc1)CN2*|C1(CN)CCC(*)CC1,O=C([*])N1CCN(c2ccc(N[*])nn2)CC1,O=C(N1CCN(c2ccc(NC3CCCCC3)nn2)CC1)N1Cc2ccccc2C#Cc2ccccc21,0.9999946,-0.6628,0.3386784,75.3500,1.0000000,207.2370,0.9968477,2.0000,0.2046964,3.4715,1.0000000,1.0000,1.0000000,1.0000,[],[],22
12.2975,25.3880,48.2088,0.5749750,NCC1CCC(Nc2ccc(N3CCN(C(=O)C(=O)N4Cc5ccccc5C#Cc5ccccc54)CC3)cc2)CC1,1,c1cc2c(cc1)C#Cc1c(cccc1)CN2*|C1(CN)CCC(*)CC1,c1cc(N2CCN(C(C(=O)[*])=O)CC2)ccc1N[*],O=C(C(=O)N1Cc2ccccc2C#Cc2ccccc21)N1CCN(c2ccc(NC3CCCCC3)cc2)CC1,0.9998935,0.1163,0.1275654,66.6400,1.0000000,233.2710,0.9968477,2.0000,0.2459627,3.3892,1.0000000,1.0000,1.0000000,1.0000,[],[],22
3.7271,18.9975,-18.9975,0.0000000,NCC1CCC(Nc2ccc(N3CCN(C(=O)N4Cc5ccccc5C#Cc5ccccc54)CC3)cc2)CC1,1,c1cc2c(cc1)C#Cc1c(cccc1)CN2*|C1(CN)CCC(*)CC1,c1cc(N2CCN(C(=O)[*])CC2)ccc1N[*],O=C(N1CCN(c2ccc(NC3CCCCC3)cc2)CC1)N1Cc2ccccc2C#Cc2ccccc21,0.9999319,0.0000,0.0000100,0.0000,0.0000000,0.0000,0.9999985,0.0000,0.2960541,3.3009,1.0000000,1.0000,1.0000000,1.0000,[],[],22
6.9627,15.6884,-15.6884,0.0000000,NCC1CCC(N2CCN(c3ccc(NC(=O)N4Cc5ccccc5C#Cc5ccccc54)cc3)CC2)CC1,1,c1cc2c(cc1)C#Cc1c(cccc1)CN2*|C1(CN)CCC(*)CC1,c1cc(NC([*])=O)ccc1N1CCN([*])CC1,O=C(Nc1ccc(N2CCN(C3CCCCC3)CC2)cc1)N1Cc2ccccc2C#Cc2ccccc21,0.9991281,0.6645,0.0058960,44.3700,1.0000000,205.2610,0.8720069,3.0000,0.3201826,3.2616,1.0000000,1.0000,1.0000000,1.0000,[],[],22
3.7271,18.9975,-18.9975,0.0000000,NCC1CCC(Nc2ccc(N3CCN(C(=O)N4Cc5ccccc5C#Cc5ccccc54)CC3)cc2)CC1,2,c1cc2c(cc1)C#Cc1c(cccc1)CN2*|C1(CN)CCC(*)CC1,c1cc(N2CCN(C(=O)[*])CC2)ccc1N[*],O=C(N1CCN(c2ccc(NC3CCCCC3)cc2)CC1)N1Cc2ccccc2C#Cc2ccccc21,0.0000000,0.0000,0.0000000,0.0000,0.0000000,0.0000,0.0000000,0.0000,0.0000000,3.3009,0.0000000,1.0000,0.0000000,1.0000,[],[],22
5.0515,14.5003,-14.0873,0.0032263,NCC1CCC(N2CCN(c3ccc(N4Cc5ccccc5C#Cc5ccccc54)cc3)CC2)CC1,1,c1cc2c(cc1)C#Cc1c(cccc1)CN2*|C1(CN)CCC(*)CC1,N1(c2ccc([*])cc2)CCN([*])CC1,C1#Cc2ccccc2N(c2ccc(N3CCN(C4CCCCC4)CC3)cc2)Cc2ccccc21,0.9999319,0.0000,0.0000100,0.0000,0.0000000,0.0000,0.9999985,0.0000,0.3453978,3.2221,1.0000000,1.0000,1.0000000,1.0000,[],[],22
2.9470,11.3545,38.0697,0.3861262,NCC1CCC(N2CCN(S(=O)(=O)N3Cc4ccccc4C#Cc4ccccc43)CC2)CC1,1,c1cc2c(cc1)C#Cc1c(cccc1)CN2*|C1(CN)CCC(*)CC1,O=S(=O)([*])N1CCN([*])CC1,O=S(=O)(N1CCN(C2CCCCC2)CC1)N1Cc2ccccc2C#Cc2ccccc21,0.9999998,-1.5820,0.0121014,49.4100,0.6684421,150.2030,0.9999319,1.0000,0.2066108,3.4675,1.0000000,1.0000,1.0000000,1.0000,[],[],22
9.1922,29.4096,26.6520,0.4379815,NCC1CCC(Nc2ccc(C(=O)N3CCN(c4ccc(N5Cc6ccccc6C#Cc6ccccc65)cc4)CC3)cc2)CC1,1,c1cc2c(cc1)C#Cc1c(cccc1)CN2*|C1(CN)CCC(*)CC1,O=C(N1CCN(c2ccc([*])cc2)CC1)c1ccc(N[*])cc1,O=C(c1ccc(NC2CCCCC2)cc1)N1CCN(c2ccc(N3Cc4ccccc4C#Cc4ccccc43)cc2)CC1,0.7372179,2.2312,0.0123798,49.5700,1.0000000,281.3590,0.9968477,2.0000,0.3233599,3.2565,1.0000000,1.0000,1.0000000,1.0000,[],[],22
13.0449,28.2365,-28.2365,0.0000000,NCC1CCC(N2CCN(c3ccc(N4CCN(C(=O)N5Cc6ccccc6C#Cc6ccccc65)C(=O)C4)cc3)CC2)CC1,1,c1cc2c(cc1)C#Cc1c(cccc1)CN2*|C1(CN)CCC(*)CC1,N1(c2ccc(N3CC(=O)N(C(=O)[*])CC3)cc2)CCN([*])CC1,O=C1CN(c2ccc(N3CCN(C4CCCCC4)CC3)cc2)CCN1C(=O)N1Cc2ccccc2C#Cc2ccccc21,0.0000000,0.0000,0.0000000,0.0000,0.0000000,0.0000,0.0000000,0.0000,0.0000000,0.0000,0.0000000,0.0000,0.0000000,0.0000,['[NX3][CX4][CX3](=O)[NX3][CX3](=O)'],None,22
6.7776,5.7663,-5.1080,0.0051428,NCC1CCC(N2CCN(C(=O)N3Cc4ccccc4C#Cc4ccccc43)CC2)CC1,1,c1cc2c(cc1)C#Cc1c(cccc1)CN2*|C1(CN)CCC(*)CC1,O=C([*])N1CCN([*])CC1,O=C(N1CCN(C2CCCCC2)CC1)N1Cc2ccccc2C#Cc2ccccc21,0.9999982,-0.9520,0.0010490,32.3400,0.0000000,114.1480,0.9999319,1.0000,0.2623573,3.3592,1.0000000,1.0000,1.0000000,1.0000,[],[],22
24.7825,53.3319,-53.3319,0.0000000,c1c(N2=NN(c3scc(-c4ccc(OC(=O)[*])cc4)n3)CC2)ccc(N[*])c1,0,c1cc2c(cc1)C#Cc1c(cccc1)CN2*|C1(CN)CCC(*)CC1,c1c(N2=NN(c3scc(-c4ccc(OC(=O)[*])cc4)n3)CC2)ccc(N[*])c1,,0.0000000,0.0000,0.0000000,0.0000,0.0000000,0.0000,0.0000000,0.0000,0.0000000,0.0000,0.0000000,0.0000,0.0000000,0.0000,None,None,22
9.0557,10.6101,-9.7697,0.0065656,NCC1CCC(Nc2nnc(N3Cc4ccccc4C#Cc4ccccc43)s2)CC1,1,c1cc2c(cc1)C#Cc1c(cccc1)CN2*|C1(CN)CCC(*)CC1,n1c([*])sc(N[*])n1,C1#Cc2ccccc2N(c2nnc(NC3CCCCC3)s2)Cc2ccccc21,0.9998919,0.1203,0.0169848,51.8000,0.0000000,101.1340,0.9999985,0.0000,0.1909998,3.5015,1.0000000,1.0000,1.0000000,1.0000,[],[],22
9.6920,13.9609,50.2907,0.5019650,NCC1CCC(Nc2ccc(NC(=O)N3Cc4ccccc4C#Cc4ccccc43)c(Cl)c2)CC1,1,c1cc2c(cc1)C#Cc1c(cccc1)CN2*|C1(CN)CCC(*)CC1,c1c(Cl)c(NC([*])=O)ccc1N[*],O=C(Nc1ccc(NC2CCCCC2)cc1)N1Cc2ccccc2C#Cc2ccccc21,0.9796497,1.4905,0.0271060,55.1200,1.0000000,170.5990,0.9968477,2.0000,0.2996356,3.2950,1.0000000,1.0000,1.0000000,1.0000,[],[],22
3.4176,18.2669,-18.2669,0.0000000,NCC1CCC(Nc2ccc(N3CCN(C(=O)N4Cc5ccccc5C#Cc5ccccc54)CC3)cc2)CC1,2,c1cc2c(cc1)C#Cc1c(cccc1)CN2*|C1(CN)CCC(*)CC1,c1c(N2CCN(C(=O)[*])CC2)ccc(N[*])c1,O=C(N1CCN(c2ccc(NC3CCCCC3)cc2)CC1)N1Cc2ccccc2C#Cc2ccccc21,0.0000000,0.0000,0.0000000,0.0000,0.0000000,0.0000,0.0000000,0.0000,0.0000000,3.3009,0.0000000,1.0000,0.0000000,1.0000,[],[],22
2.9470,11.3545,-11.3545,0.0000000,NCC1CCC(N2CCN(S(=O)(=O)N3Cc4ccccc4C#Cc4ccccc43)CC2)CC1,2,c1cc2c(cc1)C#Cc1c(cccc1)CN2*|C1(CN)CCC(*)CC1,O=S(=O)([*])N1CCN([*])CC1,O=S(=O)(N1CCN(C2CCCCC2)CC1)N1Cc2ccccc2C#Cc2ccccc21,0.0000000,-1.5820,0.0000000,49.4100,0.0000000,150.2030,0.0000000,1.0000,0.0000000,3.4675,0.0000000,1.0000,0.0000000,1.0000,[],[],22
10.0343,18.1765,15.0569,0.2596363,NCC1CCC(Nc2ccc(N3CCC(N4Cc5ccccc5C#Cc5ccccc54)C3)cc2)CC1,1,c1cc2c(cc1)C#Cc1c(cccc1)CN2*|C1(CN)CCC(*)CC1,c1(N2CCC([*])C2)ccc(N[*])cc1,C1#Cc2ccccc2N(C2CCN(c3ccc(NC4CCCCC4)cc3)C2)Cc2ccccc21,0.9184561,1.8690,0.0006737,29.2600,1.0000000,162.2360,0.9999319,1.0000,0.1111597,3.7223,1.0000000,1.0000,1.0000000,1.0000,[],[],22
4.1013,13.5085,-13.5085,0.0000000,NCC1CCC(N2CCN(c3ccc(N4Cc5ccccc5C#Cc5ccccc54)cc3)CC2)CC1,2,c1cc2c(cc1)C#Cc1c(cccc1)CN2*|C1(CN)CCC(*)CC1,c1cc([*])ccc1N1CCN([*])CC1,C1#Cc2ccccc2N(c2ccc(N3CCN(C4CCCCC4)CC3)cc2)Cc2ccccc21,0.0000000,0.0000,0.0000000,0.0000,0.0000000,0.0000,0.0000000,0.0000,0.0000000,3.2221,0.0000000,1.0000,0.0000000,1.0000,[],[],22
2.9470,11.3545,-11.3545,0.0000000,NCC1CCC(N2CCN(S(=O)(=O)N3Cc4ccccc4C#Cc4ccccc43)CC2)CC1,2,c1cc2c(cc1)C#Cc1c(cccc1)CN2*|C1(CN)CCC(*)CC1,O=S(=O)([*])N1CCN([*])CC1,O=S(=O)(N1CCN(C2CCCCC2)CC1)N1Cc2ccccc2C#Cc2ccccc21,0.0000000,-1.5820,0.0000000,49.4100,0.0000000,150.2030,0.0000000,1.0000,0.0000000,3.4675,0.0000000,1.0000,0.0000000,1.0000,[],[],22
12.0538,29.1393,50.3603,0.6210912,NCC1CCC(Nc2ncc(NC(=O)N3CCN(C(=O)N4Cc5ccccc5C#Cc5ccccc54)CC3)s2)CC1,1,c1cc2c(cc1)C#Cc1c(cccc1)CN2*|C1(CN)CCC(*)CC1,n1cc(NC(=O)N2CCN(C([*])=O)CC2)sc1N[*],O=C(Nc1cnc(NC2CCCCC2)s1)N1CCN(C(=O)N2Cc3ccccc3C#Cc3ccccc32)CC1,0.9999232,0.0312,0.8407230,91.5600,1.0000000,255.3030,0.9968477,2.0000,0.1345317,3.6467,1.0000000,1.0000,1.0000000,1.0000,[],[],22
3.2036,9.5244,-8.8841,0.0050027,NCC1CCC(Nc2ccc(N3Cc4ccccc4C#Cc4ccccc43)cc2)CC1,1,c1cc2c(cc1)C#Cc1c(cccc1)CN2*|C1(CN)CCC(*)CC1,[*]c1ccc(N[*])cc1,C1#Cc2ccccc2N(c2ccc(NC3CCCCC3)cc2)Cc2ccccc21,0.9912065,1.2688,0.0004227,26.0200,0.0000000,93.1290,0.9999985,0.0000,0.3692226,3.1861,1.0000000,1.0000,1.0000000,1.0000,[],[],22
2.9470,11.3545,-11.3545,0.0000000,NCC1CCC(N2CCN(S(=O)(=O)N3Cc4ccccc4C#Cc4ccccc43)CC2)CC1,2,c1cc2c(cc1)C#Cc1c(cccc1)CN2*|C1(CN)CCC(*)CC1,O=S(=O)([*])N1CCN([*])CC1,O=S(=O)(N1CCN(C2CCCCC2)CC1)N1Cc2ccccc2C#Cc2ccccc21,0.0000000,-1.5820,0.0000000,49.4100,0.0000000,150.2030,0.0000000,1.0000,0.0000000,3.4675,0.0000000,1.0000,0.0000000,1.0000,[],[],22
5.3622,19.9148,-19.9148,0.0000000,NCC1CCC(Nc2ccc(N3CCN(C(=O)N4Cc5ccccc5C#Cc5ccccc54)CC3)cn2)CC1,1,c1cc2c(cc1)C#Cc1c(cccc1)CN2*|C1(CN)CCC(*)CC1,c1c(N2CCN(C(=O)[*])CC2)ccc(N[*])n1,O=C(N1CCN(c2ccc(NC3CCCCC3)nc2)CC1)N1Cc2ccccc2C#Cc2ccccc21,0.9999454,-0.0578,0.0741784,62.4600,1.0000000,206.2490,0.9968477,2.0000,0.2239461,3.4318,1.0000000,1.0000,1.0000000,1.0000,[],[],22
13.5348,23.3385,25.4269,0.3809803,NCC1CCC(N2CC(n3cc(C(=O)N4Cc5ccccc5C#Cc5ccccc54)cn3)C2)CC1,1,c1cc2c(cc1)C#Cc1c(cccc1)CN2*|C1(CN)CCC(*)CC1,C1(n2ncc(C([*])=O)c2)CN([*])C1,O=C(c1cnn(C2CN(C3CCCCC3)C2)c1)N1Cc2ccccc2C#Cc2ccccc21,0.9999632,-0.1601,0.0084879,46.9200,0.9826661,151.1690,0.9968477,2.0000,0.1586413,3.5797,1.0000000,1.0000,1.0000000,1.0000,[],[],22
7.3231,17.7115,38.8892,0.4421929,NCC1CCC(Nc2ccc(N3CCN(C(=O)N4Cc5ccccc5C#Cc5ccccc54)CC3)c(Cl)c2)CC1,1,c1cc2c(cc1)C#Cc1c(cccc1)CN2*|C1(CN)CCC(*)CC1,c1c(Cl)c(N2CCN(C([*])=O)CC2)ccc1N[*],O=C(N1CCN(c2ccc(NC3CCCCC3)cc2)CC1)N1Cc2ccccc2C#Cc2ccccc21,0.9932177,1.2006,0.0123798,49.5700,1.0000000,239.7060,0.9968477,2.0000,0.2503364,3.3811,1.0000000,1.0000,1.0000000,1.0000,[],[],22
2.9470,11.3545,-11.3545,0.0000000,NCC1CCC(N2CCN(S(=O)(=O)N3Cc4ccccc4C#Cc4ccccc43)CC2)CC1,2,c1cc2c(cc1)C#Cc1c(cccc1)CN2*|C1(CN)CCC(*)CC1,O=S(=O)([*])N1CCN([*])CC1,O=S(=O)(N1CCN(C2CCCCC2)CC1)N1Cc2ccccc2C#Cc2ccccc21,0.0000000,-1.5820,0.0000000,49.4100,0.0000000,150.2030,0.0000000,1.0000,0.0000000,3.4675,0.0000000,1.0000,0.0000000,1.0000,[],[],22
5.5081,22.3161,12.9846,0.2757861,NCC1CCC(N2CCN(c3cnc(N4Cc5ccccc5C#Cc5ccccc54)s3)CC2)CC1,1,c1cc2c(cc1)C#Cc1c(cccc1)CN2*|C1(CN)CCC(*)CC1,[*]c1ncc(N2CCN([*])CC2)s1,C1#Cc2ccccc2N(c2ncc(N3CCN(C4CCCCC4)CC3)s2)Cc2ccccc21,0.9994321,0.5527,0.0005751,28.1600,1.0000000,169.2530,0.9999319,1.0000,0.1441839,3.6188,1.0000000,1.0000,1.0000000,1.0000,[],[],22
18.4445,20.8628,50.1467,0.5547617,NCC1CCC(Nc2ncnc(-c3cccc(N4Cc5ccccc5C#Cc5ccccc54)c3)n2)CC1,1,c1cc2c(cc1)C#Cc1c(cccc1)CN2*|C1(CN)CCC(*)CC1,c1(-c2cc([*])ccc2)ncnc(N[*])n1,C1#Cc2ccccc2N(c2cccc(-c3ncnc(NC4CCCCC4)n3)c2)Cc2ccccc21,0.9949979,1.1208,0.0994558,64.6900,1.0000000,172.1910,0.9999319,1.0000,0.2384833,3.4034,1.0000000,1.0000,1.0000000,1.0000,[],[],22
6.8326,10.6222,-10.6222,0.0000000,NCC1CCC(Nc2ccc(S(=O)(=O)N3Cc4ccccc4C#Cc4ccccc43)cc2)CC1,1,c1cc2c(cc1)C#Cc1c(cccc1)CN2*|C1(CN)CCC(*)CC1,c1(S(=O)(=O)[*])ccc(N[*])cc1,O=S(=O)(c1ccc(NC2CCCCC2)cc1)N1Cc2ccccc2C#Cc2ccccc21,0.9998295,0.2391,0.0544129,60.1600,1.0000000,157.1940,0.9999319,1.0000,0.3284197,3.2485,1.0000000,1.0000,1.0000000,1.0000,[],[],22
6.3748,14.1844,-13.2351,0.0074162,NCC1CCC(Nc2ccc(OC(=O)N3Cc4ccccc4C#Cc4ccccc43)cc2)CC1,1,c1cc2c(cc1)C#Cc1c(cccc1)CN2*|C1(CN)CCC(*)CC1,c1(OC([*])=O)ccc(N[*])cc1,O=C(Oc1ccc(NC2CCCCC2)cc1)N1Cc2ccccc2C#Cc2ccccc21,0.9985117,0.8040,0.0182805,52.3200,0.0000000,137.1380,0.9968477,2.0000,0.3159944,3.2683,1.0000000,1.0000,1.0000000,1.0000,[],[],22
5.3637,29.6513,35.1125,0.5059671,NCC1CCC(Nc2ccc(C(=O)N3CCN(N4Cc5ccccc5C#Cc5ccccc54)CC3)cc2)CC1,1,c1cc2c(cc1)C#Cc1c(cccc1)CN2*|C1(CN)CCC(*)CC1,c1(C(=O)N2CCN([*])CC2)ccc(N[*])cc1,O=C(c1ccc(NC2CCCCC2)cc1)N1CCN(N2Cc3ccccc3C#Cc3ccccc32)CC1,0.9997725,0.3142,0.0425234,58.3600,1.0000000,205.2610,0.9999319,1.0000,0.2420747,3.3965,1.0000000,1.0000,1.0000000,1.0000,[],[],22
3.2036,9.5244,-9.5244,0.0000000,NCC1CCC(Nc2ccc(N3Cc4ccccc4C#Cc4ccccc43)cc2)CC1,2,c1cc2c(cc1)C#Cc1c(cccc1)CN2*|C1(CN)CCC(*)CC1,[*]c1ccc(N[*])cc1,C1#Cc2ccccc2N(c2ccc(NC3CCCCC3)cc2)Cc2ccccc21,0.0000000,1.2688,0.0000000,26.0200,0.0000000,93.1290,0.0000000,0.0000,0.0000000,3.1861,0.0000000,1.0000,0.0000000,1.0000,[],[],22
18.8398,27.7488,22.6590,0.3938103,CN(C(=O)N1Cc2ccccc2C#Cc2ccccc21)c1ccc(Oc2nc(NC3CCC(CN)CC3)ncc2F)cc1,1,c1cc2c(cc1)C#Cc1c(cccc1)CN2*|C1(CN)CCC(*)CC1,c1c(F)c(Oc2ccc(N(C(=O)[*])C)cc2)nc(N[*])n1,O=C(Nc1ccc(Oc2ccnc(NC3CCCCC3)n2)cc1)N1Cc2ccccc2C#Cc2ccccc21,0.9712483,1.5828,0.5480614,81.3400,1.0000000,262.2440,0.1279931,4.0000,0.1465718,3.6121,1.0000000,1.0000,1.0000000,1.0000,[],[],22
15.8698,33.6356,-8.0032,0.2002530,COc1cc(NC2CCC(CN)CC2)ccc1NC(=O)Nc1ccc(N2CCN(C(=O)N3Cc4ccccc4C#Cc4ccccc43)CC2)cc1,1,c1ccc2c(c1)CN(*)c1ccccc1C#C2|*C1CCC(CN)CC1,N(c1ccc(NC(=O)Nc2ccc(N3CCN(C(=O)[*])CC3)cc2)c(OC)c1)[*],O=C(Nc1ccc(NC2CCCCC2)cc1)Nc1ccc(N2CCN(C(=O)N3Cc4ccccc4C#Cc4ccccc43)CC2)cc1,0.7598870,2.1998,0.9462497,99.9300,1.0000000,369.4250,0.0031523,5.0000,0.2039056,3.4732,1.0000000,1.0000,1.0000000,1.0000,[],[],23
6.0593,12.0409,60.5552,0.5671570,NCC1CCC(Nc2ncc(S(=O)(=O)N3Cc4ccccc4C#Cc4ccccc43)s2)CC1,1,c1ccc2c(c1)CN(*)c1ccccc1C#C2|*C1CCC(CN)CC1,c1(S(=O)(=O)[*])cnc(N[*])s1,O=S(=O)(c1cnc(NC2CCCCC2)s1)N1Cc2ccccc2C#Cc2ccccc21,0.9999788,-0.3044,0.2689050,73.0500,1.0000000,164.2110,0.9999319,1.0000,0.1590489,3.5786,1.0000000,1.0000,1.0000000,1.0000,[],[],23
6.2524,14.2938,-14.2938,0.0000000,NCC1CCC(N2CCN(c3ccc(NC(=O)N4Cc5ccccc5C#Cc5ccccc54)cc3)CC2)CC1,1,c1ccc2c(c1)CN(*)c1ccccc1C#C2|*C1CCC(CN)CC1,c1cc(NC([*])=O)ccc1N1CCN([*])CC1,O=C(Nc1ccc(N2CCN(C3CCCCC3)CC2)cc1)N1Cc2ccccc2C#Cc2ccccc21,0.9991281,0.6645,0.0058960,44.3700,1.0000000,205.2610,0.8720069,3.0000,0.3201826,3.2616,1.0000000,1.0000,1.0000000,1.0000,[],[],23
12.2830,11.6305,69.4867,0.6337280,NCC1CCC(Nc2ccc(S(=O)(=O)N3Cc4ccccc4C#Cc4ccccc43)nn2)CC1,1,c1ccc2c(c1)CN(*)c1ccccc1C#C2|*C1CCC(CN)CC1,[*]S(=O)(=O)c1nnc(N[*])cc1,O=S(=O)(c1ccc(NC2CCCCC2)nn1)N1Cc2ccccc2C#Cc2ccccc21,0.9999983,-0.9709,0.7015804,85.9400,1.0000000,159.1700,0.9999319,1.0000,0.1604580,3.5749,1.0000000,1.0000,1.0000000,1.0000,[],[],23
14.1810,28.4796,25.5144,0.4218282,NCC1CCC(Nc2ccc(N3CCN(C(=O)N4Cc5ccccc5C#Cc5ccccc54)CC3O)cc2)CC1,1,c1ccc2c(c1)CN(*)c1ccccc1C#C2|*C1CCC(CN)CC1,c1c(N2CCN(C(=O)[*])CC2O)ccc(N[*])c1,O=C(N1CCN(c2ccc(NC3CCCCC3)cc2)CC1)N1Cc2ccccc2C#Cc2ccccc21,0.9999593,-0.1344,0.1872624,69.8000,1.0000000,221.2600,0.9968477,2.0000,0.0519544,4.0090,1.0000000,1.0000,1.0000000,1.0000,[],[],23
3.4724,9.1802,40.2440,0.3861262,NCC1CCC(N2CCN(S(=O)(=O)N3Cc4ccccc4C#Cc4ccccc43)CC2)CC1,1,c1ccc2c(c1)CN(*)c1ccccc1C#C2|*C1CCC(CN)CC1,O=S(=O)([*])N1CCN([*])CC1,O=S(=O)(N1CCN(C2CCCCC2)CC1)N1Cc2ccccc2C#Cc2ccccc21,0.9999998,-1.5820,0.0121014,49.4100,0.6684421,150.2030,0.9999319,1.0000,0.2066108,3.4675,1.0000000,1.0000,1.0000000,1.0000,[],[],23
3.4724,9.1802,-9.1802,0.0000000,NCC1CCC(N2CCN(S(=O)(=O)N3Cc4ccccc4C#Cc4ccccc43)CC2)CC1,2,c1ccc2c(c1)CN(*)c1ccccc1C#C2|*C1CCC(CN)CC1,O=S(=O)([*])N1CCN([*])CC1,O=S(=O)(N1CCN(C2CCCCC2)CC1)N1Cc2ccccc2C#Cc2ccccc21,0.0000000,-1.5820,0.0000000,49.4100,0.0000000,150.2030,0.0000000,1.0000,0.0000000,3.4675,0.0000000,1.0000,0.0000000,1.0000,[],[],23
5.4474,8.0969,-7.1102,0.0077082,NCC1CCC(Nc2ccc(C(=O)N3Cc4ccccc4C#Cc4ccccc43)cn2)CC1,1,c1ccc2c(c1)CN(*)c1ccccc1C#C2|*C1CCC(CN)CC1,c1(C(=O)[*])ccc(N[*])nc1,O=C(c1ccc(NC2CCCCC2)nc1)N1Cc2ccccc2C#Cc2ccccc21,0.9995764,0.4763,0.0305680,55.9800,0.0000000,122.1270,0.9999319,1.0000,0.2885216,3.3136,1.0000000,1.0000,1.0000000,1.0000,[],[],23
11.4091,23.4884,64.7593,0.6894355,NCC1CCC(Nc2ccc(NC(=O)N3CCN(C(=O)N4Cc5ccccc5C#Cc5ccccc54)CC3)cn2)CC1,1,c1ccc2c(c1)CN(*)c1ccccc1C#C2|*C1CCC(CN)CC1,c1cc(NC(N2CCN(C(=O)[*])CC2)=O)cnc1N[*],O=C(Nc1ccc(NC2CCCCC2)nc1)N1CCN(C(=O)N2Cc3ccccc3C#Cc3ccccc32)CC1,0.9999394,-0.0303,0.8407230,91.5600,1.0000000,249.2740,0.9968477,2.0000,0.2129639,3.4542,1.0000000,1.0000,1.0000000,1.0000,[],[],23
3.8881,16.9084,-16.9084,0.0000000,NCC1CCC(Nc2ccc(N3CCN(C(=O)N4Cc5ccccc5C#Cc5ccccc54)CC3)cc2)CC1,1,c1ccc2c(c1)CN(*)c1ccccc1C#C2|*C1CCC(CN)CC1,c1cc(N2CCN(C(=O)[*])CC2)ccc1N[*],O=C(N1CCN(c2ccc(NC3CCCCC3)cc2)CC1)N1Cc2ccccc2C#Cc2ccccc21,0.9999319,0.0000,0.0000100,0.0000,0.0000000,0.0000,0.9999985,0.0000,0.2960541,3.3009,1.0000000,1.0000,1.0000000,1.0000,[],[],23
9.3772,15.7953,43.7906,0.4655145,NCC1CCC(Nc2cc(OC(=O)N3Cc4ccccc4C#Cc4ccccc43)ccc2Cl)CC1,1,c1ccc2c(c1)CN(*)c1ccccc1C#C2|*C1CCC(CN)CC1,c1(Cl)ccc(OC(=O)[*])cc1N[*],O=C(Oc1cccc(NC2CCCCC2)c1)N1Cc2ccccc2C#Cc2ccccc21,0.9820337,1.4574,0.0182805,52.3200,1.0000000,171.5830,0.9968477,2.0000,0.2612282,3.3612,1.0000000,1.0000,1.0000000,1.0000,[],[],23
5.0259,16.8636,-16.8636,0.0000000,NCC1CCC(Nc2ccc(N3CCN(C(=O)N4Cc5ccccc5C#Cc5ccccc54)CC3)cc2)CC1,2,c1ccc2c(c1)CN(*)c1ccccc1C#C2|*C1CCC(CN)CC1,c1cc(N2CCN(C([*])=O)CC2)ccc1N[*],O=C(N1CCN(c2ccc(NC3CCCCC3)cc2)CC1)N1Cc2ccccc2C#Cc2ccccc21,0.0000000,0.0000,0.0000000,0.0000,0.0000000,0.0000,0.0000000,0.0000,0.0000000,3.3009,0.0000000,1.0000,0.0000000,1.0000,[],[],23
10.1521,31.8086,41.8760,0.5756611,NCC1CCC(Oc2cc(Cl)cc(NC(=O)N3CCN(c4ccc(N5Cc6ccccc6C#Cc6ccccc65)nn4)CC3)c2)CC1,1,c1ccc2c(c1)CN(*)c1ccccc1C#C2|*C1CCC(CN)CC1,c1c(Cl)cc(NC(=O)N2CCN(c3ccc([*])nn3)CC2)cc1O[*],O=C(Nc1cccc(OC2CCCCC2)c1)N1CCN(c2ccc(N3Cc4ccccc4C#Cc4ccccc43)nn2)CC1,0.7668878,2.1897,0.5569564,81.5900,1.0000000,333.7790,0.9968477,2.0000,0.1542857,3.5911,1.0000000,1.0000,1.0000000,1.0000,[],[],23
7.5223,24.6551,32.5404,0.4468395,NCC1CCC(NS(=O)(=O)Nc2ccc(N3CCN(C(=O)N4Cc5ccccc5C#Cc5ccccc54)CC3)cc2)CC1,1,c1ccc2c(c1)CN(*)c1ccccc1C#C2|*C1CCC(CN)CC1,O=S(=O)(Nc1ccc(N2CCN(C(=O)[*])CC2)cc1)N[*],O=C(N1CCN(c2ccc(NS(=O)(=O)NC3CCCCC3)cc2)CC1)N1Cc2ccccc2C#Cc2ccccc21,0.9999864,-0.4196,0.9059508,95.7400,1.0000000,284.3410,0.1279931,4.0000,0.1930423,3.4970,1.0000000,1.0000,1.0000000,1.0000,[],[],23
13.2288,20.8508,43.7587,0.5047613,CC1CCCN1S(=O)(=O)c1cc(S(=O)(=O)N2Cc3ccccc3C#Cc3ccccc32)ccc1NC1CCC(CN)CC1,1,c1ccc2c(c1)CN(*)c1ccccc1C#C2|*C1CCC(CN)CC1,c1c(S(=O)(=O)[*])ccc(N[*])c1S(=O)(=O)N1C(C)CCC1,O=S(=O)(c1cc(S(=O)(=O)N2Cc3ccccc3C#Cc3ccccc32)ccc1NC1CCCCC1)N1CCCC1,0.9996688,0.4121,0.9258217,97.5400,1.0000000,304.3930,0.8720069,3.0000,0.0580752,3.9680,1.0000000,1.0000,1.0000000,1.0000,[],[],23
3.8881,16.9084,-16.9084,0.0000000,NCC1CCC(Nc2ccc(N3CCN(C(=O)N4Cc5ccccc5C#Cc5ccccc54)CC3)cc2)CC1,2,c1ccc2c(c1)CN(*)c1ccccc1C#C2|*C1CCC(CN)CC1,c1cc(N2CCN(C(=O)[*])CC2)ccc1N[*],O=C(N1CCN(c2ccc(NC3CCCCC3)cc2)CC1)N1Cc2ccccc2C#Cc2ccccc21,0.0000000,0.0000,0.0000000,0.0000,0.0000000,0.0000,0.0000000,0.0000,0.0000000,3.3009,0.0000000,1.0000,0.0000000,1.0000,[],[],23
8.5920,28.4833,-3.6642,0.1938987,NCC1CCC(N2CCN(c3ccc(NC(=O)Nc4ccc(OC(=O)N5Cc6ccccc6C#Cc6ccccc65)cc4)cc3)CC2)CC1,1,c1ccc2c(c1)CN(*)c1ccccc1C#C2|*C1CCC(CN)CC1,N1(c2ccc(NC(=O)Nc3ccc(OC([*])=O)cc3)cc2)CCN([*])CC1,O=C(Nc1ccc(OC(=O)N2Cc3ccccc3C#Cc3ccccc32)cc1)Nc1ccc(N2CCN(C3CCCCC3)CC2)cc1,0.7030647,2.2754,0.5959362,82.7000,1.0000000,340.3830,0.0031523,5.0000,0.2409730,3.3986,1.0000000,1.0000,1.0000000,1.0000,[],[],23
11.3144,25.0805,19.4045,0.3475392,CN(C(=O)N1CCN(C2CCC(CN)CC2)CC1)c1ccc(N2Cc3ccccc3C#Cc3ccccc32)cc1,1,c1ccc2c(c1)CN(*)c1ccccc1C#C2|*C1CCC(CN)CC1,[*]c1ccc(N(C(N2CCN([*])CC2)=O)C)cc1,O=C(Nc1ccc(N2Cc3ccccc3C#Cc3ccccc32)cc1)N1CCN(C2CCCCC2)CC1,0.9944506,1.1480,0.0016712,35.5800,1.0000000,219.2880,0.9999319,1.0000,0.2351517,3.4098,1.0000000,1.0000,1.0000000,1.0000,[],[],23
9.3417,29.4160,49.9084,0.6197225,NCC1CCC(Nc2cc(OC(=O)N3CCN(C(=O)N4Cc5ccccc5C#Cc5ccccc54)CC3)ccc2Cl)CC1,1,c1ccc2c(c1)CN(*)c1ccccc1C#C2|*C1CCC(CN)CC1,c1(Cl)ccc(OC(=O)N2CCN(C(=O)[*])CC2)cc1N[*],O=C(Oc1cccc(NC2CCCCC2)c1)N1CCN(C(=O)N2Cc3ccccc3C#Cc3ccccc32)CC1,0.9933609,1.1950,0.3556364,75.8700,1.0000000,283.7150,0.9968477,2.0000,0.2062014,3.4683,1.0000000,1.0000,1.0000000,1.0000,[],[],23
10.4974,19.7871,63.5065,0.6507311,NCC1CCC(Nc2ccc(S(=O)(=O)N3CCN(C(=O)N4Cc5ccccc5C#Cc5ccccc54)CC3)cc2Cl)CC1,1,c1ccc2c(c1)CN(*)c1ccccc1C#C2|*C1CCC(CN)CC1,O=S(=O)(N1CCN(C(=O)[*])CC1)c1ccc(N[*])c(Cl)c1,O=C(N1CCN(S(=O)(=O)c2ccc(NC3CCCCC3)cc2)CC1)N1Cc2ccccc2C#Cc2ccccc21,0.9997017,0.3849,0.6303950,83.7100,1.0000000,303.7710,0.8720069,3.0000,0.2151900,3.4496,1.0000000,1.0000,1.0000000,1.0000,[],[],23
13.6003,18.0118,9.6093,0.2157898,NCC1CCC(N2CCC(NS(=O)(=O)c3ccc(NC(=O)N4Cc5ccccc5C#Cc5ccccc54)cc3)CC2)CC1,1,c1ccc2c(c1)CN(*)c1ccccc1C#C2|*C1CCC(CN)CC1,C1CC(NS(=O)(=O)c2ccc(NC([*])=O)cc2)CCN1[*],O=C(Nc1ccc(S(=O)(=O)NC2CCN(C3CCCCC3)CC2)cc1)N1Cc2ccccc2C#Cc2ccccc21,0.9997965,0.2852,0.7408814,87.3000,1.0000000,283.3530,0.0031523,5.0000,0.2433232,3.3942,1.0000000,1.0000,1.0000000,1.0000,[],[],23
11.5508,26.5188,29.0452,0.4340937,NCC1CCC(Nc2cnc(NC(=O)Nc3ccc(N4Cc5ccccc5C#Cc5ccccc54)cc3)c(Cl)c2)CC1,1,c1ccc2c(c1)CN(*)c1ccccc1C#C2|*C1CCC(CN)CC1,c1c(Cl)c(NC(=O)Nc2ccc([*])cc2)ncc1N[*],O=C(Nc1ccc(N2Cc3ccccc3C#Cc3ccccc32)cc1)Nc1ccc(NC2CCCCC2)cn1,0.1455522,2.9612,0.5014392,80.0400,1.0000000,262.7000,0.9968477,2.0000,0.2474419,3.3865,1.0000000,1.0000,1.0000000,1.0000,[],[],23
6.9375,14.0128,-14.0128,0.0000000,Cc1cc(S(=O)(=O)N2Cc3ccccc3C#Cc3ccccc32)ccc1NC1CCC(CN)CC1,1,c1ccc2c(c1)CN(*)c1ccccc1C#C2|*C1CCC(CN)CC1,c1(S(=O)(=O)[*])ccc(N[*])c(C)c1,O=S(=O)(c1ccc(NC2CCCCC2)cc1)N1Cc2ccccc2C#Cc2ccccc21,0.9994433,0.5475,0.0544129,60.1600,1.0000000,171.2210,0.9999319,1.0000,0.2854421,3.3188,1.0000000,1.0000,1.0000000,1.0000,[],[],23
5.1304,9.1663,-9.1663,0.0000000,NCC1CCC(Nc2ccc(S(=O)(=O)N3Cc4ccccc4C#Cc4ccccc43)cc2)CC1,1,c1ccc2c(c1)CN(*)c1ccccc1C#C2|*C1CCC(CN)CC1,[*]S(=O)(=O)c1ccc(N[*])cc1,O=S(=O)(c1ccc(NC2CCCCC2)cc1)N1Cc2ccccc2C#Cc2ccccc21,0.9998295,0.2391,0.0544129,60.1600,1.0000000,157.1940,0.9999319,1.0000,0.3284197,3.2485,1.0000000,1.0000,1.0000000,1.0000,[],[],23
7.4447,14.2762,-13.3270,0.0074162,NCC1CCC(Nc2ccc(OC(=O)N3Cc4ccccc4C#Cc4ccccc43)cc2)CC1,1,c1ccc2c(c1)CN(*)c1ccccc1C#C2|*C1CCC(CN)CC1,c1cc(OC(=O)[*])ccc1N[*],O=C(Oc1ccc(NC2CCCCC2)cc1)N1Cc2ccccc2C#Cc2ccccc21,0.9985117,0.8040,0.0182805,52.3200,0.0000000,137.1380,0.9968477,2.0000,0.3159944,3.2683,1.0000000,1.0000,1.0000000,1.0000,[],[],23
6.4216,16.9010,-16.9010,0.0000000,NCC1CCC(Nc2ccc(N3CCN(C(=O)N4Cc5ccccc5C#Cc5ccccc54)CC3)nc2)CC1,1,c1ccc2c(c1)CN(*)c1ccccc1C#C2|*C1CCC(CN)CC1,c1c(N2CCN(C([*])=O)CC2)ncc(N[*])c1,O=C(N1CCN(c2ccc(NC3CCCCC3)cn2)CC1)N1Cc2ccccc2C#Cc2ccccc21,0.9999454,-0.0578,0.0741784,62.4600,1.0000000,206.2490,0.9968477,2.0000,0.2382054,3.4039,1.0000000,1.0000,1.0000000,1.0000,[],[],23
12.6797,17.8372,51.3242,0.5403230,NCC1CCC(Nc2ccc(-c3ccc(N4Cc5ccccc5C#Cc5ccccc54)nn3)cn2)CC1,1,c1ccc2c(c1)CN(*)c1ccccc1C#C2|*C1CCC(CN)CC1,c1(-c2nnc([*])cc2)ccc(N[*])nc1,C1#Cc2ccccc2N(c2ccc(-c3ccc(NC4CCCCC4)nc3)nn2)Cc2ccccc21,0.9949979,1.1208,0.0994558,64.6900,1.0000000,172.1910,0.9999319,1.0000,0.2123560,3.4554,1.0000000,1.0000,1.0000000,1.0000,[],[],23
10.4774,20.1771,53.6207,0.5765449,NCC1CCC(N2CCN(c3ccc(NS(=O)(=O)N4Cc5ccccc5C#Cc5ccccc54)cn3)CC2)CC1,1,c1ccc2c(c1)CN(*)c1ccccc1C#C2|*C1CCC(CN)CC1,N1(c2ncc(NS(=O)([*])=O)cc2)CCN([*])CC1,O=S(=O)(Nc1ccc(N2CCN(C3CCCCC3)CC2)nc1)N1Cc2ccccc2C#Cc2ccccc21,0.9999924,-0.5705,0.3066180,74.3300,1.0000000,242.3040,0.8720069,3.0000,0.1810932,3.5243,1.0000000,1.0000,1.0000000,1.0000,[],[],23
4.7357,7.9395,-7.2992,0.0050027,NCC1CCC(Nc2ccc(N3Cc4ccccc4C#Cc4ccccc43)cc2)CC1,1,c1ccc2c(c1)CN(*)c1ccccc1C#C2|*C1CCC(CN)CC1,[*]c1ccc(N[*])cc1,C1#Cc2ccccc2N(c2ccc(NC3CCCCC3)cc2)Cc2ccccc21,0.9912065,1.2688,0.0004227,26.0200,0.0000000,93.1290,0.9999985,0.0000,0.3692226,3.1861,1.0000000,1.0000,1.0000000,1.0000,[],[],23
4.5951,17.1916,-17.1916,0.0000000,NCC1CCC(Nc2ccc(N3CCN(C(=O)N4Cc5ccccc5C#Cc5ccccc54)CC3)cn2)CC1,1,c1ccc2c(c1)CN(*)c1ccccc1C#C2|*C1CCC(CN)CC1,c1c(N2CCN(C(=O)[*])CC2)ccc(N[*])n1,O=C(N1CCN(c2ccc(NC3CCCCC3)nc2)CC1)N1Cc2ccccc2C#Cc2ccccc21,0.9999454,-0.0578,0.0741784,62.4600,1.0000000,206.2490,0.9968477,2.0000,0.2239461,3.4318,1.0000000,1.0000,1.0000000,1.0000,[],[],23
12.7520,21.9540,-21.9540,0.0000000,NCC1CCC(N2CCN(C(=O)c3ccc(N4CCN(C(=O)N5Cc6ccccc6C#Cc6ccccc65)CC4)cc3)CC2)CC1,1,c1ccc2c(c1)CN(*)c1ccccc1C#C2|*C1CCC(CN)CC1,c1cc(N2CCN(C([*])=O)CC2)ccc1C(=O)N1CCN([*])CC1,O=C(c1ccc(N2CCN(C(=O)N3Cc4ccccc4C#Cc4ccccc43)CC2)cc1)N1CCN(C2CCCCC2)CC1,0.9999291,0.0104,0.0301865,55.8900,1.0000000,302.3780,0.8720069,3.0000,0.2429941,3.3948,1.0000000,1.0000,1.0000000,1.0000,[],[],23
9.9691,25.9153,29.5421,0.4332612,NCC1CCC(Nc2ccc(NC(=O)Nc3ccc(N4Cc5ccccc5C#Cc5ccccc54)nc3)c(Cl)c2)CC1,1,c1ccc2c(c1)CN(*)c1ccccc1C#C2|*C1CCC(CN)CC1,c1c(Cl)c(NC(=O)Nc2cnc([*])cc2)ccc1N[*],O=C(Nc1ccc(NC2CCCCC2)cc1)Nc1ccc(N2Cc3ccccc3C#Cc3ccccc32)nc1,0.1455522,2.9612,0.5014392,80.0400,1.0000000,262.7000,0.9968477,2.0000,0.2453609,3.3903,1.0000000,1.0000,1.0000000,1.0000,[],[],23
6.6866,21.2776,-21.2776,0.0000000,NCC1CCC(N2CCN(S(=O)(=O)N3CCN(C(=O)N4Cc5ccccc5C#Cc5ccccc54)CC3)CC2)CC1,1,c1cc2c(cc1)N(*)Cc1c(cccc1)C#C2|C1(CN)CCC(*)CC1,O=S(=O)(N1CCN(C(=O)[*])CC1)N1CCN([*])CC1,O=C(N1CCN(S(=O)(=O)N2CCN(C3CCCCC3)CC2)CC1)N1Cc2ccccc2C#Cc2ccccc21,1.0000000,-2.0896,0.2663663,72.9600,1.0000000,262.3350,0.8720069,3.0000,0.1820068,3.5221,1.0000000,1.0000,1.0000000,1.0000,[],[],24
4.6327,17.5710,-17.5710,0.0000000,NCC1CCC(Nc2ccc(N3CCN(C(=O)N4Cc5ccccc5C#Cc5ccccc54)CC3)cc2)CC1,1,c1cc2c(cc1)N(*)Cc1c(cccc1)C#C2|C1(CN)CCC(*)CC1,c1cc(N2CCN(C([*])=O)CC2)ccc1N[*],O=C(N1CCN(c2ccc(NC3CCCCC3)cc2)CC1)N1Cc2ccccc2C#Cc2ccccc21,0.9994440,0.5472,0.0123798,49.5700,1.0000000,205.2610,0.9968477,2.0000,0.2960541,3.3009,1.0000000,1.0000,1.0000000,1.0000,[],[],24
5.2295,10.6948,-9.9608,0.0057346,NCC1CCC(Nc2ccc(N3Cc4ccccc4C#Cc4ccccc43)nc2)CC1,1,c1cc2c(cc1)N(*)Cc1c(cccc1)C#C2|C1(CN)CCC(*)CC1,[*]c1ccc(N[*])cn1,C1#Cc2ccccc2N(c2ccc(NC3CCCCC3)cn2)Cc2ccccc21,0.9991305,0.6638,0.0026959,38.9100,0.0000000,94.1170,0.9999985,0.0000,0.2645175,3.3553,1.0000000,1.0000,1.0000000,1.0000,[],[],24
5.5522,20.7239,-20.7239,0.0000000,NCC1CCC(Nc2ccc(N3CCN(S(=O)(=O)N4Cc5ccccc5C#Cc5ccccc54)CC3)nn2)CC1,1,c1cc2c(cc1)N(*)Cc1c(cccc1)C#C2|C1(CN)CCC(*)CC1,O=S(=O)([*])N1CCN(c2ccc(N[*])nn2)CC1,O=S(=O)(N1CCN(c2ccc(NC3CCCCC3)nn2)CC1)N1Cc2ccccc2C#Cc2ccccc21,0.9999995,-1.2928,0.8566059,92.4200,1.0000000,243.2920,0.9968477,2.0000,0.1626518,3.5693,1.0000000,1.0000,1.0000000,1.0000,[],[],24
7.1613,17.2494,62.5119,0.6231354,NCC1CCC(Nc2ccc(NS(=O)(=O)N3Cc4ccccc4C#Cc4ccccc43)cc2)CC1,1,c1cc2c(cc1)N(*)Cc1c(cccc1)C#C2|C1(CN)CCC(*)CC1,c1cc(NS(=O)([*])=O)ccc1N[*],O=S(=O)(Nc1ccc(NC2CCCCC2)cc1)N1Cc2ccccc2C#Cc2ccccc21,0.9998492,0.2071,0.2452795,72.1900,1.0000000,172.2090,0.9968477,2.0000,0.2527153,3.3767,1.0000000,1.0000,1.0000000,1.0000,[],[],24
4.6300,8.4160,-7.9943,0.0032951,NCC1CCC(Nc2ccc(C(=O)N3Cc4ccccc4C#Cc4ccccc43)cc2)CC1,1,c1cc2c(cc1)N(*)Cc1c(cccc1)C#C2|C1(CN)CCC(*)CC1,c1(C(=O)[*])ccc(N[*])cc1,O=C(c1ccc(NC2CCCCC2)cc1)N1Cc2ccccc2C#Cc2ccccc21,0.9999319,0.0000,0.0000100,0.0000,0.0000000,0.0000,0.9999985,0.0000,0.3790095,3.1715,1.0000000,1.0000,1.0000000,1.0000,[],[],24
8.2355,12.2330,33.7529,0.3592647,NCC1CCC(N2CCN(c3ccc(C(=O)N4Cc5ccccc5C#Cc5ccccc54)cc3)CC2)CC1,1,c1cc2c(cc1)N(*)Cc1c(cccc1)C#C2|C1(CN)CCC(*)CC1,N1(c2ccc(C([*])=O)cc2)CCN([*])CC1,O=C(c1ccc(N2CCN(C3CCCCC3)CC2)cc1)N1Cc2ccccc2C#Cc2ccccc21,0.9977773,0.9087,0.0010490,32.3400,1.0000000,190.2460,0.9968477,2.0000,0.3432631,3.2254,1.0000000,1.0000,1.0000000,1.0000,[],[],24
4.5534,11.5161,-10.4954,0.0079745,NCC1CCC(Nc2ccc(NC(=O)N3Cc4ccccc4C#Cc4ccccc43)cc2)CC1,1,c1cc2c(cc1)N(*)Cc1c(cccc1)C#C2|C1(CN)CCC(*)CC1,c1c(NC(=O)[*])ccc(N[*])c1,O=C(Nc1ccc(NC2CCCCC2)cc1)N1Cc2ccccc2C#Cc2ccccc21,0.9983104,0.8371,0.0271060,55.1200,0.0000000,136.1540,0.9968477,2.0000,0.3572138,3.2041,1.0000000,1.0000,1.0000000,1.0000,[],[],24
6.4191,17.6840,-17.6840,0.0000000,NCC1CCC(Nc2ccc(N3CCN(C(=O)N4Cc5ccccc5C#Cc5ccccc54)CC3)nn2)CC1,1,c1cc2c(cc1)N(*)Cc1c(cccc1)C#C2|C1(CN)CCC(*)CC1,c1(N2CCN(C(=O)[*])CC2)ccc(N[*])nn1,O=C(N1CCN(c2ccc(NC3CCCCC3)nn2)CC1)N1Cc2ccccc2C#Cc2ccccc21,0.9999946,-0.6628,0.3386784,75.3500,1.0000000,207.2370,0.9968477,2.0000,0.2046964,3.4715,1.0000000,1.0000,1.0000000,1.0000,[],[],24
4.8871,18.6593,-18.6593,0.0000000,NCC1CCC(Nc2ccc(N3CCN(C(=O)N4Cc5ccccc5C#Cc5ccccc54)CC3)cn2)CC1,1,c1cc2c(cc1)N(*)Cc1c(cccc1)C#C2|C1(CN)CCC(*)CC1,c1c(N2CCN(C(=O)[*])CC2)ccc(N[*])n1,O=C(N1CCN(c2ccc(NC3CCCCC3)nc2)CC1)N1Cc2ccccc2C#Cc2ccccc21,0.9999454,-0.0578,0.0741784,62.4600,1.0000000,206.2490,0.9968477,2.0000,0.2239461,3.4318,1.0000000,1.0000,1.0000000,1.0000,[],[],24
2.6887,7.8357,-7.4683,0.0028707,NCC1CCC(N2CCN(S(=O)(=O)N3Cc4ccccc4C#Cc4ccccc43)CC2)CC1,1,c1cc2c(cc1)N(*)Cc1c(cccc1)C#C2|C1(CN)CCC(*)CC1,O=S(=O)([*])N1CCN([*])CC1,O=S(=O)(N1CCN(C2CCCCC2)CC1)N1Cc2ccccc2C#Cc2ccccc21,0.9999319,0.0000,0.0000100,0.0000,0.0000000,0.0000,0.9999985,0.0000,0.2066108,3.4675,1.0000000,1.0000,1.0000000,1.0000,[],[],24
8.1939,10.3639,-10.3639,0.0000000,NCC1CCC(N2CCN(S(=O)(=O)N3Cc4ccccc4C#Cc4ccccc43)CC2)CC1,2,c1cc2c(cc1)N(*)Cc1c(cccc1)C#C2|C1(CN)CCC(*)CC1,S(=O)(=O)([*])N1CCN([*])CC1,O=S(=O)(N1CCN(C2CCCCC2)CC1)N1Cc2ccccc2C#Cc2ccccc21,0.0000000,0.0000,0.0000000,0.0000,0.0000000,0.0000,0.0000000,0.0000,0.0000000,3.4675,0.0000000,1.0000,0.0000000,1.0000,[],[],24
14.6036,21.8112,33.7721,0.4342440,NCC1CCC(N2CCN(S(=O)(=O)N3Cc4ccccc4C#Cc4ccccc43)C2=O)CC1,1,c1cc2c(cc1)N(*)Cc1c(cccc1)C#C2|C1(CN)CCC(*)CC1,N1(S(=O)(=O)[*])C(=O)N([*])CC1,O=C1N(C2CCCCC2)CCN1S(=O)(=O)N1Cc2ccccc2C#Cc2ccccc21,0.9999998,-1.4620,0.1250248,66.4800,0.6339394,150.1590,0.9999319,1.0000,0.1136344,3.7137,1.0000000,1.0000,1.0000000,1.0000,[],[],24
6.2398,9.3924,-9.3924,0.0000000,NCC1CCC(N2CCN(S(=O)(=O)N3Cc4ccccc4C#Cc4ccccc43)CC2)CC1,2,c1cc2c(cc1)N(*)Cc1c(cccc1)C#C2|C1(CN)CCC(*)CC1,N1(S(=O)(=O)[*])CCN([*])CC1,O=S(=O)(N1CCN(C2CCCCC2)CC1)N1Cc2ccccc2C#Cc2ccccc21,0.0000000,0.0000,0.0000000,0.0000,0.0000000,0.0000,0.0000000,0.0000,0.0000000,3.4675,0.0000000,1.0000,0.0000000,1.0000,[],[],24
4.4046,7.9306,-7.9306,0.0000000,NCC1CCC(N2CCN(S(=O)(=O)N3Cc4ccccc4C#Cc4ccccc43)CC2)CC1,2,c1cc2c(cc1)N(*)Cc1c(cccc1)C#C2|C1(CN)CCC(*)CC1,O=S([*])(=O)N1CCN([*])CC1,O=S(=O)(N1CCN(C2CCCCC2)CC1)N1Cc2ccccc2C#Cc2ccccc21,0.0000000,0.0000,0.0000000,0.0000,0.0000000,0.0000,0.0000000,0.0000,0.0000000,3.4675,0.0000000,1.0000,0.0000000,1.0000,[],[],24
9.3757,13.9911,-13.0418,0.0074162,NCC1CCC(Nc2ccc(OC(=O)N3Cc4ccccc4C#Cc4ccccc43)cc2)CC1,1,c1cc2c(cc1)N(*)Cc1c(cccc1)C#C2|C1(CN)CCC(*)CC1,O(C(=O)[*])c1ccc(N[*])cc1,O=C(Oc1ccc(NC2CCCCC2)cc1)N1Cc2ccccc2C#Cc2ccccc21,0.9985117,0.8040,0.0182805,52.3200,0.0000000,137.1380,0.9968477,2.0000,0.3159944,3.2683,1.0000000,1.0000,1.0000000,1.0000,[],[],24
5.1645,8.8829,-8.8829,0.0000000,NCC1CCC(Nc2ccc(C(=O)N3Cc4ccccc4C#Cc4ccccc43)cc2)CC1,2,c1cc2c(cc1)N(*)Cc1c(cccc1)C#C2|C1(CN)CCC(*)CC1,c1c(C(=O)[*])ccc(N[*])c1,O=C(c1ccc(NC2CCCCC2)cc1)N1Cc2ccccc2C#Cc2ccccc21,0.0000000,0.0000,0.0000000,0.0000,0.0000000,0.0000,0.0000000,0.0000,0.0000000,3.1715,0.0000000,1.0000,0.0000000,1.0000,[],[],24
13.2458,21.0959,32.5394,0.4190258,NCC1CCC(NCc2cc(Cl)cc(N3CCN(C(=O)N4Cc5ccccc5C#Cc5ccccc54)CC3)c2)CC1,1,c1cc2c(cc1)N(*)Cc1c(cccc1)C#C2|C1(CN)CCC(*)CC1,c1c(Cl)cc(N2CCN(C(=O)[*])CC2)cc1CN[*],O=C(N1CCN(c2cccc(CNC3CCCCC3)c2)CC1)N1Cc2ccccc2C#Cc2ccccc21,0.9957669,1.0771,0.0123798,49.5700,1.0000000,253.7330,0.8720069,3.0000,0.2222678,3.4352,1.0000000,1.0000,1.0000000,1.0000,[],[],24
4.4046,7.9306,-7.9306,0.0000000,NCC1CCC(N2CCN(S(=O)(=O)N3Cc4ccccc4C#Cc4ccccc43)CC2)CC1,2,c1cc2c(cc1)N(*)Cc1c(cccc1)C#C2|C1(CN)CCC(*)CC1,O=S([*])(=O)N1CCN([*])CC1,O=S(=O)(N1CCN(C2CCCCC2)CC1)N1Cc2ccccc2C#Cc2ccccc21,0.0000000,0.0000,0.0000000,0.0000,0.0000000,0.0000,0.0000000,0.0000,0.0000000,3.4675,0.0000000,1.0000,0.0000000,1.0000,[],[],24
4.6304,26.2506,-26.2506,0.0000000,NCC1CCC(Nc2ccc(C(=O)N3CCN(N4Cc5ccccc5C#Cc5ccccc54)CC3)cc2)CC1,1,c1cc2c(cc1)N(*)Cc1c(cccc1)C#C2|C1(CN)CCC(*)CC1,c1(C(=O)N2CCN([*])CC2)ccc(N[*])cc1,O=C(c1ccc(NC2CCCCC2)cc1)N1CCN(N2Cc3ccccc3C#Cc3ccccc32)CC1,0.9997725,0.3142,0.0425234,58.3600,1.0000000,205.2610,0.9999319,1.0000,0.2420747,3.3965,1.0000000,1.0000,1.0000000,1.0000,[],[],24
2.6887,7.8357,-7.8357,0.0000000,NCC1CCC(N2CCN(S(=O)(=O)N3Cc4ccccc4C#Cc4ccccc43)CC2)CC1,2,c1cc2c(cc1)N(*)Cc1c(cccc1)C#C2|C1(CN)CCC(*)CC1,O=S(=O)([*])N1CCN([*])CC1,O=S(=O)(N1CCN(C2CCCCC2)CC1)N1Cc2ccccc2C#Cc2ccccc21,0.0000000,0.0000,0.0000000,0.0000,0.0000000,0.0000,0.0000000,0.0000,0.0000000,3.4675,0.0000000,1.0000,0.0000000,1.0000,[],[],24
13.9563,29.4973,-29.4973,0.0000000,c1c(C)nc(N2CCN(C(=O)[*])CC2)s1[*],0,c1cc2c(cc1)N(*)Cc1c(cccc1)C#C2|C1(CN)CCC(*)CC1,c1c(C)nc(N2CCN(C(=O)[*])CC2)s1[*],,0.0000000,0.0000,0.0000000,0.0000,0.0000000,0.0000,0.0000000,0.0000,0.0000000,0.0000,0.0000000,0.0000,0.0000000,0.0000,None,None,24
10.2705,25.7058,26.5674,0.4083843,CC(C(=O)N1Cc2ccccc2C#Cc2ccccc21)N1CCN(c2ccc(NC3CCC(CN)CC3)cc2)C1=O,1,c1cc2c(cc1)N(*)Cc1c(cccc1)C#C2|C1(CN)CCC(*)CC1,c1c(N2C(=O)N(C(C([*])=O)C)CC2)ccc(N[*])c1,O=C1N(CC(=O)N2Cc3ccccc3C#Cc3ccccc32)CCN1c1ccc(NC2CCCCC2)cc1,0.9954115,1.0982,0.1275654,66.6400,1.0000000,233.2710,0.8720069,3.0000,0.0618538,3.9447,1.0000000,1.0000,1.0000000,1.0000,[],[],24
6.6866,21.2776,-21.2776,0.0000000,NCC1CCC(N2CCN(S(=O)(=O)N3CCN(C(=O)N4Cc5ccccc5C#Cc5ccccc54)CC3)CC2)CC1,2,c1cc2c(cc1)N(*)Cc1c(cccc1)C#C2|C1(CN)CCC(*)CC1,O=S(=O)(N1CCN(C(=O)[*])CC1)N1CCN([*])CC1,O=C(N1CCN(S(=O)(=O)N2CCN(C3CCCCC3)CC2)CC1)N1Cc2ccccc2C#Cc2ccccc21,0.0000000,-2.0896,0.0000000,72.9600,0.0000000,262.3350,0.0000000,3.0000,0.0000000,3.5221,0.0000000,1.0000,0.0000000,1.0000,[],[],24
11.9857,23.2542,39.3272,0.4889170,NCC1CCC(NN2CCN(S(=O)(=O)N3Cc4ccccc4C#Cc4ccccc43)CC2)CC1,1,c1cc2c(cc1)N(*)Cc1c(cccc1)C#C2|C1(CN)CCC(*)CC1,[*]S(=O)(=O)N1CCN(N[*])CC1,O=S(=O)(N1CCN(NC2CCCCC2)CC1)N1Cc2ccccc2C#Cc2ccccc21,0.9999999,-1.9959,0.1275654,66.6400,1.0000000,165.2180,0.9999319,1.0000,0.1201696,3.6917,1.0000000,1.0000,1.0000000,1.0000,[],[],24
10.6906,29.4253,42.3462,0.5607156,COc1cc(C(=O)N2CCN(N3Cc4ccccc4C#Cc4ccccc43)CC2)ccc1NC1CCC(CN)CC1,1,c1cc2c(cc1)N(*)Cc1c(cccc1)C#C2|C1(CN)CCC(*)CC1,c1(C(=O)N2CCN([*])CC2)ccc(N[*])c(OC)c1,O=C(c1ccc(NC2CCCCC2)cc1)N1CCN(N2Cc3ccccc3C#Cc3ccccc32)CC1,0.9997649,0.3228,0.1435708,67.5900,1.0000000,235.2870,0.9968477,2.0000,0.2076206,3.4653,1.0000000,1.0000,1.0000000,1.0000,[],[],24
5.6476,9.2079,-9.2079,0.0000000,NCC1CCC(Nc2ccc(C(=O)N3Cc4ccccc4C#Cc4ccccc43)cc2)CC1,2,c1cc2c(cc1)N(*)Cc1c(cccc1)C#C2|C1(CN)CCC(*)CC1,c1c(C([*])=O)ccc(N[*])c1,O=C(c1ccc(NC2CCCCC2)cc1)N1Cc2ccccc2C#Cc2ccccc21,0.0000000,0.0000,0.0000000,0.0000,0.0000000,0.0000,0.0000000,0.0000,0.0000000,3.1715,0.0000000,1.0000,0.0000000,1.0000,[],[],24
11.3122,36.8640,8.1507,0.3516774,NCC1CCC(N2CCN(c3ccc(NC(=O)Nc4ccc(N5CCN(N6Cc7ccccc7C#Cc7ccccc76)CC5)cc4)cc3)CC2)CC1,1,c1cc2c(cc1)N(*)Cc1c(cccc1)C#C2|C1(CN)CCC(*)CC1,N1(c2ccc(NC(Nc3ccc(N4CCN([*])CC4)cc3)=O)cc2)CCN([*])CC1,O=C(Nc1ccc(N2CCN(C3CCCCC3)CC2)cc1)Nc1ccc(N2CCN(N3Cc4ccccc4C#Cc4ccccc43)CC2)cc1,0.7931374,2.1498,0.2316917,71.6700,1.0000000,380.4960,0.1279931,4.0000,0.1677892,3.5564,1.0000000,1.0000,1.0000000,1.0000,[],[],24
6.1042,21.2869,58.8135,0.6257843,NCC1CCC(NS(=O)(=O)N2CCN(c3ccc(N4Cc5ccccc5C#Cc5ccccc54)nc3)CC2)CC1,1,c1cc2c(cc1)N(*)Cc1c(cccc1)C#C2|C1(CN)CCC(*)CC1,O=S(=O)(N1CCN(c2ccc([*])nc2)CC1)N[*],O=S(=O)(NC1CCCCC1)N1CCN(c2ccc(N3Cc4ccccc4C#Cc4ccccc43)nc2)CC1,0.9999930,-0.5929,0.4830968,79.5300,1.0000000,242.3040,0.9968477,2.0000,0.1834376,3.5188,1.0000000,1.0000,1.0000000,1.0000,[],[],24
12.9362,26.8834,30.5047,0.4483443,NCC1CCC(Nc2cnc(N3CCC(N)(C(=O)N4Cc5ccccc5C#Cc5ccccc54)C3)nc2)CC1,1,c1cc2c(cc1)N(*)Cc1c(cccc1)C#C2|C1(CN)CCC(*)CC1,c1(N2CCC(N)(C(=O)[*])C2)ncc(N[*])cn1,O=C(C1CCN(c2ncc(NC3CCCCC3)cn2)C1)N1Cc2ccccc2C#Cc2ccccc21,0.9999973,-0.8347,0.9314460,98.1300,1.0000000,207.2370,0.9968477,2.0000,0.0304613,4.2023,1.0000000,1.0000,1.0000000,1.0000,[],[],24
7.2187,18.0367,30.7127,0.3808551,CN(C(=O)N1Cc2ccccc2C#Cc2ccccc21)c1ccc(NC2CCC(CN)CC2)cc1,1,c1cc2c(cc1)N(*)Cc1c(cccc1)C#C2|C1(CN)CCC(*)CC1,c1c(N(C(=O)[*])C)ccc(N[*])c1,O=C(Nc1ccc(NC2CCCCC2)cc1)N1Cc2ccccc2C#Cc2ccccc21,0.9981456,0.8614,0.0078023,46.3300,0.6513892,150.1810,0.9968477,2.0000,0.2497072,3.3822,1.0000000,1.0000,1.0000000,1.0000,[],[],24
11.7372,19.9428,44.6154,0.5043612,NCC1CCC(Nc2ccc3c(c2)CN(S(=O)(=O)N2Cc4ccccc4C#Cc4ccccc42)C3)CC1,1,c1cc2c(cc1)N(*)Cc1c(cccc1)C#C2|C1(CN)CCC(*)CC1,O=S(=O)([*])N1Cc2c(ccc(N[*])c2)C1,O=S(=O)(N1Cc2ccc(NC3CCCCC3)cc2C1)N1Cc2ccccc2C#Cc2ccccc21,0.9998958,0.1108,0.0840206,63.4000,1.0000000,198.2470,0.9999319,1.0000,0.1698017,3.5514,1.0000000,1.0000,1.0000000,1.0000,[],[],24
6.6157,17.8495,33.6808,0.4025805,NCC1CCC(N2CCN(c3ccc(NC(=O)N4Cc5ccccc5C#Cc5ccccc54)cc3Cl)CC2)CC1,1,c1ccc2c(c1)C#Cc1ccccc1N(*)C2|C1CC(*)CCC1CN,c1(Cl)cc(NC([*])=O)ccc1N1CCN([*])CC1,O=C(Nc1ccc(N2CCN(C3CCCCC3)CC2)cc1)N1Cc2ccccc2C#Cc2ccccc21,0.9894024,1.3179,0.0058960,44.3700,1.0000000,239.7060,0.8720069,3.0000,0.2717894,3.3424,1.0000000,1.0000,1.0000000,1.0000,[],[],25
12.9504,33.4337,42.9419,0.5966843,NCC1CCC(N2CCN(C(=O)Nc3ccc(NC(=O)N4Cc5ccccc5C#Cc5ccccc54)cc3)C2)CC1,1,c1ccc2c(c1)C#Cc1ccccc1N(*)C2|C1CC(*)CCC1CN,C1N(C(=O)Nc2ccc(NC(=O)[*])cc2)CCN1[*],O=C(Nc1ccc(NC(=O)N2Cc3ccccc3C#Cc3ccccc32)cc1)N1CCN(C2CCCCC2)C1,0.9991769,0.6495,0.2809524,73.4700,1.0000000,234.2590,0.8720069,3.0000,0.2202165,3.4393,1.0000000,1.0000,1.0000000,1.0000,[],[],25
4.4887,10.0872,-9.6679,0.0032756,NCC1CCC(Nc2ccc(N3Cc4ccccc4C#Cc4ccccc43)cc2)CC1,1,c1ccc2c(c1)C#Cc1ccccc1N(*)C2|C1CC(*)CCC1CN,[*]c1ccc(N[*])cc1,C1#Cc2ccccc2N(c2ccc(NC3CCCCC3)cc2)Cc2ccccc21,0.9999319,0.0000,0.0000100,0.0000,0.0000000,0.0000,0.9999985,0.0000,0.3692226,3.1861,1.0000000,1.0000,1.0000000,1.0000,[],[],25
8.6164,10.7674,-10.7674,0.0000000,NCC1CCC(Nc2ccc(N3Cc4ccccc4C#Cc4ccccc43)cc2)CC1,2,c1ccc2c(c1)C#Cc1ccccc1N(*)C2|C1CC(*)CCC1CN,c1([*])ccc(N[*])cc1,C1#Cc2ccccc2N(c2ccc(NC3CCCCC3)cc2)Cc2ccccc21,0.0000000,0.0000,0.0000000,0.0000,0.0000000,0.0000,0.0000000,0.0000,0.0000000,3.1861,0.0000000,1.0000,0.0000000,1.0000,[],[],25
3.9751,13.1535,-12.4182,0.0057448,NCC1CCC(Nc2ccc(N3Cc4ccccc4C#Cc4ccccc43)cn2)CC1,1,c1ccc2c(c1)C#Cc1ccccc1N(*)C2|C1CC(*)CCC1CN,[*]c1ccc(N[*])nc1,C1#Cc2ccccc2N(c2ccc(NC3CCCCC3)nc2)Cc2ccccc21,0.9991305,0.6638,0.0026959,38.9100,0.0000000,94.1170,0.9999985,0.0000,0.2665781,3.3516,1.0000000,1.0000,1.0000000,1.0000,[],[],25
6.9600,31.2481,55.1760,0.6751879,NCC1CCC(NC(=O)N2CCN(c3ccc(NC(=O)N4Cc5ccccc5C#Cc5ccccc54)cc3)CC2)CC1,1,c1ccc2c(c1)C#Cc1ccccc1N(*)C2|C1CC(*)CCC1CN,O=C(N1CCN(c2ccc(NC([*])=O)cc2)CC1)N[*],O=C(NC1CCCCC1)N1CCN(c2ccc(NC(=O)N3Cc4ccccc4C#Cc4ccccc43)cc2)CC1,0.9996087,0.4556,0.4522949,78.6700,1.0000000,248.2860,0.8720069,3.0000,0.2988544,3.2963,1.0000000,1.0000,1.0000000,1.0000,[],[],25
11.5638,36.6515,-12.2460,0.1906676,NCC1CCC(N(C(=O)Nc2ccc(N3CCC(N4Cc5ccccc5C#Cc5ccccc54)C3)cc2)C2CCC2)CC1,1,c1ccc2c(c1)C#Cc1ccccc1N(*)C2|C1CC(*)CCC1CN,C1CC(N(C(=O)Nc2ccc(N3CCC([*])C3)cc2)[*])C1,O=C(Nc1ccc(N2CCC(N3Cc4ccccc4C#Cc4ccccc43)C2)cc1)N(C1CCCCC1)C1CCC1,0.1457433,2.9608,0.0058960,44.3700,1.0000000,259.3530,0.8720069,3.0000,0.0688468,3.9049,1.0000000,1.0000,1.0000000,1.0000,[],[],25
5.3882,11.9211,-10.9344,0.0077082,NCC1CCC(Nc2ccc(C(=O)N3Cc4ccccc4C#Cc4ccccc43)cn2)CC1,1,c1ccc2c(c1)C#Cc1ccccc1N(*)C2|C1CC(*)CCC1CN,c1(C([*])=O)ccc(N[*])nc1,O=C(c1ccc(NC2CCCCC2)nc1)N1Cc2ccccc2C#Cc2ccccc21,0.9995764,0.4763,0.0305680,55.9800,0.0000000,122.1270,0.9999319,1.0000,0.2885216,3.3136,1.0000000,1.0000,1.0000000,1.0000,[],[],25
4.5561,16.7255,-16.7255,0.0000000,NCC1CCC(N2CCN(c3ccc(NC(=O)N4Cc5ccccc5C#Cc5ccccc54)cc3)CC2)CC1,1,c1ccc2c(c1)C#Cc1ccccc1N(*)C2|C1CC(*)CCC1CN,N1(c2ccc(NC(=O)[*])cc2)CCN([*])CC1,O=C(Nc1ccc(N2CCN(C3CCCCC3)CC2)cc1)N1Cc2ccccc2C#Cc2ccccc21,0.9991281,0.6645,0.0058960,44.3700,1.0000000,205.2610,0.8720069,3.0000,0.3201826,3.2616,1.0000000,1.0000,1.0000000,1.0000,[],[],25
10.7942,37.1061,19.8274,0.4447926,NCC1CCC(Nc2ncc(N3CCC(N)(C(=O)N4Cc5ccccc5C#Cc5ccccc54)C3)cn2)CC1,1,c1ccc2c(c1)C#Cc1ccccc1N(*)C2|C1CC(*)CCC1CN,c1c(N2CCC(N)(C([*])=O)C2)cnc(N[*])n1,O=C(C1CCN(c2cnc(NC3CCCCC3)nc2)C1)N1Cc2ccccc2C#Cc2ccccc21,0.9999973,-0.8347,0.9314460,98.1300,1.0000000,207.2370,0.9968477,2.0000,0.0294137,4.2148,1.0000000,1.0000,1.0000000,1.0000,[],[],25
15.5000,40.4637,-6.3114,0.2668147,CN(C)N(C(=O)N1Cc2ccccc2C#Cc2ccccc21)C1CCN(c2ccc(NC3CCC(CN)CC3)cc2)CC1,1,c1ccc2c(c1)C#Cc1ccccc1N(*)C2|C1CC(*)CCC1CN,c1c(N2CCC(N(C([*])=O)N(C)C)CC2)ccc(N[*])c1,O=C(NC1CCN(c2ccc(NC3CCCCC3)cc2)CC1)N1Cc2ccccc2C#Cc2ccccc21,0.9939045,1.1726,0.0195899,52.8100,1.0000000,262.3570,0.1279931,4.0000,0.1366136,3.6406,1.0000000,1.0000,1.0000000,1.0000,[],[],25
8.9483,26.3838,-26.3838,0.0000000,NCC1CCC(Nc2ccc(C(=O)N3CCN(C(=O)N4Cc5ccccc5C#Cc5ccccc54)CC3)cn2)CC1,1,c1ccc2c(c1)C#Cc1ccccc1N(*)C2|C1CC(*)CCC1CN,c1c(C(N2CCN(C(=O)[*])CC2)=O)ccc(N[*])n1,O=C(c1ccc(NC2CCCCC2)nc1)N1CCN(C(=O)N2Cc3ccccc3C#Cc3ccccc32)CC1,0.9999865,-0.4220,0.4830968,79.5300,1.0000000,234.2590,0.9968477,2.0000,0.2318276,3.4162,1.0000000,1.0000,1.0000000,1.0000,[],[],25
7.7833,40.8547,21.7052,0.4887498,NCC1CCC(N2CCN(c3ccc(NC(=O)N4CCN(N5Cc6ccccc6C#Cc6ccccc65)CC4)cc3)CC2)CC1,1,c1ccc2c(c1)C#Cc1ccccc1N(*)C2|C1CC(*)CCC1CN,C1N(c2ccc(NC(=O)N3CCN([*])CC3)cc2)CCN([*])C1,O=C(Nc1ccc(N2CCN(C3CCCCC3)CC2)cc1)N1CCN(N2Cc3ccccc3C#Cc3ccccc32)CC1,0.9994729,0.5333,0.0506884,59.6400,1.0000000,289.3830,0.9968477,2.0000,0.1909807,3.5016,1.0000000,1.0000,1.0000000,1.0000,[],[],25
4.4887,10.0872,-10.0872,0.0000000,NCC1CCC(Nc2ccc(N3Cc4ccccc4C#Cc4ccccc43)cc2)CC1,2,c1ccc2c(c1)C#Cc1ccccc1N(*)C2|C1CC(*)CCC1CN,[*]c1ccc(N[*])cc1,C1#Cc2ccccc2N(c2ccc(NC3CCCCC3)cc2)Cc2ccccc21,0.0000000,0.0000,0.0000000,0.0000,0.0000000,0.0000,0.0000000,0.0000,0.0000000,3.1861,0.0000000,1.0000,0.0000000,1.0000,[],[],25
9.8844,31.9935,40.1386,0.5635317,NCC1CCC(Nc2ccc(C(=O)N3CCC(N4CCN(C(=O)N5Cc6ccccc6C#Cc6ccccc65)CC4)CC3)cc2)CC1,1,c1ccc2c(c1)C#Cc1ccccc1N(*)C2|C1CC(*)CCC1CN,c1c(C(N2CCC(N3CCN(C(=O)[*])CC3)CC2)=O)ccc(N[*])c1,O=C(c1ccc(NC2CCCCC2)cc1)N1CCC(N2CCN(C(=O)N3Cc4ccccc4C#Cc4ccccc43)CC2)CC1,0.9991835,0.6474,0.1890208,69.8800,1.0000000,316.4050,0.8720069,3.0000,0.2087722,3.4629,1.0000000,1.0000,1.0000000,1.0000,[],[],25
12.5398,41.2489,12.8475,0.4226276,NCC1CCC(NN(C(=O)Nc2ccc(N3Cc4ccccc4C#Cc4ccccc43)nc2)c2cccc(Cl)c2)CC1,1,c1ccc2c(c1)C#Cc1ccccc1N(*)C2|C1CC(*)CCC1CN,c1(Cl)cc(N(C(=O)Nc2ccc([*])nc2)N[*])ccc1,O=C(Nc1ccc(N2Cc3ccccc3C#Cc3ccccc32)nc1)N(NC1CCCCC1)c1ccccc1,0.3624142,2.6472,0.2211071,71.2500,1.0000000,262.7000,0.9968477,2.0000,0.1330277,3.6513,1.0000000,1.0000,1.0000000,1.0000,[],[],25
11.0408,34.4178,15.7941,0.3922804,NCC1CCC(Nc2cnn(-c3ccc(NC(=O)Nc4ccc(N5Cc6ccccc6C#Cc6ccccc65)cc4)cc3)c2)CC1,1,c1ccc2c(c1)C#Cc1ccccc1N(*)C2|C1CC(*)CCC1CN,c1n(-c2ccc(NC(=O)Nc3ccc([*])cc3)cc2)ncc1N[*],O=C(Nc1ccc(N2Cc3ccccc3C#Cc3ccccc32)cc1)Nc1ccc(-n2cc(NC3CCCCC3)cn2)cc1,0.0913860,3.0985,0.6715581,84.9700,1.0000000,293.3300,0.8720069,3.0000,0.2460003,3.3891,1.0000000,1.0000,1.0000000,1.0000,[],[],25
8.7270,20.7488,19.3279,0.3130991,NCC1CCC(N2CCN(c3ccc(N4Cc5ccccc5C#Cc5ccccc54)nc3)CC2)CC1,1,c1ccc2c(c1)C#Cc1ccccc1N(*)C2|C1CC(*)CCC1CN,[*]c1ccc(N2CCN([*])CC2)cn1,C1#Cc2ccccc2N(c2ccc(N3CCN(C4CCCCC4)CC3)cn2)Cc2ccccc21,0.9995515,0.4912,0.0005751,28.1600,1.0000000,163.2240,0.9999319,1.0000,0.2519686,3.3781,1.0000000,1.0000,1.0000000,1.0000,[],[],25
8.6788,30.1350,31.2960,0.4799291,NCC1CCC(Nc2ncc(N3CCC(NC(=O)N4Cc5ccccc5C#Cc5ccccc54)C3)cn2)CC1,1,c1ccc2c(c1)C#Cc1ccccc1N(*)C2|C1CC(*)CCC1CN,c1c(N2CCC(NC(=O)[*])C2)cnc(N[*])n1,O=C(NC1CCN(c2cnc(NC3CCCCC3)nc2)C1)N1Cc2ccccc2C#Cc2ccccc21,0.9999936,-0.6165,0.6446934,84.1400,1.0000000,207.2370,0.8720069,3.0000,0.0557234,3.9832,1.0000000,1.0000,1.0000000,1.0000,[],[],25
11.3539,7.2930,-6.6565,0.0049729,NCC1CCC(N2CCC(C(=O)N3Cc4ccccc4C#Cc4ccccc43)CC2)CC1,1,c1ccc2c(c1)C#Cc1ccccc1N(*)C2|C1CC(*)CCC1CN,C1CC(C([*])=O)CCN1[*],O=C(C1CCN(C2CCCCC2)CC1)N1Cc2ccccc2C#Cc2ccccc21,0.9998615,0.1849,0.0006584,29.1000,0.0000000,113.1600,0.9999319,1.0000,0.2857181,3.3183,1.0000000,1.0000,1.0000000,1.0000,[],[],25
9.6987,28.6589,6.6208,0.2756225,NCC1CCC(Nc2ccc(NC(=O)Nc3ccc(NC(=O)N4Cc5ccccc5C#Cc5ccccc54)cc3)c(Cl)c2)CC1,1,c1ccc2c(c1)C#Cc1ccccc1N(*)C2|C1CC(*)CCC1CN,c1c(Cl)c(NC(Nc2ccc(NC([*])=O)cc2)=O)ccc1N[*],O=C(Nc1ccc(NC(=O)N2Cc3ccccc3C#Cc3ccccc32)cc1)Nc1ccc(NC2CCCCC2)cc1,0.0805436,3.1345,0.9120209,96.2500,1.0000000,304.7370,0.1279931,4.0000,0.2850249,3.3195,1.0000000,1.0000,1.0000000,1.0000,[],[],25
7.2924,29.0980,23.8704,0.4138154,CN(C(=O)N1Cc2ccccc2C#Cc2ccccc21)C1CCN(c2ccc(NC3CCC(CN)CC3)cc2)CC1,1,c1ccc2c(c1)C#Cc1ccccc1N(*)C2|C1CC(*)CCC1CN,c1c(N2CCC(N(C)C([*])=O)CC2)ccc(N[*])c1,O=C(NC1CCN(c2ccc(NC3CCCCC3)cc2)CC1)N1Cc2ccccc2C#Cc2ccccc21,0.9890798,1.3258,0.0123798,49.5700,1.0000000,233.3150,0.8720069,3.0000,0.2117837,3.4566,1.0000000,1.0000,1.0000000,1.0000,[],[],25
10.0734,29.4018,35.1879,0.5046070,NCC1CCC(Nc2ncc(N3CCN(C(=O)N4Cc5ccccc5C#Cc5ccccc54)CC3)cc2F)CC1,1,c1ccc2c(c1)C#Cc1ccccc1N(*)C2|C1CC(*)CCC1CN,c1(F)cc(N2CCN(C([*])=O)CC2)cnc1N[*],O=C(N1CCN(c2ccc(NC3CCCCC3)nc2)CC1)N1Cc2ccccc2C#Cc2ccccc21,0.9999070,0.0813,0.0741784,62.4600,1.0000000,224.2390,0.9968477,2.0000,0.1816060,3.5231,1.0000000,1.0000,1.0000000,1.0000,[],[],25
12.0220,32.3200,33.5124,0.5143157,NCC1CCC(Nc2ccc(NC(=O)N3CCN(CCN4Cc5ccccc5C#Cc5ccccc54)CC3)cc2Cl)CC1,1,c1ccc2c(c1)C#Cc1ccccc1N(*)C2|C1CC(*)CCC1CN,c1(Cl)cc(NC(N2CCN(CC[*])CC2)=O)ccc1N[*],O=C(Nc1ccc(NC2CCCCC2)cc1)N1CCN(CCN2Cc3ccccc3C#Cc3ccccc32)CC1,0.8273973,2.0916,0.0661140,61.6000,1.0000000,282.7750,0.9968477,2.0000,0.2528042,3.3765,1.0000000,1.0000,1.0000000,1.0000,[],[],25
9.1118,17.9543,26.4374,0.3468096,NCC1CCC(Nc2cnc(N3CCC(N4Cc5ccccc5C#Cc5ccccc54)CC3)c(Cl)c2)CC1,1,c1ccc2c(c1)C#Cc1ccccc1N(*)C2|C1CC(*)CCC1CN,c1(Cl)c(N2CCC([*])CC2)ncc(N[*])c1,C1#Cc2ccccc2N(C2CCN(c3ccc(NC4CCCCC4)cn3)CC2)Cc2ccccc21,0.6767217,2.3075,0.0042905,42.1500,1.0000000,211.6960,0.9999319,1.0000,0.2136797,3.4527,1.0000000,1.0000,1.0000000,1.0000,[],[],25
13.0956,37.0768,35.4498,0.5666142,NCC1CCC(Nc2nc(-c3ccc(C(=O)N4CCN(N5Cc6ccccc6C#Cc6ccccc65)CC4)cc3)cs2)CC1,1,c1ccc2c(c1)C#Cc1ccccc1N(*)C2|C1CC(*)CCC1CN,s1cc(-c2ccc(C(=O)N3CCN([*])CC3)cc2)nc1N[*],O=C(c1ccc(-c2csc(NC3CCCCC3)n2)cc1)N1CCN(N2Cc3ccccc3C#Cc3ccccc32)CC1,0.9833201,1.4377,0.2211071,71.2500,1.0000000,288.3760,0.9968477,2.0000,0.1781157,3.5313,1.0000000,1.0000,1.0000000,1.0000,[],[],25
7.3980,25.6496,56.1666,0.6391892,NCC1CCC(Nc2ccc(NC(=O)Nc3ccc(N4Cc5ccccc5C#Cc5ccccc54)nc3)cc2)CC1,1,c1ccc2c(c1)C#Cc1ccccc1N(*)C2|C1CC(*)CCC1CN,c1cc(NC(=O)Nc2ccc([*])nc2)ccc1N[*],O=C(Nc1ccc(NC2CCCCC2)cc1)Nc1ccc(N2Cc3ccccc3C#Cc3ccccc32)nc1,0.6764696,2.3078,0.5014392,80.0400,1.0000000,228.2550,0.9968477,2.0000,0.2921769,3.3074,1.0000000,1.0000,1.0000000,1.0000,[],[],25
12.1631,23.5578,21.3012,0.3504608,NCC1CCC(Oc2cccc(N3CCC(NC(=O)N4Cc5ccccc5C#Cc5ccccc54)C3)c2)CC1,1,c1ccc2c(c1)C#Cc1ccccc1N(*)C2|C1CC(*)CCC1CN,c1cc(N2CCC(NC([*])=O)C2)cc(O[*])c1,O=C(NC1CCN(c2cccc(OC3CCCCC3)c2)C1)N1Cc2ccccc2C#Cc2ccccc21,0.9989341,0.7169,0.0189375,52.5700,1.0000000,206.2450,0.8720069,3.0000,0.0816109,3.8410,1.0000000,1.0000,1.0000000,1.0000,[],[],25
9.5098,19.6579,7.6874,0.2136349,NCC1CCC(Nc2ccc(N3CCC(N4Cc5ccccc5C#Cc5ccccc54)C3)c(Cl)c2)CC1,1,c1ccc2c(c1)C#Cc1ccccc1N(*)C2|C1CC(*)CCC1CN,c1c(Cl)c(N2CCC([*])C2)ccc1N[*],C1#Cc2ccccc2N(C2CCN(c3ccc(NC4CCCCC4)cc3)C2)Cc2ccccc21,0.4785225,2.5224,0.0006737,29.2600,1.0000000,196.6810,0.9999319,1.0000,0.0904592,3.8019,1.0000000,1.0000,1.0000000,1.0000,[],[],25
11.9936,13.6461,39.5603,0.4156750,NCC1CCC(Nc2ccc(C(=O)N3Cc4ccccc4C#Cc4ccccc43)c(Cl)c2)CC1,1,c1ccc2c(c1)C#Cc1ccccc1N(*)C2|C1CC(*)CCC1CN,O=C([*])c1c(Cl)cc(N[*])cc1,O=C(c1ccc(NC2CCCCC2)cc1)N1Cc2ccccc2C#Cc2ccccc21,0.9496430,1.7347,0.0049089,43.0900,1.0000000,155.5840,0.9999319,1.0000,0.3158561,3.2685,1.0000000,1.0000,1.0000000,1.0000,[],[],25
10.0281,36.6620,25.2640,0.4837973,NCC1CCC(Nc2ccc(C(=O)N3CCN(N4Cc5ccccc5C#Cc5ccccc54)CC3)cc2F)CC1,1,c1ccc2c(c1)C#Cc1ccccc1N(*)C2|C1CC(*)CCC1CN,c1(F)cc(C(=O)N2CCN([*])CC2)ccc1N[*],O=C(c1ccc(NC2CCCCC2)cc1)N1CCN(N2Cc3ccccc3C#Cc3ccccc32)CC1,0.9996122,0.4533,0.0425234,58.3600,1.0000000,223.2510,0.9999319,1.0000,0.1987924,3.4843,1.0000000,1.0000,1.0000000,1.0000,[],[],25
10.3293,28.0142,18.4365,0.3628959,NCC1CCC(Nc2ncc(C(=O)Nc3ccc(N4CCC(N5Cc6ccccc6C#Cc6ccccc65)CC4)cc3)s2)CC1,1,c1ccc2c(c1)C#Cc1ccccc1N(*)C2|C1CC(*)CCC1CN,c1(C(=O)Nc2ccc(N3CCC([*])CC3)cc2)sc(N[*])nc1,O=C(Nc1ccc(N2CCC(N3Cc4ccccc4C#Cc4ccccc43)CC2)cc1)c1cnc(NC2CCCCC2)s1,0.1423835,2.9679,0.2211071,71.2500,1.0000000,302.4030,0.8720069,3.0000,0.1953493,3.4918,1.0000000,1.0000,1.0000000,1.0000,[],[],25
9.5222,10.4748,-9.8439,0.0049288,NCC1CCC(Nc2cccc(N3Cc4ccccc4C#Cc4ccccc43)c2)CC1,1,c1cc2c(cc1)C#Cc1c(cccc1)N(*)C2|C1C(CN)CCC(*)C1,c1c([*])cccc1N[*],C1#Cc2ccccc2N(c2cccc(NC3CCCCC3)c2)Cc2ccccc21,0.9912065,1.2688,0.0004227,26.0200,0.0000000,93.1290,0.9999985,0.0000,0.3458244,3.2215,1.0000000,1.0000,1.0000000,1.0000,[],[],26
4.2268,11.2524,-10.8631,0.0030418,NCC1CCC(Nc2ccc(N3Cc4ccccc4C#Cc4ccccc43)cn2)CC1,1,c1cc2c(cc1)C#Cc1c(cccc1)N(*)C2|C1C(CN)CCC(*)C1,[*]c1ccc(N[*])nc1,C1#Cc2ccccc2N(c2ccc(NC3CCCCC3)nc2)Cc2ccccc21,0.9999319,0.0000,0.0000100,0.0000,0.0000000,0.0000,0.9999985,0.0000,0.2665781,3.3516,1.0000000,1.0000,1.0000000,1.0000,[],[],26
15.2531,41.3144,-41.3144,0.0000000,c1c(Cl)c(NC(N(c2ccc([*])cc2)=O)N[*])ccc1,0,c1cc2c(cc1)C#Cc1c(cccc1)N(*)C2|C1C(CN)CCC(*)C1,c1c(Cl)c(NC(N(c2ccc([*])cc2)=O)N[*])ccc1,,0.0000000,0.0000,0.0000000,0.0000,0.0000000,0.0000,0.0000000,0.0000,0.0000000,0.0000,0.0000000,0.0000,0.0000000,0.0000,None,None,26
5.4926,13.7493,50.7022,0.5035275,NCC1CCC(Nc2ccc(NC(=O)N3Cc4ccccc4C#Cc4ccccc43)cc2Cl)CC1,1,c1cc2c(cc1)C#Cc1c(cccc1)N(*)C2|C1C(CN)CCC(*)C1,c1(Cl)cc(NC([*])=O)ccc1N[*],O=C(Nc1ccc(NC2CCCCC2)cc1)N1Cc2ccccc2C#Cc2ccccc21,0.9796497,1.4905,0.0271060,55.1200,1.0000000,170.5990,0.9968477,2.0000,0.3037610,3.2882,1.0000000,1.0000,1.0000000,1.0000,[],[],26
5.5985,30.7009,42.7344,0.5737126,NCC1CCC(Nc2ccc(C(=O)N3CCN(N4Cc5ccccc5C#Cc5ccccc54)CC3)cn2)CC1,1,c1cc2c(cc1)C#Cc1c(cccc1)N(*)C2|C1C(CN)CCC(*)C1,c1(C(=O)N2CCN([*])CC2)ccc(N[*])nc1,O=C(c1ccc(NC2CCCCC2)nc1)N1CCN(N2Cc3ccccc3C#Cc3ccccc32)CC1,0.9999777,-0.2908,0.2211071,71.2500,1.0000000,206.2490,0.9999319,1.0000,0.1844974,3.5163,1.0000000,1.0000,1.0000000,1.0000,[],[],26
7.5867,25.5316,-25.5316,0.0000000,CN(C(=O)N1Cc2ccccc2C#Cc2ccccc21)C1CCN(c2ccc(NC3CCC(CN)CC3)cc2)CC1,1,c1cc2c(cc1)C#Cc1c(cccc1)N(*)C2|C1C(CN)CCC(*)C1,c1c(N2CCC(N(C([*])=O)C)CC2)ccc(N[*])c1,O=C(NC1CCN(c2ccc(NC3CCCCC3)cc2)CC1)N1Cc2ccccc2C#Cc2ccccc21,0.9890798,1.3258,0.0123798,49.5700,1.0000000,233.3150,0.8720069,3.0000,0.2117837,3.4566,1.0000000,1.0000,1.0000000,1.0000,[],[],26
8.0803,21.8818,46.3941,0.5334062,CN(C(=O)c1ccc(NC2CCC(CN)CC2)cc1)C(=O)N1Cc2ccccc2C#Cc2ccccc21,1,c1cc2c(cc1)C#Cc1c(cccc1)N(*)C2|C1C(CN)CCC(*)C1,c1c(C(=O)N(C(=O)[*])C)ccc(N[*])c1,O=C(NC(=O)N1Cc2ccccc2C#Cc2ccccc21)c1ccc(NC2CCCCC2)cc1,0.9995410,0.4972,0.0840206,63.4000,1.0000000,178.1910,0.9968477,2.0000,0.2179194,3.4440,1.0000000,1.0000,1.0000000,1.0000,[],[],26
6.5561,28.3774,27.2024,0.4342166,NCC1CCC(Nc2ccc(NC(=O)Nc3ccc(N4Cc5ccccc5C#Cc5ccccc54)nc3)cc2Cl)CC1,1,c1cc2c(cc1)C#Cc1c(cccc1)N(*)C2|C1C(CN)CCC(*)C1,c1(Cl)cc(NC(=O)Nc2ccc([*])nc2)ccc1N[*],O=C(Nc1ccc(NC2CCCCC2)cc1)Nc1ccc(N2Cc3ccccc3C#Cc3ccccc32)nc1,0.1455522,2.9612,0.5014392,80.0400,1.0000000,262.7000,0.9968477,2.0000,0.2477504,3.3859,1.0000000,1.0000,1.0000000,1.0000,[],[],26
4.5460,30.4853,-30.4853,0.0000000,NCC1CCC(Nc2ccc(C(=O)N3CCN(N4Cc5ccccc5C#Cc5ccccc54)CC3)cc2)CC1,1,c1cc2c(cc1)C#Cc1c(cccc1)N(*)C2|C1C(CN)CCC(*)C1,c1c(C(=O)N2CCN([*])CC2)ccc(N[*])c1,O=C(c1ccc(NC2CCCCC2)cc1)N1CCN(N2Cc3ccccc3C#Cc3ccccc32)CC1,0.9997725,0.3142,0.0425234,58.3600,1.0000000,205.2610,0.9999319,1.0000,0.2420747,3.3965,1.0000000,1.0000,1.0000000,1.0000,[],[],26
10.8048,27.7492,29.3550,0.4461272,NCC1CCC(Nc2ccc(-n3cnc(N4Cc5ccccc5C#Cc5ccccc54)n3)c(Cl)c2)CC1,1,c1cc2c(cc1)C#Cc1c(cccc1)N(*)C2|C1C(CN)CCC(*)C1,c1c(Cl)c(-n2nc([*])nc2)ccc1N[*],C1#Cc2ccccc2N(c2ncn(-c3ccc(NC4CCCCC4)cc3)n2)Cc2ccccc21,0.9786790,1.5029,0.0339338,56.7300,1.0000000,194.6250,0.9999319,1.0000,0.1591067,3.5784,1.0000000,1.0000,1.0000000,1.0000,[],[],26
14.0951,38.7893,-38.7893,0.0000000,c1c(Cl)c(NC(=O)Nc2ccc([*])nc2)nc(N[*])s1,0,c1cc2c(cc1)C#Cc1c(cccc1)N(*)C2|C1C(CN)CCC(*)C1,c1c(Cl)c(NC(=O)Nc2ccc([*])nc2)nc(N[*])s1,,0.0000000,0.0000,0.0000000,0.0000,0.0000000,0.0000,0.0000000,0.0000,0.0000000,0.0000,0.0000000,0.0000,0.0000000,0.0000,None,None,26
13.9965,40.1876,34.0480,0.5799659,NCC1CCC(Nc2nc[nH]c2C(=O)N2CCN(N3Cc4ccccc4C#Cc4ccccc43)CC2)CC1,1,c1cc2c(cc1)C#Cc1c(cccc1)N(*)C2|C1C(CN)CCC(*)C1,c1(C(N2CCN([*])CC2)=O)[nH]cnc1N[*],O=C(c1[nH]cnc1NC1CCCCC1)N1CCN(N2Cc3ccccc3C#Cc3ccccc32)CC1,0.9999983,-0.9627,0.7336338,87.0400,1.0000000,195.2260,0.9999319,1.0000,0.1062328,3.7400,1.0000000,1.0000,1.0000000,1.0000,[],[],26
4.7124,9.9641,-8.9774,0.0077082,NCC1CCC(Nc2ccc(C(=O)N3Cc4ccccc4C#Cc4ccccc43)cn2)CC1,1,c1cc2c(cc1)C#Cc1c(cccc1)N(*)C2|C1C(CN)CCC(*)C1,c1c(C([*])=O)ccc(N[*])n1,O=C(c1ccc(NC2CCCCC2)nc1)N1Cc2ccccc2C#Cc2ccccc21,0.9995764,0.4763,0.0305680,55.9800,0.0000000,122.1270,0.9999319,1.0000,0.2885216,3.3136,1.0000000,1.0000,1.0000000,1.0000,[],[],26
11.0864,26.1721,58.1998,0.6591555,NCC1CCC(Nc2nc(F)cc(NC(=O)Nc3ccc(C(=O)N4Cc5ccccc5C#Cc5ccccc54)cc3)n2)CC1,1,c1cc2c(cc1)C#Cc1c(cccc1)N(*)C2|C1C(CN)CCC(*)C1,c1(F)cc(NC(=O)Nc2ccc(C([*])=O)cc2)nc(N[*])n1,O=C(Nc1ccc(C(=O)N2Cc3ccccc3C#Cc3ccccc32)cc1)Nc1ccnc(NC2CCCCC2)n1,0.9624970,1.6544,0.9868402,110.0000,1.0000000,275.2430,0.8720069,3.0000,0.1890410,3.5060,1.0000000,1.0000,1.0000000,1.0000,[],[],26
9.5848,23.1661,53.6671,0.6002590,NCC1CCC(Nc2cccc(C(=O)Nc3ccc(N4Cc5ccccc5C#Cc5ccccc54)nc3)c2)CC1,1,c1cc2c(cc1)C#Cc1c(cccc1)N(*)C2|C1C(CN)CCC(*)C1,c1c(C(=O)Nc2ccc([*])nc2)cccc1N[*],O=C(Nc1ccc(N2Cc3ccccc3C#Cc3ccccc32)nc1)c1cccc(NC2CCCCC2)c1,0.9038539,1.9161,0.1511642,68.0100,1.0000000,213.2400,0.9968477,2.0000,0.3020657,3.2910,1.0000000,1.0000,1.0000000,1.0000,[],[],26
11.4718,34.6031,2.9688,0.2935304,Cc1cc(NC(=O)Nc2ccc(N3CCN(C4CCC(CN)CC4)CC3)cc2)ccc1N1Cc2ccccc2C#Cc2ccccc21,1,c1cc2c(cc1)C#Cc1c(cccc1)N(*)C2|C1C(CN)CCC(*)C1,N1(c2ccc(NC(=O)Nc3ccc([*])c(C)c3)cc2)CCN([*])CC1,O=C(Nc1ccc(N2CCN(C3CCCCC3)CC2)cc1)Nc1ccc(N2Cc3ccccc3C#Cc3ccccc32)cc1,0.1085724,3.0486,0.0324109,56.4000,1.0000000,310.4010,0.8720069,3.0000,0.2631121,3.3578,1.0000000,1.0000,1.0000000,1.0000,[],[],26
26.8946,49.6802,-8.9948,0.3178544,CN(CCN1Cc2ccccc2C#Cc2ccccc21)C(O)=NC1CCN(c2ccc(Cl)c(NC3CCC(CN)CC3)c2)CC1,1,c1cc2c(cc1)C#Cc1c(cccc1)N(*)C2|C1C(CN)CCC(*)C1,c1(Cl)ccc(N2CCC(N=C(N(C)CC[*])O)CC2)cc1N[*],C1#Cc2ccccc2N(CCNC=NC2CCN(c3cccc(NC4CCCCC4)c3)CC2)Cc2ccccc21,0.2718765,2.7567,0.1047317,65.0900,1.0000000,310.8290,0.8720069,3.0000,0.0829708,3.8348,1.0000000,1.0000,1.0000000,1.0000,[],[],26
7.0403,11.7823,-11.7823,0.0000000,NCC1CCC(Nc2ccc(N3Cc4ccccc4C#Cc4ccccc43)cn2)CC1,2,c1cc2c(cc1)C#Cc1c(cccc1)N(*)C2|C1C(CN)CCC(*)C1,n1cc([*])ccc1N[*],C1#Cc2ccccc2N(c2ccc(NC3CCCCC3)nc2)Cc2ccccc21,0.0000000,0.0000,0.0000000,0.0000,0.0000000,0.0000,0.0000000,0.0000,0.0000000,3.3516,0.0000000,1.0000,0.0000000,1.0000,[],[],26
6.1454,32.6784,28.9845,0.4817411,NCC1CCC(Nc2ccc(C(=O)N3CCN(N4Cc5ccccc5C#Cc5ccccc54)CC3)c(F)c2)CC1,1,c1cc2c(cc1)C#Cc1c(cccc1)N(*)C2|C1C(CN)CCC(*)C1,c1c(F)c(C(=O)N2CCN([*])CC2)ccc1N[*],O=C(c1ccc(NC2CCCCC2)cc1)N1CCN(N2Cc3ccccc3C#Cc3ccccc32)CC1,0.9996122,0.4533,0.0425234,58.3600,1.0000000,223.2510,0.9999319,1.0000,0.1951017,3.4924,1.0000000,1.0000,1.0000000,1.0000,[],[],26
8.5573,17.4849,28.7212,0.3609851,CN(c1ccc(NC(=O)N2Cc3ccccc3C#Cc3ccccc32)cc1Cl)C1CCC(CN)CC1,1,c1cc2c(cc1)C#Cc1c(cccc1)N(*)C2|C1C(CN)CCC(*)C1,c1(Cl)cc(NC(=O)[*])ccc1N(C)[*],O=C(Nc1ccc(NC2CCCCC2)cc1)N1Cc2ccccc2C#Cc2ccccc21,0.8919391,1.9500,0.0037069,41.1300,1.0000000,184.6260,0.8720069,3.0000,0.2353117,3.4095,1.0000000,1.0000,1.0000000,1.0000,[],[],26
3.9792,8.6240,-7.9836,0.0050027,NCC1CCC(Nc2ccc(N3Cc4ccccc4C#Cc4ccccc43)cc2)CC1,1,c1cc2c(cc1)C#Cc1c(cccc1)N(*)C2|C1C(CN)CCC(*)C1,[*]c1ccc(N[*])cc1,C1#Cc2ccccc2N(c2ccc(NC3CCCCC3)cc2)Cc2ccccc21,0.9912065,1.2688,0.0004227,26.0200,0.0000000,93.1290,0.9999985,0.0000,0.3692226,3.1861,1.0000000,1.0000,1.0000000,1.0000,[],[],26
4.5460,30.4853,-30.4853,0.0000000,NCC1CCC(Nc2ccc(C(=O)N3CCN(N4Cc5ccccc5C#Cc5ccccc54)CC3)cc2)CC1,2,c1cc2c(cc1)C#Cc1c(cccc1)N(*)C2|C1C(CN)CCC(*)C1,c1c(C(=O)N2CCN([*])CC2)ccc(N[*])c1,O=C(c1ccc(NC2CCCCC2)cc1)N1CCN(N2Cc3ccccc3C#Cc3ccccc32)CC1,0.0000000,0.3142,0.0000000,58.3600,0.0000000,205.2610,0.0000000,1.0000,0.0000000,3.3965,0.0000000,1.0000,0.0000000,1.0000,[],[],26
5.7299,13.9533,-13.9533,0.0000000,NCC1CCC(N2CCN(c3ccc(NC(=O)N4Cc5ccccc5C#Cc5ccccc54)cc3)CC2)CC1,1,c1cc2c(cc1)C#Cc1c(cccc1)N(*)C2|C1C(CN)CCC(*)C1,N1(c2ccc(NC([*])=O)cc2)CCN([*])CC1,O=C(Nc1ccc(N2CCN(C3CCCCC3)CC2)cc1)N1Cc2ccccc2C#Cc2ccccc21,0.9999319,0.0000,0.0000100,0.0000,0.0000000,0.0000,0.9999985,0.0000,0.3201826,3.2616,1.0000000,1.0000,1.0000000,1.0000,[],[],26
10.7640,32.6754,7.6462,0.3150124,NCC1CCC(Nc2ccc(N3CCC(NC(=O)N4Cc5ccccc5C#Cc5ccccc54)C3)s2)CC1,1,c1cc2c(cc1)C#Cc1c(cccc1)N(*)C2|C1C(CN)CCC(*)C1,c1cc(N2CCC(NC([*])=O)C2)sc1N[*],O=C(NC1CCN(c2ccc(NC3CCCCC3)s2)C1)N1Cc2ccccc2C#Cc2ccccc21,0.9991593,0.6550,0.0425234,58.3600,1.0000000,211.2900,0.8720069,3.0000,0.0340585,4.1622,1.0000000,1.0000,1.0000000,1.0000,[],[],26
4.6267,11.4771,-10.7430,0.0057346,NCC1CCC(Nc2ccc(N3Cc4ccccc4C#Cc4ccccc43)nc2)CC1,1,c1cc2c(cc1)C#Cc1c(cccc1)N(*)C2|C1C(CN)CCC(*)C1,[*]c1ccc(N[*])cn1,C1#Cc2ccccc2N(c2ccc(NC3CCCCC3)cn2)Cc2ccccc21,0.9991305,0.6638,0.0026959,38.9100,0.0000000,94.1170,0.9999985,0.0000,0.2645175,3.3553,1.0000000,1.0000,1.0000000,1.0000,[],[],26
31.4991,49.2810,-49.2810,0.0000000,NCC1CCC(Nc2ccc(N(CC(=O)NC(=O)N3Cc4ccccc4C#Cc4ccccc43)C(=O)c3ccccc3Cl)c(F)c2)CC1,1,c1cc2c(cc1)C#Cc1c(cccc1)N(*)C2|C1C(CN)CCC(*)C1,c1(Cl)c(C(=O)N(CC(=O)NC([*])=O)c2ccc(N[*])cc2F)cccc1,O=C(CN(C(=O)c1ccccc1)c1ccc(NC2CCCCC2)cc1)NC(=O)N1Cc2ccccc2C#Cc2ccccc21,0.0000000,0.0000,0.0000000,0.0000,0.0000000,0.0000,0.0000000,0.0000,0.0000000,0.0000,0.0000000,0.0000,0.0000000,0.0000,['[NX3][CX4][CX3](=O)[NX3][CX3](=O)'],None,26
13.2434,30.2410,62.4967,0.7245129,NCC1CCC(NC(=O)c2ccc(NC(=O)c3cnc(N4Cc5ccccc5C#Cc5ccccc54)nc3)cc2)CC1,1,c1cc2c(cc1)C#Cc1c(cccc1)N(*)C2|C1C(CN)CCC(*)C1,O=C(c1ccc(NC(=O)c2cnc([*])nc2)cc1)N[*],O=C(Nc1ccc(C(=O)NC2CCCCC2)cc1)c1cnc(N2Cc3ccccc3C#Cc3ccccc32)nc1,0.9983696,0.8278,0.9299610,97.9700,1.0000000,242.2380,0.8720069,3.0000,0.2845845,3.3203,1.0000000,1.0000,1.0000000,1.0000,[],[],26
10.8560,25.7462,58.6000,0.6589547,NCC1CCC(Nc2ncc(Cl)c(NC(=O)Nc3ccc(N4Cc5ccccc5C#Cc5ccccc54)nc3)n2)CC1,1,c1cc2c(cc1)C#Cc1c(cccc1)N(*)C2|C1C(CN)CCC(*)C1,c1(Cl)c(NC(=O)Nc2ccc([*])nc2)nc(N[*])nc1,O=C(Nc1ccc(N2Cc3ccccc3C#Cc3ccccc32)nc1)Nc1ccnc(NC2CCCCC2)n1,0.9465272,1.7512,0.9762421,105.8200,1.0000000,264.6760,0.9968477,2.0000,0.1711144,3.5482,1.0000000,1.0000,1.0000000,1.0000,[],[],26
7.2404,14.3514,-13.1878,0.0090903,NCC1CCC(Nc2ccc(NC(=O)N3Cc4ccccc4C#Cc4ccccc43)cn2)CC1,1,c1cc2c(cc1)C#Cc1c(cccc1)N(*)C2|C1C(CN)CCC(*)C1,c1cc(NC(=O)[*])cnc1N[*],O=C(Nc1ccc(NC2CCCCC2)nc1)N1Cc2ccccc2C#Cc2ccccc21,0.9998340,0.2321,0.1511642,68.0100,0.0000000,137.1420,0.9968477,2.0000,0.2687327,3.3478,1.0000000,1.0000,1.0000000,1.0000,[],[],26
4.7572,14.3932,-14.3932,0.0000000,NCC1CCC(N2CCN(c3ccc(NC(=O)N4Cc5ccccc5C#Cc5ccccc54)cc3)CC2)CC1,2,c1cc2c(cc1)C#Cc1c(cccc1)N(*)C2|C1C(CN)CCC(*)C1,N1(c2ccc(NC(=O)[*])cc2)CCN([*])CC1,O=C(Nc1ccc(N2CCN(C3CCCCC3)CC2)cc1)N1Cc2ccccc2C#Cc2ccccc21,0.0000000,0.0000,0.0000000,0.0000,0.0000000,0.0000,0.0000000,0.0000,0.0000000,3.2616,0.0000000,1.0000,0.0000000,1.0000,[],[],26
15.3650,38.8299,36.5861,0.5891877,NCC1CCC(Nc2nc(Cl)cc(C(=O)N3CCN(N4Cc5ccccc5C#Cc5ccccc54)CC3)n2)CC1,1,c1cc2c(cc1)C#Cc1c(cccc1)N(*)C2|C1C(CN)CCC(*)C1,c1(Cl)cc(C(=O)N2CCN([*])CC2)nc(N[*])n1,O=C(c1ccnc(NC2CCCCC2)n1)N1CCN(N2Cc3ccccc3C#Cc3ccccc32)CC1,0.9999731,-0.2424,0.6446934,84.1400,1.0000000,241.6820,0.9999319,1.0000,0.1214725,3.6874,1.0000000,1.0000,1.0000000,1.0000,[],[],26
5.3720,11.8993,-11.2974,0.0047028,NCC1CCC(Nc2ccc(N3Cc4ccccc4C#Cc4ccccc43)c(Cl)c2)CC1,1,c1cc2c(cc1)C#Cc1c(cccc1)N(*)C2|C1C(CN)CCC(*)C1,c1c(Cl)c([*])ccc1N[*],C1#Cc2ccccc2N(c2ccc(NC3CCCCC3)cc2)Cc2ccccc21,0.9018003,1.9222,0.0004227,26.0200,0.0000000,127.5740,0.9999985,0.0000,0.3091989,3.2793,1.0000000,1.0000,1.0000000,1.0000,[],[],26
11.3008,22.9069,54.9614,0.6083462,NCC1CCC(Nc2cc(Cl)c(NS(=O)(=O)N3Cc4ccccc4C#Cc4ccccc43)cn2)CC1,1,c1cccc2c1N(*)Cc1ccccc1C#C2|C1C(*)CCC(CN)C1,c1c(Cl)c(NS(=O)([*])=O)cnc1N[*],O=S(=O)(Nc1ccc(NC2CCCCC2)nc1)N1Cc2ccccc2C#Cc2ccccc21,0.9998184,0.2555,0.6750402,85.0800,1.0000000,207.6420,0.9968477,2.0000,0.1370603,3.6393,1.0000000,1.0000,1.0000000,1.0000,[],[],27
13.2368,25.4424,24.7816,0.3923752,CN(c1ccc(Cl)c(C(=O)N2Cc3ccccc3C#Cc3ccccc32)c1)S(=O)(=O)c1cnc(NC2CCC(CN)CC2)s1,1,c1cccc2c1N(*)Cc1ccccc1C#C2|C1C(*)CCC(CN)C1,O=S(=O)(N(c1ccc(Cl)c(C(=O)[*])c1)C)c1cnc(N[*])s1,O=C(c1cccc(NS(=O)(=O)c2cnc(NC3CCCCC3)s2)c1)N1Cc2ccccc2C#Cc2ccccc21,0.8648613,2.0163,0.8724346,93.3600,1.0000000,331.8060,0.1279931,4.0000,0.1283825,3.6655,1.0000000,1.0000,1.0000000,1.0000,[],[],27
6.0860,21.1387,-21.1387,0.0000000,NCC1CCC(Nc2ccc(NC(=O)Nc3ccc(N4Cc5ccccc5C#Cc5ccccc54)nc3)cc2)CC1,1,c1cccc2c1N(*)Cc1ccccc1C#C2|C1C(*)CCC(CN)C1,c1cc(NC(=O)Nc2ccc([*])nc2)ccc1N[*],O=C(Nc1ccc(NC2CCCCC2)cc1)Nc1ccc(N2Cc3ccccc3C#Cc3ccccc32)nc1,0.6764696,2.3078,0.5014392,80.0400,1.0000000,228.2550,0.9968477,2.0000,0.2921769,3.3074,1.0000000,1.0000,1.0000000,1.0000,[],[],27
9.8371,29.4737,57.4082,0.6787649,NCC1CCC(NS(=O)(=O)N2CCN(C(=O)c3ccc(N4Cc5ccccc5C#Cc5ccccc54)nc3)CC2)CC1,1,c1cccc2c1N(*)Cc1ccccc1C#C2|C1C(*)CCC(CN)C1,O=S(=O)(N1CCN(C(=O)c2cnc([*])cc2)CC1)N[*],O=C(c1ccc(N2Cc3ccccc3C#Cc3ccccc32)nc1)N1CCN(S(=O)(=O)NC2CCCCC2)CC1,0.9999983,-0.9571,0.9159794,96.6000,1.0000000,270.3140,0.9968477,2.0000,0.1904835,3.5027,1.0000000,1.0000,1.0000000,1.0000,[],[],27
12.8685,25.4175,13.9229,0.3073473,NCC1CCC(NC(c2ccc(N3Cc4ccccc4C#Cc4ccccc43)nc2)n2cc(Cl)cn2)CC1,1,c1cccc2c1N(*)Cc1ccccc1C#C2|C1C(*)CCC(CN)C1,c1c(Cl)cn(C(c2ccc([*])nc2)N[*])n1,C1#Cc2ccccc2N(c2ccc(C(NC3CCCCC3)n3cccn3)cn2)Cc2ccccc21,0.9833578,1.4371,0.0339338,56.7300,1.0000000,208.6520,0.9968477,2.0000,0.0308160,4.1981,1.0000000,1.0000,1.0000000,1.0000,[],[],27
19.5906,24.0293,3.6078,0.2159145,NCC1CCC(Nc2nc(-c3cccc(NC(=O)c4ccc(N5Cc6ccccc6C#Cc6ccccc65)cc4)c3)cs2)CC1,1,c1cccc2c1N(*)Cc1ccccc1C#C2|C1C(*)CCC(CN)C1,s1cc(-c2cccc(NC(=O)c3ccc([*])cc3)c2)nc1N[*],O=C(Nc1cccc(-c2csc(NC3CCCCC3)n2)c1)c1ccc(N2Cc3ccccc3C#Cc3ccccc32)cc1,0.0122178,3.6446,0.1511642,68.0100,1.0000000,295.3670,0.8720069,3.0000,0.2803197,3.3276,1.0000000,1.0000,1.0000000,1.0000,[],[],27
10.6417,26.4403,24.4302,0.3974258,NCC1CCC(Nc2ccc(N3CCC(NC(=O)N4Cc5ccccc5C#Cc5ccccc54)C3)cc2)CC1,1,c1cccc2c1N(*)Cc1ccccc1C#C2|C1C(*)CCC(CN)C1,c1cc(N2CCC(NC([*])=O)C2)ccc1N[*],O=C(NC1CCN(c2ccc(NC3CCCCC3)cc2)C1)N1Cc2ccccc2C#Cc2ccccc21,0.9993359,0.5935,0.0425234,58.3600,1.0000000,205.2610,0.8720069,3.0000,0.0946745,3.7845,1.0000000,1.0000,1.0000000,1.0000,[],[],27
4.5093,8.2816,41.1425,0.3861262,NCC1CCC(N2CCN(S(=O)(=O)N3Cc4ccccc4C#Cc4ccccc43)CC2)CC1,1,c1cccc2c1N(*)Cc1ccccc1C#C2|C1C(*)CCC(CN)C1,O=S(=O)([*])N1CCN([*])CC1,O=S(=O)(N1CCN(C2CCCCC2)CC1)N1Cc2ccccc2C#Cc2ccccc21,0.9999998,-1.5820,0.0121014,49.4100,0.6684421,150.2030,0.9999319,1.0000,0.2066108,3.4675,1.0000000,1.0000,1.0000000,1.0000,[],[],27
10.6795,28.5393,5.9439,0.2694003,NCC1CCC(Nc2cc(Cl)cc(NC(=O)Nc3ccc(OC(=O)N4Cc5ccccc5C#Cc5ccccc54)cc3)c2)CC1,1,c1cccc2c1N(*)Cc1ccccc1C#C2|C1C(*)CCC(CN)C1,c1c(Cl)cc(NC(Nc2ccc(OC([*])=O)cc2)=O)cc1N[*],O=C(Nc1ccc(OC(=O)N2Cc3ccccc3C#Cc3ccccc32)cc1)Nc1cccc(NC2CCCCC2)c1,0.0904661,3.1014,0.8738691,93.4500,1.0000000,305.7210,0.1279931,4.0000,0.2344632,3.4111,1.0000000,1.0000,1.0000000,1.0000,[],[],27
26.2509,45.6338,-2.5670,0.3364593,NCC1CCC(NN(C(=O)C2CCCN2C(=O)c2ccccc2)C2CCC(N3Cc4ccccc4C#Cc4ccccc43)CC2)CC1,1,c1cccc2c1N(*)Cc1ccccc1C#C2|C1C(*)CCC(CN)C1,c1(C(=O)N2CCCC2C(=O)N(C2CCC([*])CC2)N[*])ccccc1,O=C(c1ccccc1)N1CCCC1C(=O)N(NC1CCCCC1)C1CCC(N2Cc3ccccc3C#Cc3ccccc32)CC1,0.6608270,2.3262,0.1275654,66.6400,1.0000000,315.4170,0.8720069,3.0000,0.0397266,4.1067,1.0000000,1.0000,1.0000000,1.0000,[],[],27
15.1939,24.0594,54.9973,0.6176305,NCC1CCC(Nc2cc(F)c(S(=O)(=O)NC(=O)N3Cc4ccccc4C#Cc4ccccc43)cn2)CC1,1,c1cccc2c1N(*)Cc1ccccc1C#C2|C1C(*)CCC(CN)C1,c1c(F)c(S(=O)(=O)NC(=O)[*])cnc1N[*],O=C(NS(=O)(=O)c1ccc(NC2CCCCC2)nc1)N1Cc2ccccc2C#Cc2ccccc21,0.9999964,-0.7624,0.9603665,102.1500,1.0000000,219.1970,0.8720069,3.0000,0.1385229,3.6350,1.0000000,1.0000,1.0000000,1.0000,[],[],27
11.9990,12.8800,54.5478,0.5267798,NCC1CCC(Nc2ccc(S(=O)(=O)N3Cc4ccccc4C#Cc4ccccc43)c(F)c2)CC1,1,c1cccc2c1N(*)Cc1ccccc1C#C2|C1C(*)CCC(CN)C1,Fc1c(S([*])(=O)=O)ccc(N[*])c1,O=S(=O)(c1ccc(NC2CCCCC2)cc1)N1Cc2ccccc2C#Cc2ccccc21,0.9997092,0.3782,0.0544129,60.1600,1.0000000,175.1840,0.9999319,1.0000,0.2555467,3.3715,1.0000000,1.0000,1.0000000,1.0000,[],[],27
7.0427,11.2629,-11.2629,0.0000000,NCC1CCC(Nc2ncc(S(=O)(=O)N3Cc4ccccc4C#Cc4ccccc43)s2)CC1,1,c1cccc2c1N(*)Cc1ccccc1C#C2|C1C(*)CCC(CN)C1,[*]S(=O)(c1cnc(N[*])s1)=O,O=S(=O)(c1cnc(NC2CCCCC2)s1)N1Cc2ccccc2C#Cc2ccccc21,0.9999788,-0.3044,0.2689050,73.0500,1.0000000,164.2110,0.9999319,1.0000,0.1590489,3.5786,1.0000000,1.0000,1.0000000,1.0000,[],[],27
5.9547,25.7454,-25.7454,0.0000000,NCC1CCC(Nc2ccc(NC(=O)Nc3ccc(N4Cc5ccccc5C#Cc5ccccc54)nc3)c(Cl)c2)CC1,1,c1cccc2c1N(*)Cc1ccccc1C#C2|C1C(*)CCC(CN)C1,c1c(Cl)c(NC(=O)Nc2cnc([*])cc2)ccc1N[*],O=C(Nc1ccc(NC2CCCCC2)cc1)Nc1ccc(N2Cc3ccccc3C#Cc3ccccc32)nc1,0.1455522,2.9612,0.5014392,80.0400,1.0000000,262.7000,0.9968477,2.0000,0.2453609,3.3903,1.0000000,1.0000,1.0000000,1.0000,[],[],27
13.1425,25.5725,30.8824,0.4410535,NCC1CCC(Nc2ncc(Cl)cc2NC(=O)c2ccc(NC(=O)N3Cc4ccccc4C#Cc4ccccc43)cc2)CC1,1,c1cccc2c1N(*)Cc1ccccc1C#C2|C1C(*)CCC(CN)C1,n1cc(Cl)cc(NC(=O)c2ccc(NC(=O)[*])cc2)c1N[*],O=C(Nc1cccnc1NC1CCCCC1)c1ccc(NC(=O)N2Cc3ccccc3C#Cc3ccccc32)cc1,0.8005912,2.1378,0.9214582,97.1100,1.0000000,290.7100,0.1279931,4.0000,0.2257587,3.4282,1.0000000,1.0000,1.0000000,1.0000,[],[],27
7.7555,9.0235,-9.0235,0.0000000,NCC1CCC(Nc2ccc(S(=O)(=O)N3Cc4ccccc4C#Cc4ccccc43)cn2)CC1,1,c1cccc2c1N(*)Cc1ccccc1C#C2|C1C(*)CCC(CN)C1,[*]S(=O)(c1ccc(N[*])nc1)=O,O=S(=O)(c1ccc(NC2CCCCC2)nc1)N1Cc2ccccc2C#Cc2ccccc21,0.9999833,-0.3659,0.2689050,73.0500,1.0000000,158.1820,0.9999319,1.0000,0.2439102,3.3931,1.0000000,1.0000,1.0000000,1.0000,[],[],27
16.0037,51.5839,3.0837,0.4270908,NCC1CCC(n2cc(Cl)cc2NC(=O)Nc2ccc(OC(=O)N3CCN(N4Cc5ccccc5C#Cc5ccccc54)CC3)cc2)CC1,1,c1cccc2c1N(*)Cc1ccccc1C#C2|C1C(*)CCC(CN)C1,c1c(Cl)cc(NC(=O)Nc2ccc(OC(N3CCN([*])CC3)=O)cc2)n1[*],O=C(Nc1ccc(OC(=O)N2CCN(N3Cc4ccccc4C#Cc4ccccc43)CC2)cc1)Nc1cccn1C1CCCCC1,0.3037901,2.7161,0.9346811,98.4900,1.0000000,363.8050,0.8720069,3.0000,0.0911834,3.7988,1.0000000,1.0000,1.0000000,1.0000,[],[],27
15.2611,45.6180,5.5344,0.3996277,NCC1CCC(Nc2ccc(NC(=O)Nc3ccc(C(=O)N4CCCN(N5Cc6ccccc6C#Cc6ccccc65)CC4)cc3Cl)cc2)CC1,1,c1cccc2c1N(*)Cc1ccccc1C#C2|C1C(*)CCC(CN)C1,c1cc(NC(=O)Nc2ccc(C(=O)N3CCN([*])CCC3)cc2Cl)ccc1N[*],O=C(Nc1ccc(NC2CCCCC2)cc1)Nc1ccc(C(=O)N2CCCN(N3Cc4ccccc4C#Cc4ccccc43)CC2)cc1,0.1272668,3.0017,0.9429366,99.4900,1.0000000,387.8710,0.8720069,3.0000,0.1617559,3.5716,1.0000000,1.0000,1.0000000,1.0000,[],[],27
9.4260,25.7321,60.2647,0.6718497,NCC1CCC(Nc2ccc(NC(=O)Nc3cnc(N4Cc5ccccc5C#Cc5ccccc54)nc3)cc2F)CC1,1,c1cccc2c1N(*)Cc1ccccc1C#C2|C1C(*)CCC(CN)C1,Fc1cc(NC(=O)Nc2cnc([*])nc2)ccc1N[*],O=C(Nc1ccc(NC2CCCCC2)cc1)Nc1cnc(N2Cc3ccccc3C#Cc3ccccc32)nc1,0.9259138,1.8419,0.8653874,92.9300,1.0000000,247.2330,0.9968477,2.0000,0.2023277,3.4766,1.0000000,1.0000,1.0000000,1.0000,[],[],27
16.7391,20.5259,48.3156,0.5378240,NCC1CCC(Nc2ncc(Cl)cc2Oc2ccnc(C(=O)N3Cc4ccccc4C#Cc4ccccc43)c2)CC1,1,c1cccc2c1N(*)Cc1ccccc1C#C2|C1C(*)CCC(CN)C1,n1cc(Cl)cc(Oc2cc(C([*])=O)ncc2)c1N[*],O=C(c1cc(Oc2cccnc2NC2CCCCC2)ccn1)N1Cc2ccccc2C#Cc2ccccc21,0.6686950,2.3170,0.4320647,78.1000,1.0000000,249.6570,0.8720069,3.0000,0.1680143,3.5558,1.0000000,1.0000,1.0000000,1.0000,[],[],27
5.9207,26.0811,-26.0811,0.0000000,NCC1CCC(Nc2ccc(NC(=O)Nc3ccc(N4Cc5ccccc5C#Cc5ccccc54)nc3)cc2Cl)CC1,1,c1cccc2c1N(*)Cc1ccccc1C#C2|C1C(*)CCC(CN)C1,c1(Cl)cc(NC(=O)Nc2cnc([*])cc2)ccc1N[*],O=C(Nc1ccc(NC2CCCCC2)cc1)Nc1ccc(N2Cc3ccccc3C#Cc3ccccc32)nc1,0.1455522,2.9612,0.5014392,80.0400,1.0000000,262.7000,0.9968477,2.0000,0.2477504,3.3859,1.0000000,1.0000,1.0000000,1.0000,[],[],27
5.7716,7.2031,-6.5628,0.0050027,NCC1CCC(Nc2ccc(N3Cc4ccccc4C#Cc4ccccc43)cc2)CC1,1,c1cccc2c1N(*)Cc1ccccc1C#C2|C1C(*)CCC(CN)C1,[*]c1ccc(N[*])cc1,C1#Cc2ccccc2N(c2ccc(NC3CCCCC3)cc2)Cc2ccccc21,0.9912065,1.2688,0.0004227,26.0200,0.0000000,93.1290,0.9999985,0.0000,0.3692226,3.1861,1.0000000,1.0000,1.0000000,1.0000,[],[],27
12.0259,28.5641,51.1083,0.6224405,NCC1CCC(Nc2cnc(NC(=O)Nc3ccc(C(=O)N4Cc5ccccc5C#Cc5ccccc54)cn3)c(Cl)c2)CC1,1,c1cccc2c1N(*)Cc1ccccc1C#C2|C1C(*)CCC(CN)C1,c1c(Cl)c(NC(=O)Nc2ccc(C([*])=O)cn2)ncc1N[*],O=C(Nc1ccc(NC2CCCCC2)cn1)Nc1ccc(C(=O)N2Cc3ccccc3C#Cc3ccccc32)cn1,0.7809842,2.1687,0.9868402,110.0000,1.0000000,291.6980,0.8720069,3.0000,0.1810494,3.5244,1.0000000,1.0000,1.0000000,1.0000,[],[],27
11.4625,27.1174,24.2487,0.4012979,CN(c1ccc(NC(=O)Nc2ccc(N3Cc4ccccc4C#Cc4ccccc43)cc2)nc1)C1CCC(CN)CC1,1,c1cccc2c1N(*)Cc1ccccc1C#C2|C1C(*)CCC(CN)C1,c1cc(NC(=O)Nc2ccc([*])cc2)ncc1N([*])C,O=C(Nc1ccc(N2Cc3ccccc3C#Cc3ccccc32)cc1)Nc1ccc(NC2CCCCC2)cn1,0.2638989,2.7673,0.1184108,66.0500,1.0000000,242.2820,0.8720069,3.0000,0.2242091,3.4313,1.0000000,1.0000,1.0000000,1.0000,[],[],27
11.3763,22.4474,40.5940,0.4925109,NCC1CCC(Nc2cc(Cl)ccc2C(=O)Nc2ccc(N3Cc4ccccc4C#Cc4ccccc43)nc2)CC1,1,c1cccc2c1N(*)Cc1ccccc1C#C2|C1C(*)CCC(CN)C1,c1c(Cl)ccc(C(=O)Nc2ccc([*])nc2)c1N[*],O=C(Nc1ccc(N2Cc3ccccc3C#Cc3ccccc32)nc1)c1ccccc1NC1CCCCC1,0.4337135,2.5695,0.1511642,68.0100,1.0000000,247.6850,0.9968477,2.0000,0.2635945,3.3569,1.0000000,1.0000,1.0000000,1.0000,[],[],27
18.3578,31.1902,50.9865,0.6420050,NCC1CCC(Nc2ncc(Cl)cc2-c2cccc(S(=O)(=O)NN3Cc4ccccc4C#Cc4ccccc43)c2)CC1,1,c1cccc2c1N(*)Cc1ccccc1C#C2|C1C(*)CCC(CN)C1,c1(Cl)cc(-c2cccc(S(=O)(=O)N[*])c2)c(N[*])nc1,O=S(=O)(NN1Cc2ccccc2C#Cc2ccccc21)c1cccc(-c2cccnc2NC2CCCCC2)c1,0.9655307,1.6316,0.9395959,99.0700,1.0000000,283.7400,0.9968477,2.0000,0.1524636,3.5960,1.0000000,1.0000,1.0000000,1.0000,[],[],27
4.5093,8.2816,-8.2816,0.0000000,NCC1CCC(N2CCN(S(=O)(=O)N3Cc4ccccc4C#Cc4ccccc43)CC2)CC1,2,c1cccc2c1N(*)Cc1ccccc1C#C2|C1C(*)CCC(CN)C1,O=S(=O)([*])N1CCN([*])CC1,O=S(=O)(N1CCN(C2CCCCC2)CC1)N1Cc2ccccc2C#Cc2ccccc21,0.0000000,-1.5820,0.0000000,49.4100,0.0000000,150.2030,0.0000000,1.0000,0.0000000,3.4675,0.0000000,1.0000,0.0000000,1.0000,[],[],27
12.9604,20.9624,44.3707,0.5104149,NCC1CCC(Nc2ccc3c(c2)CN(S(=O)(=O)N2Cc4ccccc4C#Cc4ccccc42)CC3)CC1,1,c1cccc2c1N(*)Cc1ccccc1C#C2|C1C(*)CCC(CN)C1,N1(S(=O)(=O)[*])Cc2c(ccc(N[*])c2)CC1,O=S(=O)(N1CCc2ccc(NC3CCCCC3)cc2C1)N1Cc2ccccc2C#Cc2ccccc21,0.9998773,0.1533,0.0840206,63.4000,1.0000000,212.2740,0.9999319,1.0000,0.1789574,3.5293,1.0000000,1.0000,1.0000000,1.0000,[],[],27
17.1188,35.8690,49.5186,0.6670907,NCC1CCC(Nc2cc(Cl)ccc2C(=O)Nc2cccc(S(=O)(=O)NN3Cc4ccccc4C#Cc4ccccc43)c2)CC1,1,c1cccc2c1N(*)Cc1ccccc1C#C2|C1C(*)CCC(CN)C1,c1(Cl)ccc(C(=O)Nc2cc(S(=O)(=O)N[*])ccc2)c(N[*])c1,O=C(Nc1cccc(S(=O)(=O)NN2Cc3ccccc3C#Cc3ccccc32)c1)c1ccccc1NC1CCCCC1,0.9310098,1.8219,0.9938013,115.2800,1.0000000,325.7770,0.8720069,3.0000,0.2052776,3.4703,1.0000000,1.0000,1.0000000,1.0000,[],[],27
8.3553,39.3397,35.6081,0.5855296,NCC1CCC(Nc2cnc(NC(=O)N3CCN(N4Cc5ccccc5C#Cc5ccccc54)CC3)cc2Cl)CC1,1,c1cccc2c1N(*)Cc1ccccc1C#C2|C1C(*)CCC(CN)C1,c1(Cl)cc(NC(=O)N2CCN([*])CC2)ncc1N[*],O=C(Nc1ccc(NC2CCCCC2)cn1)N1CCN(N2Cc3ccccc3C#Cc3ccccc32)CC1,0.9987698,0.7543,0.6158640,83.2800,1.0000000,255.7090,0.9999319,1.0000,0.1210693,3.6887,1.0000000,1.0000,1.0000000,1.0000,[],[],27
12.1200,42.9769,25.4688,0.5347316,NCC1CCC(Nc2cnc(-c3ccc(NC(=O)N4CCN(N5Cc6ccccc6C#Cc6ccccc65)CC4)cc3)c(Cl)c2)CC1,1,c1cccc2c1N(*)Cc1ccccc1C#C2|C1C(*)CCC(CN)C1,c1c(Cl)c(-c2ccc(NC(=O)N3CCN([*])CC3)cc2)ncc1N[*],O=C(Nc1ccc(-c2ccc(NC3CCCCC3)cn2)cc1)N1CCN(N2Cc3ccccc3C#Cc3ccccc32)CC1,0.5749369,2.4213,0.6158640,83.2800,1.0000000,331.8070,0.9968477,2.0000,0.1414716,3.6265,1.0000000,1.0000,1.0000000,1.0000,[],[],27
9.2458,7.5847,-6.7214,0.0067439,NCC1CCC(Nc2ccnc(N3Cc4ccccc4C#Cc4ccccc43)n2)CC1,1,c1cccc2c1N(*)Cc1ccccc1C#C2|C1C(*)CCC(CN)C1,[*]c1nccc(N[*])n1,C1#Cc2ccccc2N(c2nccc(NC3CCCCC3)n2)Cc2ccccc21,0.9999146,0.0588,0.0169848,51.8000,0.0000000,95.1050,0.9999985,0.0000,0.2148904,3.4502,1.0000000,1.0000,1.0000000,1.0000,[],[],27
10.1083,21.8561,39.9756,0.4830607,NCC1CCC(Nc2ncc(C(=O)N3CCC(N4Cc5ccccc5C#Cc5ccccc54)CC3)s2)CC1,1,c1cccc2c1C#Cc1ccccc1CN2*|C1CC(CN)CCC1*,N(c1ncc(C(=O)N2CCC([*])CC2)s1)[*],O=C(c1cnc(NC2CCCCC2)s1)N1CCC(N2Cc3ccccc3C#Cc3ccccc32)CC1,0.9879661,1.3514,0.0478577,59.2200,1.0000000,211.2900,0.9999319,1.0000,0.1883286,3.5076,1.0000000,1.0000,1.0000000,1.0000,[],[],28
16.5468,43.0683,-28.7313,0.1120075,NCC1CCC(N2CCCC2C(=O)Nc2ccc(C=CC(=O)Nc3ccc(N4Cc5ccccc5C#Cc5ccccc54)nc3)s2)CC1,1,c1cccc2c1C#Cc1ccccc1CN2*|C1CC(CN)CCC1*,C1(C(=O)Nc2ccc(C=CC(=O)Nc3ccc([*])nc3)s2)N([*])CCC1,O=C(C=Cc1ccc(NC(=O)C2CCCN2C2CCCCC2)s1)Nc1ccc(N2Cc3ccccc3C#Cc3ccccc32)nc1,0.5139078,2.4855,0.6104025,83.1200,1.0000000,342.4240,0.0031523,5.0000,0.0291224,4.2183,1.0000000,1.0000,1.0000000,1.0000,[],[],28
16.9941,29.7621,45.3638,0.5869207,Cc1nc(NC2CCC(CN)CC2)ccc1C(=O)N(C)c1cnc(N2Cc3ccccc3C#Cc3ccccc32)nc1,1,c1cccc2c1C#Cc1ccccc1CN2*|C1CC(CN)CCC1*,c1(C(N(C)c2cnc([*])nc2)=O)ccc(N[*])nc1C,O=C(Nc1cnc(N2Cc3ccccc3C#Cc3ccccc32)nc1)c1ccc(NC2CCCCC2)nc1,0.9963431,1.0388,0.6725097,85.0000,1.0000000,243.2700,0.9968477,2.0000,0.1176862,3.6999,1.0000000,1.0000,1.0000000,1.0000,[],[],28
10.1882,28.0380,41.0376,0.5396532,NCC1CCC(n2ncc(Cl)c2C(=O)Nc2ccc(N3Cc4ccccc4C#Cc4ccccc43)nc2)CC1,1,c1cccc2c1C#Cc1ccccc1CN2*|C1CC(CN)CCC1*,n1cc(Cl)c(C(=O)Nc2cnc([*])cc2)n1[*],O=C(Nc1ccc(N2Cc3ccccc3C#Cc3ccccc32)nc1)c1ccnn1C1CCCCC1,0.9539201,1.7104,0.2070672,70.6700,1.0000000,222.6350,0.9968477,2.0000,0.1530986,3.5943,1.0000000,1.0000,1.0000000,1.0000,[],[],28
12.0913,49.5429,21.6758,0.5563958,NCC1CCC(Nc2ccc(Cl)c(C(=O)Nc3ccc(C(=O)N4CCN(N5Cc6ccccc6C#Cc6ccccc65)CC4)s3)n2)CC1,1,c1cccc2c1C#Cc1ccccc1CN2*|C1CC(CN)CCC1*,c1cc(Cl)c(C(=O)Nc2ccc(C(=O)N3CCN([*])CC3)s2)nc1N[*],O=C(Nc1ccc(C(=O)N2CCN(N3Cc4ccccc4C#Cc4ccccc43)CC2)s1)c1cccc(NC2CCCCC2)n1,0.9593276,1.6764,0.9492423,100.3500,1.0000000,365.8460,0.8720069,3.0000,0.0917414,3.7965,1.0000000,1.0000,1.0000000,1.0000,[],[],28
7.3287,34.1324,38.4109,0.5667446,NCC1CCC(Nc2cnc(C(=O)N3CCN(N4Cc5ccccc5C#Cc5ccccc54)CC3)c(Cl)n2)CC1,1,c1cccc2c1C#Cc1ccccc1CN2*|C1CC(CN)CCC1*,c1(Cl)c(C(=O)N2CCN([*])CC2)ncc(N[*])n1,O=C(c1cnc(NC2CCCCC2)cn1)N1CCN(N2Cc3ccccc3C#Cc3ccccc32)CC1,0.9999731,-0.2424,0.6446934,84.1400,1.0000000,241.6820,0.9999319,1.0000,0.1023921,3.7543,1.0000000,1.0000,1.0000000,1.0000,[],[],28
11.5228,16.3625,-15.1087,0.0097957,NCC1CCC(Nc2cnc(NC(=O)N3Cc4ccccc4C#Cc4ccccc43)cn2)CC1,1,c1cccc2c1C#Cc1ccccc1CN2*|C1CC(CN)CCC1*,[*]C(=O)Nc1ncc(N[*])nc1,O=C(Nc1cnc(NC2CCCCC2)cn1)N1Cc2ccccc2C#Cc2ccccc21,0.9999837,-0.3729,0.5323350,80.9000,0.0000000,138.1300,0.9968477,2.0000,0.1989338,3.4840,1.0000000,1.0000,1.0000000,1.0000,[],[],28
7.3592,31.7469,-31.4154,0.0025895,NCC1CCC(Nc2ncc(C(=O)N3CCN(N4Cc5ccccc5C#Cc5ccccc54)CC3)s2)CC1,1,c1cccc2c1C#Cc1ccccc1CN2*|C1CC(CN)CCC1*,c1(C(=O)N2CCN([*])CC2)sc(N[*])nc1,O=C(c1cnc(NC2CCCCC2)s1)N1CCN(N2Cc3ccccc3C#Cc3ccccc32)CC1,0.9999319,0.0000,0.0000100,0.0000,0.0000000,0.0000,0.9999985,0.0000,0.1312772,3.6566,1.0000000,1.0000,1.0000000,1.0000,[],[],28
15.4581,45.2080,11.8443,0.4457213,CN(C(=O)c1cc(NC2CCC(CN)CC2)ccc1Cl)C1CCN(C(=O)NCN2Cc3ccccc3C#Cc3ccccc32)C1,1,c1cccc2c1C#Cc1ccccc1CN2*|C1CC(CN)CCC1*,c1cc(Cl)c(C(=O)N(C2CN(C(=O)NC[*])CC2)C)cc1N[*],O=C(NC1CCN(C(=O)NCN2Cc3ccccc3C#Cc3ccccc32)C1)c1cccc(NC2CCCCC2)c1,0.9850957,1.4079,0.4522949,78.6700,1.0000000,310.7850,0.9968477,2.0000,0.0432438,4.0759,1.0000000,1.0000,1.0000000,1.0000,[],[],28
18.9754,31.0237,42.6499,0.5755750,NCC1CCC(Nc2cnn(C(=O)N3CCN(C(=O)N4Cc5ccccc5C#Cc5ccccc54)CC3)c2Cl)CC1,1,c1cccc2c1C#Cc1ccccc1CN2*|C1CC(CN)CCC1*,Clc1n(C(=O)N2CCN(C(=O)[*])CC2)ncc1N[*],O=C(N1CCN(C(=O)n2cc(NC3CCCCC3)cn2)CC1)N1Cc2ccccc2C#Cc2ccccc21,0.9999601,-0.1392,0.6551705,84.4600,1.0000000,257.6810,0.9999319,1.0000,0.1087214,3.7310,1.0000000,1.0000,1.0000000,1.0000,[],[],28
11.2820,25.3138,40.9206,0.5174557,Cn1c(-c2cnc(NC3CCC(CN)CC3)c(F)c2)nnc1N1Cc2ccccc2C#Cc2ccccc21,1,c1cccc2c1C#Cc1ccccc1CN2*|C1CC(CN)CCC1*,c1(F)cc(-c2nnc([*])n2C)cnc1N[*],C1#Cc2ccccc2N(c2nnc(-c3ccc(NC4CCCCC4)nc3)[nH]2)Cc2ccccc21,0.9993233,0.5984,0.1833518,69.6200,1.0000000,193.1850,0.9999319,1.0000,0.1287419,3.6643,1.0000000,1.0000,1.0000000,1.0000,[],[],28
19.9302,38.4159,26.7427,0.5090511,N#CCN(C(=O)c1c[nH]c(NC2CCC(CN)CC2)n1)c1ccc(N2Cc3ccccc3C#Cc3ccccc32)nc1,1,c1cccc2c1C#Cc1ccccc1CN2*|C1CC(CN)CCC1*,c1c(C(=O)N(c2ccc([*])nc2)CC#N)nc(N[*])[nH]1,O=C(Nc1ccc(N2Cc3ccccc3C#Cc3ccccc32)nc1)c1c[nH]c(NC2CCCCC2)n1,0.9994221,0.5573,0.9896520,111.6900,1.0000000,242.2420,0.8720069,3.0000,0.0583166,3.9665,1.0000000,1.0000,1.0000000,1.0000,[],[],28
7.0442,33.1813,-33.1813,0.0000000,NCC1CCC(Nc2ncc(C(=O)N3CCN(N4Cc5ccccc5C#Cc5ccccc54)CC3)s2)CC1,2,c1cccc2c1C#Cc1ccccc1CN2*|C1CC(CN)CCC1*,c1(C(N2CCN([*])CC2)=O)cnc(N[*])s1,O=C(c1cnc(NC2CCCCC2)s1)N1CCN(N2Cc3ccccc3C#Cc3ccccc32)CC1,0.0000000,0.0000,0.0000000,0.0000,0.0000000,0.0000,0.0000000,0.0000,0.0000000,3.6566,0.0000000,1.0000,0.0000000,1.0000,[],[],28
5.3288,11.0153,-10.2813,0.0057346,NCC1CCC(Nc2ccc(N3Cc4ccccc4C#Cc4ccccc43)nc2)CC1,1,c1cccc2c1C#Cc1ccccc1CN2*|C1CC(CN)CCC1*,c1nc([*])ccc1N[*],C1#Cc2ccccc2N(c2ccc(NC3CCCCC3)cn2)Cc2ccccc21,0.9991305,0.6638,0.0026959,38.9100,0.0000000,94.1170,0.9999985,0.0000,0.2645175,3.3553,1.0000000,1.0000,1.0000000,1.0000,[],[],28
10.2552,30.0919,60.0768,0.7044434,NCC1CCC(NC(=O)N2CCN(c3ccc(S(=O)(=O)N4Cc5ccccc5C#Cc5ccccc54)cn3)CC2)CC1,1,c1cccc2c1C#Cc1ccccc1CN2*|C1CC(CN)CCC1*,O=C(N1CCN(c2ncc(S(=O)(=O)[*])cc2)CC1)N[*],O=C(NC1CCCCC1)N1CCN(c2ccc(S(=O)(=O)N3Cc4ccccc4C#Cc4ccccc43)cn2)CC1,0.9999961,-0.7474,0.9159794,96.6000,1.0000000,270.3140,0.9968477,2.0000,0.2242931,3.4311,1.0000000,1.0000,1.0000000,1.0000,[],[],28
5.1351,29.8759,32.1262,0.4843913,NCC1CCC(Nc2ccc(C(=O)N3CCN(N4Cc5ccccc5C#Cc5ccccc54)CC3)c(Cl)c2)CC1,1,c1cccc2c1C#Cc1ccccc1CN2*|C1CC(CN)CCC1*,c1c(Cl)c(C(=O)N2CCN([*])CC2)ccc1N[*],O=C(c1ccc(NC2CCCCC2)cc1)N1CCN(N2Cc3ccccc3C#Cc3ccccc32)CC1,0.9972152,0.9676,0.0425234,58.3600,1.0000000,239.7060,0.9999319,1.0000,0.2003490,3.4809,1.0000000,1.0000,1.0000000,1.0000,[],[],28
26.4030,61.4085,-12.6747,0.3807324,CN(C(=O)c1cc(NC(=O)N2CCCC2=O)cc(F)c1OC1CCC(CN)CC1)C1CCCN(N2Cc3ccccc3C#Cc3ccccc32)C1,1,c1cccc2c1C#Cc1ccccc1CN2*|C1CC(CN)CCC1*,Fc1cc(NC(N2CCCC2=O)=O)cc(C(=O)N(C)C2CN([*])CCC2)c1O[*],O=C(NC1CCCN(N2Cc3ccccc3C#Cc3ccccc32)C1)c1cc(NC(=O)N2CCCC2=O)ccc1OC1CCCCC1,0.9781358,1.5096,0.9594248,101.9800,1.0000000,378.4040,0.8720069,3.0000,0.0168599,4.4126,1.0000000,1.0000,1.0000000,1.0000,[],[],28
10.7158,32.6584,36.7817,0.5425005,NCC1CCC(NC(=O)C2(n3cc(C(N)=O)c(N4Cc5ccccc5C#Cc5ccccc54)n3)CCC2)CC1,1,c1cccc2c1C#Cc1ccccc1CN2*|C1CC(CN)CCC1*,C1CC(n2cc(C(N)=O)c([*])n2)(C(=O)N[*])C1,O=C(NC1CCCCC1)C1(n2ccc(N3Cc4ccccc4C#Cc4ccccc43)n2)CCC1,0.9999945,-0.6535,0.9693466,104.0000,1.0000000,208.2210,0.8720069,3.0000,0.0779212,3.8585,1.0000000,1.0000,1.0000000,1.0000,[],[],28
6.2562,12.6779,36.7462,0.3861262,NCC1CCC(N2CCN(S(=O)(=O)N3Cc4ccccc4C#Cc4ccccc43)CC2)CC1,1,c1cccc2c1C#Cc1ccccc1CN2*|C1CC(CN)CCC1*,O=S(=O)([*])N1CCN([*])CC1,O=S(=O)(N1CCN(C2CCCCC2)CC1)N1Cc2ccccc2C#Cc2ccccc21,0.9999998,-1.5820,0.0121014,49.4100,0.6684421,150.2030,0.9999319,1.0000,0.2066108,3.4675,1.0000000,1.0000,1.0000000,1.0000,[],[],28
7.6322,18.1800,31.9088,0.3913192,NCC1CCC(Nc2ccc(N3CCC(N4Cc5ccccc5C#Cc5ccccc54)CC3)nc2)CC1,1,c1cccc2c1C#Cc1ccccc1CN2*|C1CC(CN)CCC1*,c1cc(N2CCC([*])CC2)ncc1N[*],C1#Cc2ccccc2N(C2CCN(c3ccc(NC4CCCCC4)cn3)CC2)Cc2ccccc21,0.9625385,1.6541,0.0042905,42.1500,1.0000000,177.2510,0.9999319,1.0000,0.2555593,3.3715,1.0000000,1.0000,1.0000000,1.0000,[],[],28
11.1352,16.3882,-15.6942,0.0054218,NCC1CCC(Nc2cc(N3Cc4ccccc4C#Cc4ccccc43)c(Cl)cn2)CC1,1,c1cccc2c1C#Cc1ccccc1CN2*|C1CC(CN)CCC1*,n1cc(Cl)c([*])cc1N[*],C1#Cc2ccccc2N(c2ccnc(NC3CCCCC3)c2)Cc2ccccc21,0.9894305,1.3172,0.0026959,38.9100,0.0000000,128.5620,0.9999985,0.0000,0.2086871,3.4631,1.0000000,1.0000,1.0000000,1.0000,[],[],28
5.7475,28.7212,-28.7212,0.0000000,NCC1CCC(Nc2ccc(C(=O)N3CCN(N4Cc5ccccc5C#Cc5ccccc54)CC3)cn2)CC1,1,c1cccc2c1C#Cc1ccccc1CN2*|C1CC(CN)CCC1*,c1c(C(N2CCN([*])CC2)=O)ccc(N[*])n1,O=C(c1ccc(NC2CCCCC2)nc1)N1CCN(N2Cc3ccccc3C#Cc3ccccc32)CC1,0.9999777,-0.2908,0.2211071,71.2500,1.0000000,206.2490,0.9999319,1.0000,0.1844974,3.5163,1.0000000,1.0000,1.0000000,1.0000,[],[],28
10.3829,15.6491,51.9731,0.5282983,NCC1CCC(Nc2ccc(S(=O)(=O)N3Cc4ccccc4C#Cc4ccccc43)c(Cl)c2)CC1,1,c1cccc2c1C#Cc1ccccc1CN2*|C1CC(CN)CCC1*,c1c(Cl)c(S([*])(=O)=O)ccc1N[*],O=S(=O)(c1ccc(NC2CCCCC2)cc1)N1Cc2ccccc2C#Cc2ccccc21,0.9979110,0.8925,0.0544129,60.1600,1.0000000,191.6390,0.9999319,1.0000,0.2592703,3.3647,1.0000000,1.0000,1.0000000,1.0000,[],[],28
7.2072,32.5601,36.4997,0.5395296,NCC1CCC(Nc2cc(Cl)c(C(=O)N3CCN(N4Cc5ccccc5C#Cc5ccccc54)CC3)cn2)CC1,1,c1cccc2c1C#Cc1ccccc1CN2*|C1CC(CN)CCC1*,c1c(Cl)c(C(N2CCN([*])CC2)=O)cnc1N[*],O=C(c1ccc(NC2CCCCC2)nc1)N1CCN(N2Cc3ccccc3C#Cc3ccccc32)CC1,0.9997261,0.3626,0.2211071,71.2500,1.0000000,240.6940,0.9999319,1.0000,0.1408353,3.6283,1.0000000,1.0000,1.0000000,1.0000,[],[],28
8.1192,38.5877,42.3136,0.6320419,CN(CCN1Cc2ccccc2C#Cc2ccccc21)C(=O)c1ccc(N2CCN(C(=O)NC3CCC(CN)CC3)CC2)nc1,1,c1cccc2c1C#Cc1ccccc1CN2*|C1CC(CN)CCC1*,O=C(N1CCN(c2ncc(C(=O)N(C)CC[*])cc2)CC1)N[*],O=C(NCCN1Cc2ccccc2C#Cc2ccccc21)c1ccc(N2CCN(C(=O)NC3CCCCC3)CC2)nc1,0.9997137,0.3742,0.5983595,82.7700,1.0000000,291.3550,0.8720069,3.0000,0.1942929,3.4942,1.0000000,1.0000,1.0000000,1.0000,[],[],28
10.8017,41.6475,29.4908,0.5557675,NCC1CCC(Nc2ccc(Cl)c(-n3cc(C(=O)N4CCN(N5Cc6ccccc6C#Cc6ccccc65)CC4)cn3)c2)CC1,1,c1cccc2c1C#Cc1ccccc1CN2*|C1CC(CN)CCC1*,c1cc(Cl)c(-n2ncc(C(N3CCN([*])CC3)=O)c2)cc1N[*],O=C(c1cnn(-c2cccc(NC3CCCCC3)c2)c1)N1CCN(N2Cc3ccccc3C#Cc3ccccc32)CC1,0.9943371,1.1533,0.3659242,76.1800,1.0000000,305.7690,0.9968477,2.0000,0.1257578,3.6737,1.0000000,1.0000,1.0000000,1.0000,[],[],28
14.0205,30.5618,47.8031,0.6122256,Cn1ncc(NC(=O)c2cc(Cl)cc(NC3CCC(CN)CC3)n2)c1C(=O)N1Cc2ccccc2C#Cc2ccccc21,1,c1cccc2c1C#Cc1ccccc1CN2*|C1CC(CN)CCC1*,c1(Cl)cc(C(=O)Nc2cnn(C)c2C([*])=O)nc(N[*])c1,O=C(Nc1cn[nH]c1C(=O)N1Cc2ccccc2C#Cc2ccccc21)c1cccc(NC2CCCCC2)n1,0.9950981,1.1155,0.9642767,102.9000,1.0000000,279.6870,0.8720069,3.0000,0.1336522,3.6494,1.0000000,1.0000,1.0000000,1.0000,[],[],28
10.9226,42.9276,30.6649,0.5749412,NCC1CCC(Nc2ccc(-n3cnc(C(=O)N4CCN(N5Cc6ccccc6C#Cc6ccccc65)CC4)c3)cn2)CC1,1,c1cccc2c1C#Cc1ccccc1CN2*|C1CC(CN)CCC1*,c1c(C(N2CCN([*])CC2)=O)ncn1-c1ccc(N[*])nc1,O=C(c1cn(-c2ccc(NC3CCCCC3)nc2)cn1)N1CCN(N2Cc3ccccc3C#Cc3ccccc32)CC1,0.9999545,-0.1051,0.7867219,89.0700,1.0000000,272.3120,0.9968477,2.0000,0.0990117,3.7672,1.0000000,1.0000,1.0000000,1.0000,[],[],28
9.8562,41.1860,1.6258,0.3344677,CN(C(=O)c1cc(Cl)cc(NC2CCC(CN)CC2)c1)C1CCN(N2Cc3ccccc3C#Cc3ccccc32)C1,1,c1cccc2c1C#Cc1ccccc1CN2*|C1CC(CN)CCC1*,c1c(Cl)cc(C(=O)N(C2CN([*])CC2)C)cc1N[*],O=C(NC1CCN(N2Cc3ccccc3C#Cc3ccccc32)C1)c1cccc(NC2CCCCC2)c1,0.9877497,1.3561,0.0425234,58.3600,1.0000000,253.7330,0.9968477,2.0000,0.0397586,4.1064,1.0000000,1.0000,1.0000000,1.0000,[],[],28
15.0901,31.3043,36.4575,0.5293889,NCC1CCC(NCn2cc(F)c(C(=O)Nc3ccc(N4Cc5ccccc5C#Cc5ccccc54)cc3)n2)CC1,1,c1cccc2c1C#Cc1ccccc1CN2*|C1CC(CN)CCC1*,c1c(F)c(C(=O)Nc2ccc([*])cc2)nn1CN[*],O=C(Nc1ccc(N2Cc3ccccc3C#Cc3ccccc32)cc1)c1ccn(CNC2CCCCC2)n1,0.9934689,1.1907,0.2658043,72.9400,1.0000000,234.2340,0.8720069,3.0000,0.1344950,3.6469,1.0000000,1.0000,1.0000000,1.0000,[],[],28
10.6502,25.8711,41.4065,0.5256065,NCC1CCC(Nc2ccc(-n3cnc(N4Cc5ccccc5C#Cc5ccccc54)n3)cn2)CC1,1,c1cccc2c1C#Cc1ccccc1CN2*|C1CC(CN)CCC1*,c1(-n2nc([*])nc2)ccc(N[*])nc1,C1#Cc2ccccc2N(c2ncn(-c3ccc(NC4CCCCC4)nc3)n2)Cc2ccccc21,0.9998259,0.2445,0.1833518,69.6200,1.0000000,161.1680,0.9999319,1.0000,0.1378374,3.6370,1.0000000,1.0000,1.0000000,1.0000,[],[],28
13.1868,37.4847,28.9531,0.5190455,NCC1CCC(NN(C(=O)Nc2ccc(N3Cc4ccccc4C#Cc4ccccc43)nc2)C2CC2)CC1,1,c1cccc2c1C#Cc1ccccc1CN2*|C1CC(CN)CCC1*,C1C(N(C(=O)Nc2cnc([*])cc2)N[*])C1,O=C(Nc1ccc(N2Cc3ccccc3C#Cc3ccccc32)nc1)N(NC1CCCCC1)C1CC1,0.9973807,0.9516,0.2211071,71.2500,1.0000000,192.2220,0.9968477,2.0000,0.1193922,3.6942,1.0000000,1.0000,1.0000000,1.0000,[],[],28
9.7789,19.2179,68.6964,0.6868306,NCC1CCC(Nc2ncnc(-c3ccc(C(=O)N4Cc5ccccc5C#Cc5ccccc54)cc3)n2)CC1,1,N1(*)Cc2c(cccc2)C#Cc2ccccc21|*C1CCC(CN)CC1,c1(-c2ccc(C([*])=O)cc2)ncnc(N[*])n1,O=C(c1ccc(-c2ncnc(NC3CCCCC3)n2)cc1)N1Cc2ccccc2C#Cc2ccccc21,0.9975579,0.9333,0.5629848,81.7600,1.0000000,200.2010,0.9968477,2.0000,0.2565583,3.3696,1.0000000,1.0000,1.0000000,1.0000,[],[],29
11.5625,22.9967,54.7114,0.6070945,NCC1CCC(Nc2ccc(NC(=O)c3ccc(N4Cc5ccccc5C#Cc5ccccc54)cc3)nc2)CC1,1,N1(*)Cc2c(cccc2)C#Cc2ccccc21|*C1CCC(CN)CC1,c1cc(NC(=O)c2ccc([*])cc2)ncc1N[*],O=C(Nc1ccc(NC2CCCCC2)cn1)c1ccc(N2Cc3ccccc3C#Cc3ccccc32)cc1,0.9038539,1.9161,0.1511642,68.0100,1.0000000,213.2400,0.9968477,2.0000,0.3174967,3.2659,1.0000000,1.0000,1.0000000,1.0000,[],[],29
4.8993,8.3059,-7.3192,0.0077082,NCC1CCC(Nc2ccc(C(=O)N3Cc4ccccc4C#Cc4ccccc43)cn2)CC1,1,N1(*)Cc2c(cccc2)C#Cc2ccccc21|*C1CCC(CN)CC1,c1(C([*])=O)ccc(N[*])nc1,O=C(c1ccc(NC2CCCCC2)nc1)N1Cc2ccccc2C#Cc2ccccc21,0.9995764,0.4763,0.0305680,55.9800,0.0000000,122.1270,0.9999319,1.0000,0.2885216,3.3136,1.0000000,1.0000,1.0000000,1.0000,[],[],29
6.7328,12.4867,59.7847,0.5646205,NCC1CCC(N2CCN(C(=O)Nc3ccc(C(=O)N4Cc5ccccc5C#Cc5ccccc54)cc3)CC2)CC1,1,N1(*)Cc2c(cccc2)C#Cc2ccccc21|*C1CCC(CN)CC1,O=C(Nc1ccc(C([*])=O)cc1)N1CCN([*])CC1,O=C(Nc1ccc(C(=O)N2Cc3ccccc3C#Cc3ccccc32)cc1)N1CCN(C2CCCCC2)CC1,0.9975306,0.9362,0.0647065,61.4400,1.0000000,233.2710,0.9968477,2.0000,0.3195679,3.2626,1.0000000,1.0000,1.0000000,1.0000,[],[],29
8.1999,23.7401,60.3403,0.6568776,NCC1CCC(Nc2nc(C(=O)Nc3cnc(N4Cc5ccccc5C#Cc5ccccc54)nc3)cs2)CC1,1,N1(*)Cc2c(cccc2)C#Cc2ccccc21|*C1CCC(CN)CC1,c1c(C(=O)Nc2cnc([*])nc2)nc(N[*])s1,O=C(Nc1cnc(N2Cc3ccccc3C#Cc3ccccc32)nc1)c1csc(NC2CCCCC2)n1,0.9987055,0.7676,0.8791643,93.7900,1.0000000,221.2450,0.9968477,2.0000,0.1685362,3.5545,1.0000000,1.0000,1.0000000,1.0000,[],[],29
11.1087,31.2740,41.4430,0.5681019,NCC1CCC(N2CCN(C(=O)c3cc(Cl)cc(NC(=O)c4ccc(N5Cc6ccccc6C#Cc6ccccc65)nc4)c3)CC2)CC1,1,N1(*)Cc2c(cccc2)C#Cc2ccccc21|*C1CCC(CN)CC1,c1c(Cl)cc(NC(=O)c2cnc([*])cc2)cc1C(=O)N1CCN([*])CC1,O=C(Nc1cccc(C(=O)N2CCN(C3CCCCC3)CC2)c1)c1ccc(N2Cc3ccccc3C#Cc3ccccc32)nc1,0.8573350,2.0327,0.3066180,74.3300,1.0000000,344.8020,0.8720069,3.0000,0.1979511,3.4861,1.0000000,1.0000,1.0000000,1.0000,[],[],29
7.9867,18.8441,-18.8441,0.0000000,NCC1CCC(Nc2ccc(N3CCN(C(=O)N4Cc5ccccc5C#Cc5ccccc54)CC3)nn2)CC1,1,N1(*)Cc2c(cccc2)C#Cc2ccccc21|*C1CCC(CN)CC1,O=C([*])N1CCN(c2ccc(N[*])nn2)CC1,O=C(N1CCN(c2ccc(NC3CCCCC3)nn2)CC1)N1Cc2ccccc2C#Cc2ccccc21,0.9999946,-0.6628,0.3386784,75.3500,1.0000000,207.2370,0.9968477,2.0000,0.2046964,3.4715,1.0000000,1.0000,1.0000000,1.0000,[],[],29
18.3575,29.0925,49.7382,0.6158648,NCC1CCC(Nc2nccc(Cl)c2C(=O)N2CCN(c3ccc(C(=O)N4Cc5ccccc5C#Cc5ccccc54)cn3)CC2)CC1,1,N1(*)Cc2c(cccc2)C#Cc2ccccc21|*C1CCC(CN)CC1,c1c(Cl)c(C(N2CCN(c3ncc(C(=O)[*])cc3)CC2)=O)c(N[*])nc1,O=C(c1cccnc1NC1CCCCC1)N1CCN(c2ccc(C(=O)N3Cc4ccccc4C#Cc4ccccc43)cn2)CC1,0.9799082,1.4871,0.8566059,92.4200,1.0000000,345.7900,0.8720069,3.0000,0.1478059,3.6087,1.0000000,1.0000,1.0000000,1.0000,[],[],29
11.8285,22.2214,27.0501,0.3849332,NCC1CCC(Nc2ccc(N3CCCC3C(=O)N3Cc4ccccc4C#Cc4ccccc43)nc2)CC1,1,N1(*)Cc2c(cccc2)C#Cc2ccccc21|*C1CCC(CN)CC1,c1c(N2CCCC2C(=O)[*])ncc(N[*])c1,O=C(C1CCCN1c1ccc(NC2CCCCC2)cn1)N1Cc2ccccc2C#Cc2ccccc21,0.9983463,0.8315,0.0478577,59.2200,1.0000000,191.2340,0.9968477,2.0000,0.0688133,3.9051,1.0000000,1.0000,1.0000000,1.0000,[],[],29
13.5851,37.2139,12.8436,0.3910742,NCC1CCC(Nc2ncc(C(=O)Nc3ccc(C(=O)N4CCN(C(=O)N5Cc6ccccc6C#Cc6ccccc65)CC4)s3)s2)CC1,1,N1(*)Cc2c(cccc2)C#Cc2ccccc21|*C1CCC(CN)CC1,c1c(C(=O)Nc2ccc(C(=O)N3CCN(C(=O)[*])CC3)s2)sc(N[*])n1,O=C(Nc1ccc(C(=O)N2CCN(C(=O)N3Cc4ccccc4C#Cc4ccccc43)CC2)s1)c1cnc(NC2CCCCC2)s1,0.9973636,0.9533,0.9840181,108.6300,1.0000000,365.4400,0.1279931,4.0000,0.1033041,3.7508,1.0000000,1.0000,1.0000000,1.0000,[],[],29
6.5773,24.4606,59.1856,0.6534855,NCC1CCC(Nc2ncc(Cl)c(NC(=O)Nc3ccc(C(=O)N4Cc5ccccc5C#Cc5ccccc54)cc3)n2)CC1,1,N1(*)Cc2c(cccc2)C#Cc2ccccc21|*C1CCC(CN)CC1,c1c(Cl)c(NC(=O)Nc2ccc(C(=O)[*])cc2)nc(N[*])n1,O=C(Nc1ccc(C(=O)N2Cc3ccccc3C#Cc3ccccc32)cc1)Nc1ccnc(NC2CCCCC2)n1,0.7809842,2.1687,0.9868402,110.0000,1.0000000,291.6980,0.8720069,3.0000,0.2242874,3.4311,1.0000000,1.0000,1.0000000,1.0000,[],[],29
10.0537,27.1528,49.5410,0.5991707,CN(C(=O)N1Cc2ccccc2C#Cc2ccccc21)c1ccc(C(=O)NC2CCC(CN)CC2)cn1,1,N1(*)Cc2c(cccc2)C#Cc2ccccc21|*C1CCC(CN)CC1,O=C(c1cnc(N(C)C(=O)[*])cc1)N[*],O=C(NC1CCCCC1)c1ccc(NC(=O)N2Cc3ccccc3C#Cc3ccccc32)nc1,0.9999715,-0.2269,0.3696050,76.2900,1.0000000,179.1790,0.8720069,3.0000,0.1953881,3.4918,1.0000000,1.0000,1.0000000,1.0000,[],[],29
12.6758,23.6037,37.4209,0.4767544,NCC1CCC(Nc2ccc(NC(=O)Nc3ccc(NC(=O)N4Cc5ccccc5C#Cc5ccccc54)cc3)cn2)CC1,1,N1(*)Cc2c(cccc2)C#Cc2ccccc21|*C1CCC(CN)CC1,c1cc(NC(=O)Nc2ccc(NC([*])=O)cc2)cnc1N[*],O=C(Nc1ccc(NC(=O)N2Cc3ccccc3C#Cc3ccccc32)cc1)Nc1ccc(NC2CCCCC2)nc1,0.9163920,1.8761,0.9851323,109.1400,1.0000000,271.2800,0.1279931,4.0000,0.2686581,3.3479,1.0000000,1.0000,1.0000000,1.0000,[],[],29
6.0696,9.8348,-8.6803,0.0090192,NCC1CCC(Nc2ncc(C(=O)N3Cc4ccccc4C#Cc4ccccc43)cn2)CC1,1,N1(*)Cc2c(cccc2)C#Cc2ccccc21|*C1CCC(CN)CC1,c1(C([*])=O)cnc(N[*])nc1,O=C(c1cnc(NC2CCCCC2)nc1)N1Cc2ccccc2C#Cc2ccccc21,0.9999585,-0.1287,0.1677392,68.8700,0.0000000,123.1150,0.9999319,1.0000,0.2457392,3.3896,1.0000000,1.0000,1.0000000,1.0000,[],[],29
15.4082,35.6292,2.8726,0.3007950,CC(C(=O)N1Cc2ccccc2C#Cc2ccccc21)N1CN(C2CCN(C(=O)c3ccc(NC4CCC(CN)CC4)cc3)CC2)C1=O,1,N1(*)Cc2c(cccc2)C#Cc2ccccc21|*C1CCC(CN)CC1,c1(C(=O)N2CCC(N3C(=O)N(C(C(=O)[*])C)C3)CC2)ccc(N[*])cc1,O=C(c1ccc(NC2CCCCC2)cc1)N1CCC(N2CN(CC(=O)N3Cc4ccccc4C#Cc4ccccc43)C2=O)CC1,0.9942807,1.1559,0.7310950,86.9500,1.0000000,330.3880,0.1279931,4.0000,0.0378815,4.1238,1.0000000,1.0000,1.0000000,1.0000,[],[],29
5.5049,10.5161,-9.7807,0.0057448,NCC1CCC(Nc2ccc(N3Cc4ccccc4C#Cc4ccccc43)cn2)CC1,1,N1(*)Cc2c(cccc2)C#Cc2ccccc21|*C1CCC(CN)CC1,[*]c1ccc(N[*])nc1,C1#Cc2ccccc2N(c2ccc(NC3CCCCC3)nc2)Cc2ccccc21,0.9991305,0.6638,0.0026959,38.9100,0.0000000,94.1170,0.9999985,0.0000,0.2665781,3.3516,1.0000000,1.0000,1.0000000,1.0000,[],[],29
12.9295,24.0708,61.8159,0.6709900,NCC1CCC(Oc2ccc(NC(=O)Nc3ccc(C(=O)N4Cc5ccccc5C#Cc5ccccc54)cn3)cn2)CC1,1,N1(*)Cc2c(cccc2)C#Cc2ccccc21|*C1CCC(CN)CC1,O(c1ccc(NC(Nc2ccc(C([*])=O)cn2)=O)cn1)[*],O=C(Nc1ccc(OC2CCCCC2)nc1)Nc1ccc(C(=O)N2Cc3ccccc3C#Cc3ccccc32)cn1,0.9646122,1.6387,0.9702320,104.2100,1.0000000,258.2370,0.8720069,3.0000,0.2057274,3.4693,1.0000000,1.0000,1.0000000,1.0000,[],[],29
15.3954,32.7924,42.9690,0.5918863,NCC1CCC(Nc2ccc(NC(=O)c3cc4c(s3)CN(C(=O)N3Cc5ccccc5C#Cc5ccccc53)C4)cn2)CC1,1,N1(*)Cc2c(cccc2)C#Cc2ccccc21|*C1CCC(CN)CC1,[*]C(=O)N1Cc2cc(C(Nc3ccc(N[*])nc3)=O)sc2C1,O=C(Nc1ccc(NC2CCCCC2)nc1)c1cc2c(s1)CN(C(=O)N1Cc3ccccc3C#Cc3ccccc31)C2,0.9825543,1.4496,0.7680520,88.3200,1.0000000,288.3320,0.8720069,3.0000,0.1307160,3.6583,1.0000000,1.0000,1.0000000,1.0000,[],[],29
13.2625,21.8701,58.8147,0.6303499,NCC1CCC(Nc2ccc(C(=O)N3CC(C(=O)N4Cc5ccccc5C#Cc5ccccc54)C3)cn2)CC1,1,N1(*)Cc2c(cccc2)C#Cc2ccccc21|*C1CCC(CN)CC1,c1(C(N2CC(C([*])=O)C2)=O)ccc(N[*])nc1,O=C(c1ccc(NC2CCCCC2)nc1)N1CC(C(=O)N2Cc3ccccc3C#Cc3ccccc32)C1,0.9999470,-0.0653,0.3696050,76.2900,1.0000000,205.2170,0.9968477,2.0000,0.2165447,3.4468,1.0000000,1.0000,1.0000000,1.0000,[],[],29
10.4026,25.3812,57.5594,0.6479732,NCC1CCC(Nc2ccc(OC(=O)N3CCN(C(=O)N4Cc5ccccc5C#Cc5ccccc54)CC3)cc2)CC1,1,N1(*)Cc2c(cccc2)C#Cc2ccccc21|*C1CCC(CN)CC1,c1cc(OC(=O)N2CCN(C([*])=O)CC2)ccc1N[*],O=C(Oc1ccc(NC2CCCCC2)cc1)N1CCN(C(=O)N2Cc3ccccc3C#Cc3ccccc32)CC1,0.9994558,0.5416,0.3556364,75.8700,1.0000000,249.2700,0.9968477,2.0000,0.2493552,3.3829,1.0000000,1.0000,1.0000000,1.0000,[],[],29
6.9850,13.7641,-13.7641,0.0000000,NCC1CCC(N2CCN(c3ccc(C(=O)N4Cc5ccccc5C#Cc5ccccc54)cn3)CC2)CC1,1,N1(*)Cc2c(cccc2)C#Cc2ccccc21|*C1CCC(CN)CC1,N1(c2ccc(C([*])=O)cn2)CCN([*])CC1,O=C(c1ccc(N2CCN(C3CCCCC3)CC2)nc1)N1Cc2ccccc2C#Cc2ccccc21,0.9997815,0.3037,0.0066676,45.2300,1.0000000,191.2340,0.9968477,2.0000,0.2790632,3.3298,1.0000000,1.0000,1.0000000,1.0000,[],[],29
6.7269,26.9240,30.7187,0.4503336,Cn1c(NC(=O)Nc2ccc(C(=O)N3Cc4ccccc4C#Cc4ccccc43)cc2)ccc1C(=O)NC1CCC(CN)CC1,1,N1(*)Cc2c(cccc2)C#Cc2ccccc21|*C1CCC(CN)CC1,O=C(c1ccc(NC(=O)Nc2ccc(C(=O)[*])cc2)n1C)N[*],O=C(Nc1ccc(C(=O)N2Cc3ccccc3C#Cc3ccccc32)cc1)Nc1ccc(C(=O)NC2CCCCC2)[nH]1,0.9714937,1.5805,0.9775413,106.2200,1.0000000,286.2910,0.1279931,4.0000,0.1979592,3.4861,1.0000000,1.0000,1.0000000,1.0000,[],[],29
21.6948,28.1628,22.1611,0.3931555,CN(C(=O)c1ccc2c(c1)CCN(C1CCC(CN)CC1)C2)C(=O)N1Cc2ccccc2C#Cc2ccccc21,1,N1(*)Cc2c(cccc2)C#Cc2ccccc21|*C1CCC(CN)CC1,C1c2cc(C(=O)N(C([*])=O)C)ccc2CN([*])C1,O=C(NC(=O)N1Cc2ccccc2C#Cc2ccccc21)c1ccc2c(c1)CCN(C1CCCCC1)C2,0.9994144,0.5607,0.0121014,49.4100,1.0000000,218.2560,0.9968477,2.0000,0.1500212,3.6026,1.0000000,1.0000,1.0000000,1.0000,[],[],29
7.4904,26.1653,35.9854,0.4855526,NCC1CCC(NC(=O)Nc2ccc(C(=O)Nc3ccc(C(=O)N4Cc5ccccc5C#Cc5ccccc54)cc3)cc2)CC1,1,N1(*)Cc2c(cccc2)C#Cc2ccccc21|*C1CCC(CN)CC1,O=C(Nc1ccc(C(=O)Nc2ccc(C(=O)[*])cc2)cc1)N[*],O=C(Nc1ccc(C(=O)Nc2ccc(C(=O)N3Cc4ccccc4C#Cc4ccccc43)cc2)cc1)NC1CCCCC1,0.7291099,2.2420,0.9553779,101.2900,1.0000000,283.2870,0.1279931,4.0000,0.3716132,3.1825,1.0000000,1.0000,1.0000000,1.0000,[],[],29
14.1081,36.6652,-10.1460,0.2071808,NCC1CCC(NC(=O)c2ccc(NC(=O)Nc3ccc(C(=O)NC(=O)N4Cc5ccccc5C#Cc5ccccc54)s3)cc2)CC1,1,N1(*)Cc2c(cccc2)C#Cc2ccccc21|*C1CCC(CN)CC1,O=C(c1ccc(NC(=O)Nc2ccc(C(=O)NC(=O)[*])s2)cc1)N[*],O=C(Nc1ccc(C(=O)NC2CCCCC2)cc1)Nc1ccc(C(=O)NC(=O)N2Cc3ccccc3C#Cc3ccccc32)s1,0.9867302,1.3772,0.9992915,130.3900,1.0000000,332.3410,0.0031523,5.0000,0.1774707,3.5328,1.0000000,1.0000,1.0000000,1.0000,[],[],29
10.0072,24.4344,56.0136,0.6285000,NCC1CCC(NC(=O)c2ccc(N3CCC(C(=O)N4Cc5ccccc5C#Cc5ccccc54)CC3)cn2)CC1,1,N1(*)Cc2c(cccc2)C#Cc2ccccc21|*C1CCC(CN)CC1,O=C(c1ccc(N2CCC(C(=O)[*])CC2)cn1)N[*],O=C(NC1CCCCC1)c1ccc(N2CCC(C(=O)N3Cc4ccccc4C#Cc4ccccc43)CC2)cn1,0.9993300,0.5958,0.3696050,76.2900,1.0000000,233.2710,0.8720069,3.0000,0.2412667,3.3981,1.0000000,1.0000,1.0000000,1.0000,[],[],29
20.3653,34.0022,17.2283,0.4002388,NCC1CCC(Nc2cnc(Cl)c(C(=O)Nc3ccc(C(=O)N4Cc5ccccc5C#Cc5ccccc54)cc3Cl)c2)CC1,1,N1(*)Cc2c(cccc2)C#Cc2ccccc21|*C1CCC(CN)CC1,c1nc(Cl)c(C(=O)Nc2ccc(C([*])=O)cc2Cl)cc1N[*],O=C(Nc1ccc(C(=O)N2Cc3ccccc3C#Cc3ccccc32)cc1)c1cncc(NC2CCCCC2)c1,0.1135811,3.0354,0.6750402,85.0800,1.0000000,310.1400,0.8720069,3.0000,0.2156581,3.4486,1.0000000,1.0000,1.0000000,1.0000,[],[],29
10.7889,23.4236,51.8112,0.5877725,NCC1CCC(NC2(C(=O)Nc3ccc(C(=O)N4Cc5ccccc5C#Cc5ccccc54)cc3)CC2)CC1,1,N1(*)Cc2c(cccc2)C#Cc2ccccc21|*C1CCC(CN)CC1,C1CC1(C(Nc1ccc(C(=O)[*])cc1)=O)N[*],O=C(c1ccc(NC(=O)C2(NC3CCCCC3)CC2)cc1)N1Cc2ccccc2C#Cc2ccccc21,0.9975986,0.9289,0.2452795,72.1900,1.0000000,204.2290,0.8720069,3.0000,0.2209358,3.4378,1.0000000,1.0000,1.0000000,1.0000,[],[],29
12.3958,27.8746,26.9399,0.4282386,NCC1CCC(Nc2ccc(C(=O)Nc3cnc(N4Cc5ccccc5C#Cc5ccccc54)s3)c(Cl)c2)CC1,1,N1(*)Cc2c(cccc2)C#Cc2ccccc21|*C1CCC(CN)CC1,c1c(Cl)c(C(=O)Nc2cnc([*])s2)ccc1N[*],O=C(Nc1cnc(N2Cc3ccccc3C#Cc3ccccc32)s1)c1ccc(NC2CCCCC2)cc1,0.3768991,2.6310,0.1511642,68.0100,1.0000000,253.7140,0.9968477,2.0000,0.1639465,3.5660,1.0000000,1.0000,1.0000000,1.0000,[],[],29
7.2037,14.5612,73.3128,0.6865153,NCC1CCC(NC(=O)Nc2ccc(C(=O)N3Cc4ccccc4C#Cc4ccccc43)cc2)CC1,1,N1(*)Cc2c(cccc2)C#Cc2ccccc21|*C1CCC(CN)CC1,O=C(Nc1ccc(C([*])=O)cc1)N[*],O=C(Nc1ccc(C(=O)N2Cc3ccccc3C#Cc3ccccc32)cc1)NC1CCCCC1,0.9969695,0.9897,0.2452795,72.1900,1.0000000,164.1640,0.9968477,2.0000,0.3881347,3.1581,1.0000000,1.0000,1.0000000,1.0000,[],[],29
13.5132,37.3218,-11.3164,0.2031671,CN(CC(=O)N1Cc2ccccc2C#Cc2ccccc21)C(=O)c1cc(NC(=O)c2ccc(NC3CCC(CN)CC3)cc2Cl)ccn1,1,N1(*)Cc2c(cccc2)C#Cc2ccccc21|*C1CCC(CN)CC1,c1c(Cl)c(C(=O)Nc2cc(C(=O)N(C)CC(=O)[*])ncc2)ccc1N[*],O=C(Nc1ccnc(C(=O)NCC(=O)N2Cc3ccccc3C#Cc3ccccc32)c1)c1ccc(NC2CCCCC2)cc1,0.9263077,1.8404,0.9747638,105.3900,1.0000000,346.7740,0.0031523,5.0000,0.1756237,3.5372,1.0000000,1.0000,1.0000000,1.0000,[],[],29
14.4020,18.9139,-18.2275,0.0053625,NCC1CCC(NC2(C(=O)N3Cc4ccccc4C#Cc4ccccc43)CCC2)CC1,1,N1(*)Cc2c(cccc2)C#Cc2ccccc21|*C1CCC(CN)CC1,C1CC(C(=O)[*])(N[*])C1,O=C(N1Cc2ccccc2C#Cc2ccccc21)C1(NC2CCCCC2)CCC1,0.9999120,0.0667,0.0049089,43.0900,0.0000000,99.1330,0.9999319,1.0000,0.1458102,3.6142,1.0000000,1.0000,1.0000000,1.0000,[],[],29
5.1404,13.4501,65.8841,0.6197982,NCC1CCC(Nc2cnc(S(=O)(=O)N3Cc4ccccc4C#Cc4ccccc43)cn2)CC1,1,c1cccc2c1CN(*)c1ccccc1C#C2|C1C(*)CCC(CN)C1,O=S(=O)([*])c1ncc(N[*])nc1,O=S(=O)(c1cnc(NC2CCCCC2)cn1)N1Cc2ccccc2C#Cc2ccccc21,0.9999983,-0.9709,0.7015804,85.9400,1.0000000,159.1700,0.9999319,1.0000,0.1455091,3.6151,1.0000000,1.0000,1.0000000,1.0000,[],[],30
8.7917,15.6793,1.1003,0.1310906,NCC1CCC(Nc2ncn(S(=O)(=O)N3Cc4ccccc4C#Cc4ccccc43)n2)CC1,1,c1cccc2c1CN(*)c1ccccc1C#C2|C1C(*)CCC(CN)C1,n1(S(=O)(=O)[*])cnc(N[*])n1,O=S(=O)(N1Cc2ccccc2C#Cc2ccccc21)n1cnc(NC2CCCCC2)n1,0.9999999,-1.7652,0.8269722,90.8700,0.0016588,148.1470,0.9999319,1.0000,0.0868585,3.8174,1.0000000,1.0000,1.0000000,1.0000,[],[],30
5.5041,15.5602,48.8601,0.5032836,NCC1CCC(Nc2cc(Cl)c(S(=O)(=O)N3Cc4ccccc4C#Cc4ccccc43)cc2Cl)CC1,1,c1cccc2c1CN(*)c1ccccc1C#C2|C1C(*)CCC(CN)C1,c1(Cl)cc(S(=O)(=O)[*])c(Cl)cc1N[*],O=S(=O)(c1ccc(NC2CCCCC2)cc1)N1Cc2ccccc2C#Cc2ccccc21,0.9749495,1.5459,0.0544129,60.1600,1.0000000,226.0840,0.9999319,1.0000,0.2143729,3.4512,1.0000000,1.0000,1.0000000,1.0000,[],[],30
6.5318,8.8885,-7.7340,0.0090192,NCC1CCC(Nc2ncc(C(=O)N3Cc4ccccc4C#Cc4ccccc43)cn2)CC1,1,c1cccc2c1CN(*)c1ccccc1C#C2|C1C(*)CCC(CN)C1,c1(C([*])=O)cnc(N[*])nc1,O=C(c1cnc(NC2CCCCC2)nc1)N1Cc2ccccc2C#Cc2ccccc21,0.9999585,-0.1287,0.1677392,68.8700,0.0000000,123.1150,0.9999319,1.0000,0.2457392,3.3896,1.0000000,1.0000,1.0000000,1.0000,[],[],30
15.7692,32.3676,43.5560,0.5931526,NCC1CCC(Nc2cnc(S(=O)(=O)NC(=O)c3ccc(N4Cc5ccccc5C#Cc5ccccc54)nc3)c(F)c2)CC1,1,c1cccc2c1CN(*)c1ccccc1C#C2|C1C(*)CCC(CN)C1,Fc1c(S(=O)(=O)NC(c2ccc([*])nc2)=O)ncc(N[*])c1,O=C(NS(=O)(=O)c1ccc(NC2CCCCC2)cn1)c1ccc(N2Cc3ccccc3C#Cc3ccccc32)nc1,0.9997705,0.3166,0.9935849,115.0400,1.0000000,296.2830,0.8720069,3.0000,0.1140149,3.7124,1.0000000,1.0000,1.0000000,1.0000,[],[],30
13.8028,17.0798,47.2505,0.5025810,NCC1CCC(Nc2c(Cl)cccc2S(=O)(=O)N2Cc3ccccc3C#Cc3ccccc32)CC1,1,c1cccc2c1CN(*)c1ccccc1C#C2|C1C(*)CCC(CN)C1,c1(Cl)cccc(S(=O)([*])=O)c1N[*],O=S(=O)(c1ccccc1NC1CCCCC1)N1Cc2ccccc2C#Cc2ccccc21,0.9979110,0.8925,0.0544129,60.1600,1.0000000,191.6390,0.9999319,1.0000,0.2081569,3.4642,1.0000000,1.0000,1.0000000,1.0000,[],[],30
5.1397,12.3956,62.2463,0.5831395,NCC1CCC(Nc2cc(Cl)c(S(=O)(=O)N3Cc4ccccc4C#Cc4ccccc43)cn2)CC1,1,c1cccc2c1CN(*)c1ccccc1C#C2|C1C(*)CCC(CN)C1,c1c(Cl)c(S(=O)([*])=O)cnc1N[*],O=S(=O)(c1ccc(NC2CCCCC2)nc1)N1Cc2ccccc2C#Cc2ccccc21,0.9997947,0.2875,0.2689050,73.0500,1.0000000,192.6270,0.9999319,1.0000,0.1797691,3.5274,1.0000000,1.0000,1.0000000,1.0000,[],[],30
8.4244,12.5290,26.0028,0.3010297,CC1CN(C2CCC(CN)CC2)CCN1S(=O)(=O)N1Cc2ccccc2C#Cc2ccccc21,1,c1cccc2c1CN(*)c1ccccc1C#C2|C1C(*)CCC(CN)C1,O=S(=O)([*])N1CCN([*])CC1C,O=S(=O)(N1CCN(C2CCCCC2)CC1)N1Cc2ccccc2C#Cc2ccccc21,0.9999993,-1.1935,0.0121014,49.4100,1.0000000,164.2300,0.9999319,1.0000,0.0461838,4.0520,1.0000000,1.0000,1.0000000,1.0000,[],[],30
12.3437,21.3135,-21.3135,0.0000000,c1cc(F)c(S(=O)(=O)[*])cc1Cl)N1CCN([*])CC1,0,c1cccc2c1CN(*)c1ccccc1C#C2|C1C(*)CCC(CN)C1,c1cc(F)c(S(=O)(=O)[*])cc1Cl)N1CCN([*])CC1,,0.0000000,0.0000,0.0000000,0.0000,0.0000000,0.0000,0.0000000,0.0000,0.0000000,0.0000,0.0000000,0.0000,0.0000000,0.0000,None,None,30
12.4704,17.4080,53.9377,0.5573885,NCC1CCC(Nc2nc(S(=O)(=O)N3Cc4ccccc4C#Cc4ccccc43)cs2)CC1,1,c1cccc2c1CN(*)c1ccccc1C#C2|C1C(*)CCC(CN)C1,O=S(=O)([*])c1csc(N[*])n1,O=S(=O)(c1csc(NC2CCCCC2)n1)N1Cc2ccccc2C#Cc2ccccc21,0.9999788,-0.3044,0.2689050,73.0500,1.0000000,164.2110,0.9999319,1.0000,0.1473438,3.6100,1.0000000,1.0000,1.0000000,1.0000,[],[],30
13.6909,27.5068,44.0037,0.5586756,NCC1CCC(n2ncc(-c3ccc(S(=O)(=O)N4Cc5ccccc5C#Cc5ccccc54)c(Cl)c3)n2)CC1,1,c1cccc2c1CN(*)c1ccccc1C#C2|C1C(*)CCC(CN)C1,c1(Cl)c(S(=O)(=O)[*])ccc(-c2cnn([*])n2)c1,O=S(=O)(c1ccc(-c2cnn(C3CCCCC3)n2)cc1)N1Cc2ccccc2C#Cc2ccccc21,0.9954603,1.0954,0.3503774,75.7100,1.0000000,243.6750,0.9968477,2.0000,0.1313544,3.6563,1.0000000,1.0000,1.0000000,1.0000,[],[],30
11.5370,26.9304,28.3225,0.4316638,NCC1CCC(Nc2ncc(-c3cnc(N4Cc5ccccc5C#Cc5ccccc54)c(Cl)n3)cc2Cl)CC1,1,c1cccc2c1CN(*)c1ccccc1C#C2|C1C(*)CCC(CN)C1,c1(Cl)cc(-c2cnc([*])c(Cl)n2)cnc1N[*],C1#Cc2ccccc2N(c2cnc(-c3ccc(NC4CCCCC4)nc3)cn2)Cc2ccccc21,0.5690180,2.4276,0.0994558,64.6900,1.0000000,241.0810,0.9999319,1.0000,0.1382694,3.6357,1.0000000,1.0000,1.0000000,1.0000,[],[],30
8.6545,26.5691,50.4327,0.6015764,NCC1CCC(Nc2c(Cl)cc(Cl)cc2S(=O)(=O)NN2Cc3ccccc3C#Cc3ccccc32)CC1,1,c1cccc2c1CN(*)c1ccccc1C#C2|C1C(*)CCC(CN)C1,c1(Cl)cc(Cl)cc(S(=O)(=O)N[*])c1N[*],O=S(=O)(NN1Cc2ccccc2C#Cc2ccccc21)c1ccccc1NC1CCCCC1,0.9926134,1.2230,0.7087609,86.1800,1.0000000,241.0990,0.9999319,1.0000,0.1279017,3.6670,1.0000000,1.0000,1.0000000,1.0000,[],[],30
12.4967,26.3970,55.7440,0.6417261,NCC1CCC(Nc2ncc(-c3ccc(S(=O)(=O)N4Cc5ccccc5C#Cc5ccccc54)cn3)cc2F)CC1,1,c1cccc2c1CN(*)c1ccccc1C#C2|C1C(*)CCC(CN)C1,Fc1cc(-c2ccc(S(=O)(=O)[*])cn2)cnc1N[*],O=S(=O)(c1ccc(-c2ccc(NC3CCCCC3)nc2)nc1)N1Cc2ccccc2C#Cc2ccccc21,0.9983227,0.8352,0.7015804,85.9400,1.0000000,253.2580,0.9968477,2.0000,0.1703190,3.5501,1.0000000,1.0000,1.0000000,1.0000,[],[],30
20.0377,31.6867,-31.6867,0.0000000,c1c(Cl)cc(Cl)c(S(NS(=O)(=O)[*])=O)c1ClN[*],0,c1cccc2c1CN(*)c1ccccc1C#C2|C1C(*)CCC(CN)C1,c1c(Cl)cc(Cl)c(S(NS(=O)(=O)[*])=O)c1ClN[*],,0.0000000,0.0000,0.0000000,0.0000,0.0000000,0.0000,0.0000000,0.0000,0.0000000,0.0000,0.0000000,0.0000,0.0000000,0.0000,None,None,30
17.7891,32.9607,31.3283,0.5022575,NCC1CCC(NCn2nc(-c3ccnc(S(=O)(=O)N4Cc5ccccc5C#Cc5ccccc54)n3)cc2F)CC1,1,c1cccc2c1CN(*)c1ccccc1C#C2|C1C(*)CCC(CN)C1,c1(F)cc(-c2nc(S(=O)(=O)[*])ncc2)nn1CN[*],O=S(=O)(c1nccc(-c2ccn(CNC3CCCCC3)n2)n1)N1Cc2ccccc2C#Cc2ccccc21,0.9999940,-0.6343,0.9683035,103.7600,1.0000000,257.2500,0.8720069,3.0000,0.0555399,3.9845,1.0000000,1.0000,1.0000000,1.0000,[],[],30
4.9901,14.4116,49.2958,0.4977141,NCC1CCC(Nc2cc(Cl)c(S(=O)(=O)N3Cc4ccccc4C#Cc4ccccc43)c(Cl)c2)CC1,1,c1cccc2c1CN(*)c1ccccc1C#C2|C1C(*)CCC(CN)C1,c1c(Cl)c(S(=O)(=O)[*])c(Cl)cc1N[*],O=S(=O)(c1ccc(NC2CCCCC2)cc1)N1Cc2ccccc2C#Cc2ccccc21,0.9749495,1.5459,0.0544129,60.1600,1.0000000,226.0840,0.9999319,1.0000,0.2041293,3.4727,1.0000000,1.0000,1.0000000,1.0000,[],[],30
11.3827,29.5300,35.8058,0.5104361,NCC1CCC(N2CCN(C(=O)n3ncc(Cl)c3-c3ccc(N4Cc5ccccc5C#Cc5ccccc54)nn3)CC2)CC1,1,c1cccc2c1CN(*)c1ccccc1C#C2|C1C(*)CCC(CN)C1,n1cc(Cl)c(-c2nnc([*])cc2)n1C(=O)N1CCN([*])CC1,O=C(N1CCN(C2CCCCC2)CC1)n1nccc1-c1ccc(N2Cc3ccccc3C#Cc3ccccc32)nn1,0.9981069,0.8668,0.3579482,75.9400,1.0000000,292.7300,0.9999319,1.0000,0.0868723,3.8173,1.0000000,1.0000,1.0000000,1.0000,[],[],30
5.0150,11.8070,50.7934,0.4890654,NCC1CCC(Nc2ncc(C(=O)N3Cc4ccccc4C#Cc4ccccc43)cc2Cl)CC1,1,c1cccc2c1CN(*)c1ccccc1C#C2|C1C(*)CCC(CN)C1,c1(Cl)cc(C([*])=O)cnc1N[*],O=C(c1ccc(NC2CCCCC2)nc1)N1Cc2ccccc2C#Cc2ccccc21,0.9948249,1.1297,0.0305680,55.9800,1.0000000,156.5720,0.9999319,1.0000,0.2470933,3.3871,1.0000000,1.0000,1.0000000,1.0000,[],[],30
7.6838,25.1133,58.1227,0.6502811,NCC1CCC(NS(=O)(=O)N2CCN(c3ccc(C(=O)N4Cc5ccccc5C#Cc5ccccc54)nc3)CC2)CC1,1,c1cccc2c1CN(*)c1ccccc1C#C2|C1C(*)CCC(CN)C1,O=S(=O)(N1CCN(c2ccc(C([*])=O)nc2)CC1)N[*],O=C(c1ccc(N2CCN(S(=O)(=O)NC3CCCCC3)CC2)cn1)N1Cc2ccccc2C#Cc2ccccc21,0.9999966,-0.7804,0.9159794,96.6000,1.0000000,270.3140,0.8720069,3.0000,0.1779245,3.5317,1.0000000,1.0000,1.0000000,1.0000,[],[],30
13.8411,31.3399,-31.3399,0.0000000,c1c(Cl)cc(S(=O)(=O)[*])cn1-c1cc(C)nc(N[*])n1,0,c1cccc2c1CN(*)c1ccccc1C#C2|C1C(*)CCC(CN)C1,c1c(Cl)cc(S(=O)(=O)[*])cn1-c1cc(C)nc(N[*])n1,,0.0000000,0.0000,0.0000000,0.0000,0.0000000,0.0000,0.0000000,0.0000,0.0000000,0.0000,0.0000000,0.0000,0.0000000,0.0000,None,None,30
9.0380,25.5902,42.2043,0.5296440,NCC1CCC(c2cc(Cl)cc(S(=O)(=O)Nc3cnc(N4Cc5ccccc5C#Cc5ccccc54)nc3)c2)CC1,1,c1cccc2c1CN(*)c1ccccc1C#C2|C1C(*)CCC(CN)C1,c1c(Cl)cc(S(=O)(=O)Nc2cnc([*])nc2)cc1[*],O=S(=O)(Nc1cnc(N2Cc3ccccc3C#Cc3ccccc32)nc1)c1cccc(C2CCCCC2)c1,0.8988386,1.9308,0.2389420,71.9500,1.0000000,269.7130,0.8720069,3.0000,0.1571209,3.5836,1.0000000,1.0000,1.0000000,1.0000,[],[],30
9.3358,25.3782,29.8333,0.4313394,NCC1CCC(N2CCN(S(=O)(=O)N3Cc4ccccc4C#Cc4ccccc43)c3ncc(Cl)cc32)CC1,1,c1cccc2c1CN(*)c1ccccc1C#C2|C1C(*)CCC(CN)C1,O=S(=O)([*])N1c2ncc(Cl)cc2N([*])CC1,O=S(=O)(N1Cc2ccccc2C#Cc2ccccc21)N1CCN(C2CCCCC2)c2cccnc21,0.9995478,0.4933,0.0726125,62.3000,1.0000000,233.6800,0.9999319,1.0000,0.0918167,3.7962,1.0000000,1.0000,1.0000000,1.0000,[],[],30
11.2156,19.4371,37.6230,0.4457825,NCC1CCC(Oc2ncc(Cl)cc2-c2cnc(N3Cc4ccccc4C#Cc4ccccc43)nc2)CC1,1,c1cccc2c1CN(*)c1ccccc1C#C2|C1C(*)CCC(CN)C1,n1cc(Cl)cc(-c2cnc([*])nc2)c1O[*],C1#Cc2ccccc2N(c2ncc(-c3cccnc3OC3CCCCC3)cn2)Cc2ccccc21,0.9098492,1.8976,0.0458024,58.9000,1.0000000,207.6200,0.9999319,1.0000,0.1468095,3.6114,1.0000000,1.0000,1.0000000,1.0000,[],[],30
23.6521,46.6022,24.1381,0.5526586,Cc1nc(NC(=O)c2ccc(NC3CCC(CN)CC3)nc2)cc(S(=O)(=O)NN2Cc3ccccc3C#Cc3ccccc32)n1,1,c1cccc2c1CN(*)c1ccccc1C#C2|C1C(*)CCC(CN)C1,c1c(C(=O)Nc2cc(S(=O)(=O)N[*])nc(C)n2)cnc(N[*])c1,O=C(Nc1cc(S(=O)(=O)NN2Cc3ccccc3C#Cc3ccccc32)ncn1)c1ccc(NC2CCCCC2)nc1,0.9999814,-0.3381,0.9999761,153.9500,1.0000000,308.3230,0.8720069,3.0000,0.0832446,3.8335,1.0000000,1.0000,1.0000000,1.0000,[],[],30
3.3303,8.9088,40.5154,0.3861262,NCC1CCC(N2CCN(S(=O)(=O)N3Cc4ccccc4C#Cc4ccccc43)CC2)CC1,1,c1cccc2c1CN(*)c1ccccc1C#C2|C1C(*)CCC(CN)C1,O=S(=O)([*])N1CCN([*])CC1,O=S(=O)(N1CCN(C2CCCCC2)CC1)N1Cc2ccccc2C#Cc2ccccc21,0.9999998,-1.5820,0.0121014,49.4100,0.6684421,150.2030,0.9999319,1.0000,0.2066108,3.4675,1.0000000,1.0000,1.0000000,1.0000,[],[],30
4.1743,13.7165,63.1155,0.6002497,NCC1CCC(Nc2ncc(S(=O)(=O)N3Cc4ccccc4C#Cc4ccccc43)cc2Cl)CC1,1,c1cccc2c1CN(*)c1ccccc1C#C2|C1C(*)CCC(CN)C1,c1(Cl)cc(S(=O)(=O)[*])cnc1N[*],O=S(=O)(c1ccc(NC2CCCCC2)nc1)N1Cc2ccccc2C#Cc2ccccc21,0.9997947,0.2875,0.2689050,73.0500,1.0000000,192.6270,0.9999319,1.0000,0.2041630,3.4727,1.0000000,1.0000,1.0000000,1.0000,[],[],30
4.1743,13.7165,-13.7165,0.0000000,NCC1CCC(Nc2ncc(S(=O)(=O)N3Cc4ccccc4C#Cc4ccccc43)cc2Cl)CC1,2,c1cccc2c1CN(*)c1ccccc1C#C2|C1C(*)CCC(CN)C1,c1(Cl)cc(S(=O)(=O)[*])cnc1N[*],O=S(=O)(c1ccc(NC2CCCCC2)nc1)N1Cc2ccccc2C#Cc2ccccc21,0.0000000,0.2875,0.0000000,73.0500,0.0000000,192.6270,0.0000000,1.0000,0.0000000,3.4727,0.0000000,1.0000,0.0000000,1.0000,[],[],30
7.2479,15.3785,64.1562,0.6213647,NCC1CCC(Nc2cnc(S(=O)(=O)N3Cc4ccccc4C#Cc4ccccc43)nc2)CC1,1,c1cccc2c1CN(*)c1ccccc1C#C2|C1C(*)CCC(CN)C1,O=S([*])(=O)c1ncc(N[*])cn1,O=S(=O)(c1ncc(NC2CCCCC2)cn1)N1Cc2ccccc2C#Cc2ccccc21,0.9999983,-0.9709,0.7015804,85.9400,1.0000000,159.1700,0.9999319,1.0000,0.1471342,3.6105,1.0000000,1.0000,1.0000000,1.0000,[],[],30
13.0589,20.8458,59.0651,0.6243036,NCC1CCC(N2CCN(S(=O)(=O)c3cc(Cl)ccc3S(=O)(=O)N3Cc4ccccc4C#Cc4ccccc43)CC2)CC1,1,c1cccc2c1CN(*)c1ccccc1C#C2|C1C(*)CCC(CN)C1,c1c(Cl)ccc(S(=O)([*])=O)c1S(=O)(=O)N1CCN([*])CC1,O=S(=O)(c1ccccc1S(=O)(=O)N1Cc2ccccc2C#Cc2ccccc21)N1CCN(C2CCCCC2)CC1,0.9999529,-0.0958,0.6250142,83.5500,1.0000000,324.8110,0.8720069,3.0000,0.1800319,3.5268,1.0000000,1.0000,1.0000000,1.0000,[],[],30
12.8182,22.9450,42.6272,0.5122833,Cn1cc(-c2ccc(N3Cc4ccccc4C#Cc4ccccc43)nn2)nc1NC1CCC(CN)CC1,1,c1cccc2c1CN(*)c1ccccc1C#C2|C1C(*)CCC(CN)C1,Cn1cc(-c2nnc([*])cc2)nc1N[*],C1#Cc2ccccc2N(c2ccc(-c3c[nH]c(NC4CCCCC4)n3)nn2)Cc2ccccc21,0.9996031,0.4593,0.1833518,69.6200,1.0000000,175.1950,0.9999319,1.0000,0.1231407,3.6820,1.0000000,1.0000,1.0000000,1.0000,[],[],30
15.0211,28.4682,50.2304,0.6148329,NCC1CCC(n2c(=O)ccn(-c3ccc(Cl)c(S(=O)(=O)N4Cc5ccccc5C#Cc5ccccc54)c3)c2=O)CC1,1,c1cccc2c1CN(*)c1ccccc1C#C2|C1C(*)CCC(CN)C1,c1cc(Cl)c(S(=O)(=O)[*])cc1-n1ccc(=O)n([*])c1=O,O=c1ccn(-c2cccc(S(=O)(=O)N3Cc4ccccc4C#Cc4ccccc43)c2)c(=O)n1C1CCCCC1,0.9998791,0.1495,0.7850267,89.0000,1.0000000,286.6960,0.9968477,2.0000,0.1331605,3.6509,1.0000000,1.0000,1.0000000,1.0000,[],[],30
6.1833,12.4072,-12.4072,0.0000000,NCC1CCC(Nc2nnc(S(=O)(=O)N3Cc4ccccc4C#Cc4ccccc43)s2)CC1,1,c12ccccc1CN(*)c1c(cccc1)C#C2|C1(*)CCC(CN)CC1,O=S([*])(=O)c1nnc(N[*])s1,O=S(=O)(c1nnc(NC2CCCCC2)s1)N1Cc2ccccc2C#Cc2ccccc21,0.9999979,-0.9094,0.7015804,85.9400,1.0000000,165.1990,0.9999319,1.0000,0.1535591,3.5931,1.0000000,1.0000,1.0000000,1.0000,[],[],31
8.2855,20.3977,56.8417,0.6034321,NCC1CCC(Nc2ncc(S(=O)(=O)N3Cc4ccccc4C#Cc4ccccc43)c(F)n2)CC1,1,c12ccccc1CN(*)c1c(cccc1)C#C2|C1(*)CCC(CN)CC1,Fc1c(S(=O)([*])=O)cnc(N[*])n1,O=S(=O)(c1cnc(NC2CCCCC2)nc1)N1Cc2ccccc2C#Cc2ccccc21,0.9999972,-0.8318,0.7015804,85.9400,1.0000000,177.1600,0.9999319,1.0000,0.1293464,3.6625,1.0000000,1.0000,1.0000000,1.0000,[],[],31
4.0489,12.0843,-12.0843,0.0000000,NCC1CCC(Nc2ccc(S(=O)(=O)N3Cc4ccccc4C#Cc4ccccc43)c(Cl)c2)CC1,1,c12ccccc1CN(*)c1c(cccc1)C#C2|C1(*)CCC(CN)CC1,c1c(Cl)c(S(=O)(=O)[*])ccc1N[*],O=S(=O)(c1ccc(NC2CCCCC2)cc1)N1Cc2ccccc2C#Cc2ccccc21,0.9979110,0.8925,0.0544129,60.1600,1.0000000,191.6390,0.9999319,1.0000,0.2592703,3.3647,1.0000000,1.0000,1.0000000,1.0000,[],[],31
9.4245,23.7262,-23.7262,0.0000000,c1cc(Cl)c(S(=O)(=O)[*])cc1Cl)n1cc(N[*])nc1,0,c12ccccc1CN(*)c1c(cccc1)C#C2|C1(*)CCC(CN)CC1,c1cc(Cl)c(S(=O)(=O)[*])cc1Cl)n1cc(N[*])nc1,,0.0000000,0.0000,0.0000000,0.0000,0.0000000,0.0000,0.0000000,0.0000,0.0000000,0.0000,0.0000000,0.0000,0.0000000,0.0000,None,None,31
4.3832,15.1901,-15.1901,0.0000000,NCC1CCC(Nc2cnc(S(=O)(=O)N3Cc4ccccc4C#Cc4ccccc43)cn2)CC1,1,c12ccccc1CN(*)c1c(cccc1)C#C2|C1(*)CCC(CN)CC1,O=S(=O)([*])c1ncc(N[*])nc1,O=S(=O)(c1cnc(NC2CCCCC2)cn1)N1Cc2ccccc2C#Cc2ccccc21,0.9999983,-0.9709,0.7015804,85.9400,1.0000000,159.1700,0.9999319,1.0000,0.1455091,3.6151,1.0000000,1.0000,1.0000000,1.0000,[],[],31
9.9388,21.7442,62.9187,0.6614288,NCC1CCC(Nc2ncc(-c3ccc(Cl)c(S(=O)(=O)N4Cc5ccccc5C#Cc5ccccc54)c3)cn2)CC1,1,c12ccccc1CN(*)c1c(cccc1)C#C2|C1(*)CCC(CN)CC1,c1cc(Cl)c(S([*])(=O)=O)cc1-c1cnc(N[*])nc1,O=S(=O)(c1cccc(-c2cnc(NC3CCCCC3)nc2)c1)N1Cc2ccccc2C#Cc2ccccc21,0.9880524,1.3495,0.7015804,85.9400,1.0000000,269.7130,0.9968477,2.0000,0.1965808,3.4891,1.0000000,1.0000,1.0000000,1.0000,[],[],31
3.3997,9.2065,40.2177,0.3861262,NCC1CCC(N2CCN(S(=O)(=O)N3Cc4ccccc4C#Cc4ccccc43)CC2)CC1,1,c12ccccc1CN(*)c1c(cccc1)C#C2|C1(*)CCC(CN)CC1,O=S(=O)([*])N1CCN([*])CC1,O=S(=O)(N1CCN(C2CCCCC2)CC1)N1Cc2ccccc2C#Cc2ccccc21,0.9999998,-1.5820,0.0121014,49.4100,0.6684421,150.2030,0.9999319,1.0000,0.2066108,3.4675,1.0000000,1.0000,1.0000000,1.0000,[],[],31
9.5791,27.4033,49.2958,0.5992123,Cn1ncc(NC(=O)c2cc(Cl)nc(NC3CCC(CN)CC3)n2)c1C(=O)N1Cc2ccccc2C#Cc2ccccc21,1,c12ccccc1CN(*)c1c(cccc1)C#C2|C1(*)CCC(CN)CC1,c1(Cl)cc(C(=O)Nc2cnn(C)c2C(=O)[*])nc(N[*])n1,O=C(Nc1cn[nH]c1C(=O)N1Cc2ccccc2C#Cc2ccccc21)c1ccnc(NC2CCCCC2)n1,0.9995170,0.5105,0.9942374,115.7900,1.0000000,280.6750,0.8720069,3.0000,0.1192209,3.6948,1.0000000,1.0000,1.0000000,1.0000,[],[],31
7.5130,11.5152,-11.1188,0.0030970,NCC1CCC(Nc2ccc(C(=O)N3Cc4ccccc4C#Cc4ccccc43)cn2)CC1,1,c12ccccc1CN(*)c1c(cccc1)C#C2|C1(*)CCC(CN)CC1,c1cc(C([*])=O)cnc1N[*],O=C(c1ccc(NC2CCCCC2)nc1)N1Cc2ccccc2C#Cc2ccccc21,0.9999319,0.0000,0.0000100,0.0000,0.0000000,0.0000,0.9999985,0.0000,0.2885216,3.3136,1.0000000,1.0000,1.0000000,1.0000,[],[],31
5.3683,15.6348,-15.6348,0.0000000,NCC1CCC(Nc2cc(Cl)c(S(=O)(=O)N3Cc4ccccc4C#Cc4ccccc43)c(Cl)c2)CC1,1,c12ccccc1CN(*)c1c(cccc1)C#C2|C1(*)CCC(CN)CC1,c1c(Cl)c(S(=O)(=O)[*])c(Cl)cc1N[*],O=S(=O)(c1ccc(NC2CCCCC2)cc1)N1Cc2ccccc2C#Cc2ccccc21,0.9749495,1.5459,0.0544129,60.1600,1.0000000,226.0840,0.9999319,1.0000,0.2041293,3.4727,1.0000000,1.0000,1.0000000,1.0000,[],[],31
14.5630,26.9908,27.4157,0.4250509,NCC1CCC(Oc2cnc(Cl)c(-c3nnc(N4Cc5ccccc5C#Cc5ccccc54)s3)c2)CC1,1,c12ccccc1CN(*)c1c(cccc1)C#C2|C1(*)CCC(CN)CC1,c1nc(Cl)c(-c2nnc([*])s2)cc1O[*],C1#Cc2ccccc2N(c2nnc(-c3cncc(OC4CCCCC4)c3)s2)Cc2ccccc21,0.8885268,1.9591,0.0458024,58.9000,1.0000000,213.6490,0.9999319,1.0000,0.1219135,3.6860,1.0000000,1.0000,1.0000000,1.0000,[],[],31
17.1425,36.2770,-36.2770,0.0000000,c1c(Cl)cc(S(=O)(=O)NC([*])=O)cn1-c1nccc([*])n1,0,c12ccccc1CN(*)c1c(cccc1)C#C2|C1(*)CCC(CN)CC1,c1c(Cl)cc(S(=O)(=O)NC([*])=O)cn1-c1nccc([*])n1,,0.0000000,0.0000,0.0000000,0.0000,0.0000000,0.0000,0.0000000,0.0000,0.0000000,0.0000,0.0000000,0.0000,0.0000000,0.0000,None,None,31
8.0405,10.7036,-9.9416,0.0059534,NCC1CCC(Oc2cnc(N3Cc4ccccc4C#Cc4ccccc43)nc2)CC1,1,c12ccccc1CN(*)c1c(cccc1)C#C2|C1(*)CCC(CN)CC1,O(c1cnc([*])nc1)[*],C1#Cc2ccccc2N(c2ncc(OC3CCCCC3)cn2)Cc2ccccc21,0.9998629,0.1822,0.0074538,46.0100,0.0000000,96.0890,0.9999985,0.0000,0.1874341,3.5096,1.0000000,1.0000,1.0000000,1.0000,[],[],31
13.7666,21.5123,61.9180,0.6517991,NCC1CCC(Nc2ncc(C(=O)NS(=O)(=O)N3Cc4ccccc4C#Cc4ccccc43)cn2)CC1,1,c12ccccc1CN(*)c1c(cccc1)C#C2|C1(*)CCC(CN)CC1,O=C(NS(=O)([*])=O)c1cnc(N[*])nc1,O=C(NS(=O)(=O)N1Cc2ccccc2C#Cc2ccccc21)c1cnc(NC2CCCCC2)nc1,0.9999999,-1.6850,0.9935849,115.0400,1.0000000,202.1950,0.9968477,2.0000,0.1530144,3.5945,1.0000000,1.0000,1.0000000,1.0000,[],[],31
7.6000,9.4297,-9.4297,0.0000000,NCC1CCC(Nc2ccc(C(=O)N3Cc4ccccc4C#Cc4ccccc43)cn2)CC1,2,c12ccccc1CN(*)c1c(cccc1)C#C2|C1(*)CCC(CN)CC1,c1(C(=O)[*])ccc(N[*])nc1,O=C(c1ccc(NC2CCCCC2)nc1)N1Cc2ccccc2C#Cc2ccccc21,0.0000000,0.0000,0.0000000,0.0000,0.0000000,0.0000,0.0000000,0.0000,0.0000000,3.3136,0.0000000,1.0000,0.0000000,1.0000,[],[],31
18.5153,35.8487,35.2249,0.5552626,NCC1CCC(Nc2cc(Cl)cc(Cl)c2C(=O)Nc2ncc(S(=O)(=O)N3Cc4ccccc4C#Cc4ccccc43)s2)CC1,1,c12ccccc1CN(*)c1c(cccc1)C#C2|C1(*)CCC(CN)CC1,c1(C(=O)Nc2ncc(S(=O)(=O)[*])s2)c(Cl)cc(Cl)cc1N[*],O=C(Nc1ncc(S(=O)(=O)N2Cc3ccccc3C#Cc3ccccc32)s1)c1ccccc1NC1CCCCC1,0.7193770,2.2547,0.9603665,102.1500,1.0000000,352.2240,0.8720069,3.0000,0.1205453,3.6905,1.0000000,1.0000,1.0000000,1.0000,[],[],31
5.5691,14.6442,-14.6442,0.0000000,NCC1CCC(Nc2cc(Cl)c(S(=O)(=O)N3Cc4ccccc4C#Cc4ccccc43)cn2)CC1,1,c12ccccc1CN(*)c1c(cccc1)C#C2|C1(*)CCC(CN)CC1,c1c(Cl)c(S([*])(=O)=O)cnc1N[*],O=S(=O)(c1ccc(NC2CCCCC2)nc1)N1Cc2ccccc2C#Cc2ccccc21,0.9997947,0.2875,0.2689050,73.0500,1.0000000,192.6270,0.9999319,1.0000,0.1797691,3.5274,1.0000000,1.0000,1.0000000,1.0000,[],[],31
7.6255,17.2406,49.9702,0.5250847,NCC1CCC(Nc2ccc(Cl)cc2S(=O)(=O)N2Cc3ccccc3C#Cc3ccccc32)CC1,1,c12ccccc1CN(*)c1c(cccc1)C#C2|C1(*)CCC(CN)CC1,c1cc(Cl)cc(S(=O)(=O)[*])c1N[*],O=S(=O)(c1ccccc1NC1CCCCC1)N1Cc2ccccc2C#Cc2ccccc21,0.9979110,0.8925,0.0544129,60.1600,1.0000000,191.6390,0.9999319,1.0000,0.2524023,3.3773,1.0000000,1.0000,1.0000000,1.0000,[],[],31
6.1395,19.1399,61.1809,0.6275058,NCC1CCC(Nc2ncc(S(=O)(=O)N3Cc4ccccc4C#Cc4ccccc43)c(Cl)n2)CC1,1,c12ccccc1CN(*)c1c(cccc1)C#C2|C1(*)CCC(CN)CC1,c1(Cl)c(S(=O)(=O)[*])cnc(N[*])n1,O=S(=O)(c1cnc(NC2CCCCC2)nc1)N1Cc2ccccc2C#Cc2ccccc21,0.9999799,-0.3175,0.7015804,85.9400,1.0000000,193.6150,0.9999319,1.0000,0.1536437,3.5928,1.0000000,1.0000,1.0000000,1.0000,[],[],31
8.8796,23.3307,57.8887,0.6345261,NCC1CCC(Nc2ccc(S(=O)(=O)N3Cc4ccccc4C#Cc4ccccc43)c(Cl)c2S(N)(=O)=O)CC1,1,c12ccccc1CN(*)c1c(cccc1)C#C2|C1(*)CCC(CN)CC1,c1(Cl)c(S(=O)(=O)[*])ccc(N[*])c1S(=O)(=O)N,O=S(=O)(c1ccc(NC2CCCCC2)cc1)N1Cc2ccccc2C#Cc2ccccc21,0.9999883,-0.4601,0.9969891,120.3200,1.0000000,270.7190,0.9968477,2.0000,0.1357287,3.6432,1.0000000,1.0000,1.0000000,1.0000,[],[],31
11.3750,31.5148,45.2361,0.5996166,NCC1CCC(Nc2cc(Cl)cc(-n3cc(S(=O)(=O)N4Cc5ccccc5C#Cc5ccccc54)cn3)n2)CC1,1,c12ccccc1CN(*)c1c(cccc1)C#C2|C1(*)CCC(CN)CC1,c1c(Cl)cc(-n2ncc(S(=O)(=O)[*])c2)nc1N[*],O=S(=O)(c1cnn(-c2cccc(NC3CCCCC3)n2)c1)N1Cc2ccccc2C#Cc2ccccc21,0.9995814,0.4732,0.8269722,90.8700,1.0000000,258.6900,0.9968477,2.0000,0.1162291,3.7048,1.0000000,1.0000,1.0000000,1.0000,[],[],31
12.2811,29.3612,51.9723,0.6354173,NCC1CCC(NC(=O)c2cc(Cl)cnc2N2CCN(S(=O)(=O)N3Cc4ccccc4C#Cc4ccccc43)CC2)CC1,1,c12ccccc1CN(*)c1c(cccc1)C#C2|C1(*)CCC(CN)CC1,O=S(=O)([*])N1CCN(c2ncc(Cl)cc2C(N[*])=O)CC1,O=C(NC1CCCCC1)c1cccnc1N1CCN(S(=O)(=O)N2Cc3ccccc3C#Cc3ccccc32)CC1,0.9999906,-0.5177,0.9159794,96.6000,1.0000000,304.7590,0.8720069,3.0000,0.1607138,3.5743,1.0000000,1.0000,1.0000000,1.0000,[],[],31
13.7077,25.9251,-25.9251,0.0000000,c1c(Cl)cnc(NS(=O)([*])=O)c1Cl)N[*],0,c12ccccc1CN(*)c1c(cccc1)C#C2|C1(*)CCC(CN)CC1,c1c(Cl)cnc(NS(=O)([*])=O)c1Cl)N[*],,0.0000000,0.0000,0.0000000,0.0000,0.0000000,0.0000,0.0000000,0.0000,0.0000000,0.0000,0.0000000,0.0000,0.0000000,0.0000,None,None,31
10.4729,24.2791,58.3729,0.6457189,NCC1CCC(Nc2ncc(-c3cc(F)ccc3S(=O)(=O)N3Cc4ccccc4C#Cc4ccccc43)cn2)CC1,1,c12ccccc1CN(*)c1c(cccc1)C#C2|C1(*)CCC(CN)CC1,c1c(F)ccc(S(=O)(=O)[*])c1-c1cnc(N[*])nc1,O=S(=O)(c1ccccc1-c1cnc(NC2CCCCC2)nc1)N1Cc2ccccc2C#Cc2ccccc21,0.9983227,0.8352,0.7015804,85.9400,1.0000000,253.2580,0.9968477,2.0000,0.1750312,3.5387,1.0000000,1.0000,1.0000000,1.0000,[],[],31
18.2318,38.8465,27.5031,0.5183556,NCC1CCC(Nc2nc(Cl)cc(C(=O)N(Cl)c3ccc(N4Cc5ccccc5C#Cc5ccccc54)nc3)n2)CC1,1,c12ccccc1CN(*)c1c(cccc1)C#C2|C1(*)CCC(CN)CC1,c1(Cl)cc(C(=O)N(c2ccc([*])nc2)Cl)nc(N[*])n1,O=C(Nc1ccc(N2Cc3ccccc3C#Cc3ccccc32)nc1)c1ccnc(NC2CCCCC2)n1,0.9065866,1.9078,0.6725097,85.0000,1.0000000,284.1060,0.9968477,2.0000,0.0748751,3.8735,1.0000000,1.0000,1.0000000,1.0000,[],[],31
11.6312,20.7348,-20.7348,0.0000000,c1c(Cl)cc(C([*])=O)c(OC)nc1N[*],0,c12ccccc1CN(*)c1c(cccc1)C#C2|C1(*)CCC(CN)CC1,c1c(Cl)cc(C([*])=O)c(OC)nc1N[*],,0.0000000,0.0000,0.0000000,0.0000,0.0000000,0.0000,0.0000000,0.0000,0.0000000,0.0000,0.0000000,0.0000,0.0000000,0.0000,None,None,31
7.5238,23.2229,58.9746,0.6421676,NCC1CCC(NS(=O)(=O)N2CCN(c3ccc(C(=O)N4Cc5ccccc5C#Cc5ccccc54)nn3)CC2)CC1,1,c12ccccc1CN(*)c1c(cccc1)C#C2|C1(*)CCC(CN)CC1,O=S(=O)(N1CCN(c2ccc(C(=O)[*])nn2)CC1)N[*],O=C(c1ccc(N2CCN(S(=O)(=O)NC3CCCCC3)CC2)nn1)N1Cc2ccccc2C#Cc2ccccc21,0.9999996,-1.3854,0.9858522,109.4900,1.0000000,271.3020,0.8720069,3.0000,0.1622853,3.5703,1.0000000,1.0000,1.0000000,1.0000,[],[],31
11.3570,24.3329,-21.6264,0.0211441,NCC1CCC(n2cc(-c3cnc(N4Cc5ccccc5C#Cc5ccccc54)nc3)cn2)CC1,1,c12ccccc1CN(*)c1c(cccc1)C#C2|C1(*)CCC(CN)CC1,c1nc([*])ncc1-c1cnn([*])c1,C1#Cc2ccccc2N(c2ncc(-c3cnn(C4CCCCC4)c3)cn2)Cc2ccccc21,0.9981076,0.8667,0.0247106,54.4600,0.0000017,146.1530,0.9999319,1.0000,0.1605972,3.5746,1.0000000,1.0000,1.0000000,1.0000,[],[],31
10.6841,17.7095,55.4903,0.5718735,NCC1CCC(N2CCN(C(=O)c3cc(S(=O)(=O)N4Cc5ccccc5C#Cc5ccccc54)ccc3F)CC2)CC1,1,c12ccccc1CN(*)c1c(cccc1)C#C2|C1(*)CCC(CN)CC1,Fc1ccc(S(=O)(=O)[*])cc1C(=O)N1CCN([*])CC1,O=C(c1cccc(S(=O)(=O)N2Cc3ccccc3C#Cc3ccccc32)c1)N1CCN(C2CCCCC2)CC1,0.9999629,-0.1586,0.1250248,66.4800,1.0000000,272.3010,0.9968477,2.0000,0.2425895,3.3956,1.0000000,1.0000,1.0000000,1.0000,[],[],31
9.2452,25.1016,-25.1016,0.0000000,c1c(Cl)cnc([*])n1S(=O)(=O)N[*],0,c12ccccc1CN(*)c1c(cccc1)C#C2|C1(*)CCC(CN)CC1,c1c(Cl)cnc([*])n1S(=O)(=O)N[*],,0.0000000,0.0000,0.0000000,0.0000,0.0000000,0.0000,0.0000000,0.0000,0.0000000,0.0000,0.0000000,0.0000,0.0000000,0.0000,None,None,31
15.5084,46.1973,24.9468,0.5558130,NCC1CCC(n2cc(Cl)cc2-c2ccc(C(=O)NS(=O)(=O)N3Cc4ccccc4C#Cc4ccccc43)cn2)CC1,1,c12ccccc1CN(*)c1c(cccc1)C#C2|C1(*)CCC(CN)CC1,c1c(Cl)cc(-c2ccc(C(=O)NS(=O)(=O)[*])cn2)n1[*],O=C(NS(=O)(=O)N1Cc2ccccc2C#Cc2ccccc21)c1ccc(-c2cccn2C2CCCCC2)nc1,0.9970087,0.9863,0.8475387,91.9200,1.0000000,285.7120,0.8720069,3.0000,0.0929908,3.7913,1.0000000,1.0000,1.0000000,1.0000,[],[],31
3.3997,9.2065,-9.2065,0.0000000,NCC1CCC(N2CCN(S(=O)(=O)N3Cc4ccccc4C#Cc4ccccc43)CC2)CC1,2,c12ccccc1CN(*)c1c(cccc1)C#C2|C1(*)CCC(CN)CC1,O=S(=O)([*])N1CCN([*])CC1,O=S(=O)(N1CCN(C2CCCCC2)CC1)N1Cc2ccccc2C#Cc2ccccc21,0.0000000,-1.5820,0.0000000,49.4100,0.0000000,150.2030,0.0000000,1.0000,0.0000000,3.4675,0.0000000,1.0000,0.0000000,1.0000,[],[],31
14.1157,16.1011,37.4781,0.4185876,Cc1c(S(=O)(=O)N2Cc3ccccc3C#Cc3ccccc32)cnn1CC1CCC(CN)CC1,1,c12c(cccc1)N(*)Cc1c(cccc1)C#C2|C1CC(*)CCC1CN,n1cc(S(=O)(=O)[*])c(C)n1C[*],O=S(=O)(c1cnn(CC2CCCCC2)c1)N1Cc2ccccc2C#Cc2ccccc21,0.9999785,-0.3012,0.0173735,51.9600,1.0000000,160.1980,0.9999319,1.0000,0.1644189,3.5648,1.0000000,1.0000,1.0000000,1.0000,[],[],32
14.5517,34.8835,13.7621,0.3800440,NCC1CCC(NS(=O)(=O)Nc2ccc(Cl)c(C(=O)NS(=O)(=O)N3Cc4ccccc4C#Cc4ccccc43)c2F)CC1,1,c12c(cccc1)N(*)Cc1c(cccc1)C#C2|C1CC(*)CCC1CN,O=S(Nc1ccc(Cl)c(C(=O)NS(=O)(=O)[*])c1F)(=O)N[*],O=C(NS(=O)(=O)N1Cc2ccccc2C#Cc2ccccc21)c1cccc(NS(=O)(=O)NC2CCCCC2)c1,0.9999943,-0.6493,0.9996569,135.4300,1.0000000,331.7340,0.1279931,4.0000,0.0901318,3.8033,1.0000000,1.0000,1.0000000,1.0000,[],[],32
19.7390,29.7304,48.7632,0.6132318,CN(C(=O)c1cncc(NC2CCC(CN)CC2)n1)c1ccc(C(=O)N2Cc3ccccc3C#Cc3ccccc32)cn1,1,c12c(cccc1)N(*)Cc1c(cccc1)C#C2|C1CC(*)CCC1CN,c1(C(N(C)c2ccc(C([*])=O)cn2)=O)cncc(N[*])n1,O=C(Nc1ccc(C(=O)N2Cc3ccccc3C#Cc3ccccc32)cn1)c1cncc(NC2CCCCC2)n1,0.9994531,0.5429,0.9599260,102.0700,1.0000000,257.2530,0.8720069,3.0000,0.1343381,3.6473,1.0000000,1.0000,1.0000000,1.0000,[],[],32
16.1279,30.7011,44.2029,0.5851877,NCC1CCC(Nc2cnc(C(=O)Nc3ccc(S(=O)(=O)N4Cc5ccccc5C#Cc5ccccc54)cn3)s2)CC1,1,c12c(cccc1)N(*)Cc1c(cccc1)C#C2|C1CC(*)CCC1CN,c1nc(C(=O)Nc2ccc(S([*])(=O)=O)cn2)sc1N[*],O=C(Nc1ccc(S(=O)(=O)N2Cc3ccccc3C#Cc3ccccc32)cn1)c1ncc(NC2CCCCC2)s1,0.9997461,0.3429,0.9935849,115.0400,1.0000000,284.3220,0.8720069,3.0000,0.1074333,3.7356,1.0000000,1.0000,1.0000000,1.0000,[],[],32
3.2825,8.4814,40.9428,0.3861262,NCC1CCC(N2CCN(S(=O)(=O)N3Cc4ccccc4C#Cc4ccccc43)CC2)CC1,1,c12c(cccc1)N(*)Cc1c(cccc1)C#C2|C1CC(*)CCC1CN,O=S(=O)([*])N1CCN([*])CC1,O=S(=O)(N1CCN(C2CCCCC2)CC1)N1Cc2ccccc2C#Cc2ccccc21,0.9999998,-1.5820,0.0121014,49.4100,0.6684421,150.2030,0.9999319,1.0000,0.2066108,3.4675,1.0000000,1.0000,1.0000000,1.0000,[],[],32
4.5689,15.1547,-15.1547,0.0000000,NCC1CCC(Nc2cc(Cl)c(S(=O)(=O)N3Cc4ccccc4C#Cc4ccccc43)cn2)CC1,1,c12c(cccc1)N(*)Cc1c(cccc1)C#C2|C1CC(*)CCC1CN,c1c(Cl)c(S(=O)(=O)[*])cnc1N[*],O=S(=O)(c1ccc(NC2CCCCC2)nc1)N1Cc2ccccc2C#Cc2ccccc21,0.9997947,0.2875,0.2689050,73.0500,1.0000000,192.6270,0.9999319,1.0000,0.1797691,3.5274,1.0000000,1.0000,1.0000000,1.0000,[],[],32
6.1030,18.5799,52.6013,0.5561033,NCC1CCC(Nc2cnc(S(=O)(=O)N3Cc4ccccc4C#Cc4ccccc43)c(Cl)c2)CC1,1,c12c(cccc1)N(*)Cc1c(cccc1)C#C2|C1CC(*)CCC1CN,c1c(Cl)c(S(=O)(=O)[*])ncc1N[*],O=S(=O)(c1ccc(NC2CCCCC2)cn1)N1Cc2ccccc2C#Cc2ccccc21,0.9997947,0.2875,0.2689050,73.0500,1.0000000,192.6270,0.9999319,1.0000,0.1458817,3.6140,1.0000000,1.0000,1.0000000,1.0000,[],[],32
12.4526,24.6186,52.0195,0.5987355,NCC1CCC(Oc2cc(S(=O)(=O)NN3Cc4ccccc4C#Cc4ccccc43)c(Cl)cc2Cl)CC1,1,c12c(cccc1)N(*)Cc1c(cccc1)C#C2|C1CC(*)CCC1CN,c1(Cl)cc(Cl)c(S(=O)(N[*])=O)cc1O[*],O=S(=O)(NN1Cc2ccccc2C#Cc2ccccc21)c1cccc(OC2CCCCC2)c1,0.9881920,1.3464,0.5140277,80.3900,1.0000000,242.0830,0.9999319,1.0000,0.1477495,3.6088,1.0000000,1.0000,1.0000000,1.0000,[],[],32
3.2825,8.4814,-8.4814,0.0000000,NCC1CCC(N2CCN(S(=O)(=O)N3Cc4ccccc4C#Cc4ccccc43)CC2)CC1,2,c12c(cccc1)N(*)Cc1c(cccc1)C#C2|C1CC(*)CCC1CN,O=S(=O)([*])N1CCN([*])CC1,O=S(=O)(N1CCN(C2CCCCC2)CC1)N1Cc2ccccc2C#Cc2ccccc21,0.0000000,-1.5820,0.0000000,49.4100,0.0000000,150.2030,0.0000000,1.0000,0.0000000,3.4675,0.0000000,1.0000,0.0000000,1.0000,[],[],32
21.3732,46.5594,-46.5594,0.0000000,Fc1cc(S(=O)(N(C2Cc3c(nc([*])s3)CC2)=O)N[*])cnc1,0,c12c(cccc1)N(*)Cc1c(cccc1)C#C2|C1CC(*)CCC1CN,Fc1cc(S(=O)(N(C2Cc3c(nc([*])s3)CC2)=O)N[*])cnc1,,0.0000000,0.0000,0.0000000,0.0000,0.0000000,0.0000,0.0000000,0.0000,0.0000000,0.0000,0.0000000,0.0000,0.0000000,0.0000,None,None,32
7.1822,13.1642,-13.1642,0.0000000,NCC1CCC(Nc2ccc(S(=O)(=O)N3Cc4ccccc4C#Cc4ccccc43)cn2)CC1,1,c12c(cccc1)N(*)Cc1c(cccc1)C#C2|C1CC(*)CCC1CN,[*]S(=O)(=O)c1cnc(N[*])cc1,O=S(=O)(c1ccc(NC2CCCCC2)nc1)N1Cc2ccccc2C#Cc2ccccc21,0.9999319,0.0000,0.0000100,0.0000,0.0000000,0.0000,0.9999985,0.0000,0.2439102,3.3931,1.0000000,1.0000,1.0000000,1.0000,[],[],32
9.8678,10.8454,-9.8588,0.0077082,NCC1CCC(Nc2ccc(C(=O)N3Cc4ccccc4C#Cc4ccccc43)cn2)CC1,1,c12c(cccc1)N(*)Cc1c(cccc1)C#C2|C1CC(*)CCC1CN,C(=O)([*])c1ccc(N[*])nc1,O=C(c1ccc(NC2CCCCC2)nc1)N1Cc2ccccc2C#Cc2ccccc21,0.9995764,0.4763,0.0305680,55.9800,0.0000000,122.1270,0.9999319,1.0000,0.2885216,3.3136,1.0000000,1.0000,1.0000000,1.0000,[],[],32
11.7015,25.7182,50.1302,0.5925657,Cn1ncc(-c2cnc(NC3CCC(CN)CC3)nc2)c1S(=O)(=O)N1Cc2ccccc2C#Cc2ccccc21,1,c12c(cccc1)N(*)Cc1c(cccc1)C#C2|C1CC(*)CCC1CN,[*]S(=O)(=O)c1n(C)ncc1-c1cnc(N[*])nc1,O=S(=O)(c1[nH]ncc1-c1cnc(NC2CCCCC2)nc1)N1Cc2ccccc2C#Cc2ccccc21,0.9999924,-0.5704,0.9683035,103.7600,1.0000000,239.2600,0.9968477,2.0000,0.1019230,3.7560,1.0000000,1.0000,1.0000000,1.0000,[],[],32
11.1435,28.5336,52.0932,0.6298966,NCC1CCC(Nc2ncn(-c3ccc(Cl)c(S(=O)(=O)N4Cc5ccccc5C#Cc5ccccc54)c3)n2)CC1,1,c12c(cccc1)N(*)Cc1c(cccc1)C#C2|C1CC(*)CCC1CN,c1cc(Cl)c(S(=O)([*])=O)cc1-n1cnc(N[*])n1,O=S(=O)(c1cccc(-n2cnc(NC3CCCCC3)n2)c1)N1Cc2ccccc2C#Cc2ccccc21,0.9995814,0.4732,0.8269722,90.8700,1.0000000,258.6900,0.9968477,2.0000,0.1443629,3.6183,1.0000000,1.0000,1.0000000,1.0000,[],[],32
17.2666,32.7660,41.7648,0.5822719,NCC1CCC(Nc2ccc(C(=O)Nc3ccnc(S(=O)(=O)N4Cc5ccccc5C#Cc5ccccc54)n3)nn2)CC1,1,c12c(cccc1)N(*)Cc1c(cccc1)C#C2|C1CC(*)CCC1CN,c1(C(=O)Nc2nc(S(=O)(=O)[*])ncc2)nnc(N[*])cc1,O=C(Nc1ccnc(S(=O)(=O)N2Cc3ccccc3C#Cc3ccccc32)n1)c1ccc(NC2CCCCC2)nn1,0.9999981,-0.9286,0.9998420,140.8200,1.0000000,280.2690,0.8720069,3.0000,0.1047420,3.7455,1.0000000,1.0000,1.0000000,1.0000,[],[],32
9.4844,16.8937,-16.8937,0.0000000,NCC1CCC(N2CCN(C(=O)c3cc(S(=O)(=O)N4Cc5ccccc5C#Cc5ccccc54)ccc3F)CC2)CC1,1,c12c(cccc1)N(*)Cc1c(cccc1)C#C2|C1CC(*)CCC1CN,Fc1ccc(S(=O)([*])=O)cc1C(N1CCN([*])CC1)=O,O=C(c1cccc(S(=O)(=O)N2Cc3ccccc3C#Cc3ccccc32)c1)N1CCN(C2CCCCC2)CC1,0.9999629,-0.1586,0.1250248,66.4800,1.0000000,272.3010,0.9968477,2.0000,0.2425895,3.3956,1.0000000,1.0000,1.0000000,1.0000,[],[],32
8.1059,17.9014,43.4978,0.4796813,NCC1CCC(Nc2cc(Cl)cc(S(=O)(=O)N3Cc4ccccc4C#Cc4ccccc43)c2Cl)CC1,1,c12c(cccc1)N(*)Cc1c(cccc1)C#C2|C1CC(*)CCC1CN,c1c(Cl)cc(S(=O)(=O)[*])c(Cl)c1N[*],O=S(=O)(c1cccc(NC2CCCCC2)c1)N1Cc2ccccc2C#Cc2ccccc21,0.9749495,1.5459,0.0544129,60.1600,1.0000000,226.0840,0.9999319,1.0000,0.1735346,3.5423,1.0000000,1.0000,1.0000000,1.0000,[],[],32
5.9794,11.8408,-11.8408,0.0000000,NCC1CCC(Nc2ccc(S(=O)(=O)N3Cc4ccccc4C#Cc4ccccc43)cn2)CC1,2,c12c(cccc1)N(*)Cc1c(cccc1)C#C2|C1CC(*)CCC1CN,n1cc(S(=O)(=O)[*])ccc1N[*],O=S(=O)(c1ccc(NC2CCCCC2)nc1)N1Cc2ccccc2C#Cc2ccccc21,0.0000000,0.0000,0.0000000,0.0000,0.0000000,0.0000,0.0000000,0.0000,0.0000000,3.3931,0.0000000,1.0000,0.0000000,1.0000,[],[],32
15.9116,32.1554,37.5237,0.5443678,NCC1CCC(Nc2ncc(C(=O)NS(=O)(=O)N3Cc4ccccc4C#Cc4ccccc43)c(-n3ccnn3)n2)CC1,1,c12c(cccc1)N(*)Cc1c(cccc1)C#C2|C1CC(*)CCC1CN,n1(-c2c(C(=O)NS(=O)(=O)[*])cnc(N[*])n2)nncc1,O=C(NS(=O)(=O)N1Cc2ccccc2C#Cc2ccccc21)c1cnc(NC2CCCCC2)nc1-n1ccnn1,1.0000000,-2.1043,0.9999223,145.7500,1.0000000,269.2460,0.8720069,3.0000,0.0778889,3.8586,1.0000000,1.0000,1.0000000,1.0000,[],[],32
15.6993,35.4746,19.5702,0.4300370,NCC1CCC(Nc2ccc(S(=O)(=O)Nc3cc(S(=O)(=O)N4Cc5ccccc5C#Cc5ccccc54)ccn3)cn2)CC1,1,c12c(cccc1)N(*)Cc1c(cccc1)C#C2|C1CC(*)CCC1CN,c1c(S(=O)(=O)Nc2nccc(S([*])(=O)=O)c2)cnc(N[*])c1,O=S(=O)(Nc1cc(S(=O)(=O)N2Cc3ccccc3C#Cc3ccccc32)ccn1)c1ccc(NC2CCCCC2)nc1,0.9999645,-0.1701,0.9994468,132.1100,1.0000000,314.3480,0.1279931,4.0000,0.1552719,3.5885,1.0000000,1.0000,1.0000000,1.0000,[],[],32
24.1283,40.1739,-40.1739,0.0000000,n1c(-c2snc(S(=O)(=O)=O)c2)nc([*])nc1N1CCN([*])CC1,0,c12c(cccc1)N(*)Cc1c(cccc1)C#C2|C1CC(*)CCC1CN,n1c(-c2snc(S(=O)(=O)=O)c2)nc([*])nc1N1CCN([*])CC1,,0.0000000,0.0000,0.0000000,0.0000,0.0000000,0.0000,0.0000000,0.0000,0.0000000,0.0000,0.0000000,0.0000,0.0000000,0.0000,None,None,32
8.3027,20.0652,53.3784,0.5737777,NCC1CCC(c2nnn(-c3ccc(Cl)c(S(=O)(=O)N4Cc5ccccc5C#Cc5ccccc54)c3)n2)CC1,1,c12c(cccc1)N(*)Cc1c(cccc1)C#C2|C1CC(*)CCC1CN,c1cc(Cl)c(S(=O)(=O)[*])cc1-n1nnc([*])n1,O=S(=O)(c1cccc(-n2nnc(C3CCCCC3)n2)c1)N1Cc2ccccc2C#Cc2ccccc21,0.9997959,0.2860,0.4193991,77.7400,1.0000000,244.6630,0.9968477,2.0000,0.1344253,3.6471,1.0000000,1.0000,1.0000000,1.0000,[],[],32
15.8829,36.2071,33.9543,0.5481362,NCC1CCC(Nc2cnc(S(=O)(=O)Nc3cnc(N4Cc5ccccc5C#Cc5ccccc54)nc3)c(F)n2)CC1,1,c12c(cccc1)N(*)Cc1c(cccc1)C#C2|C1CC(*)CCC1CN,c1(F)c(S(Nc2cnc([*])nc2)(=O)=O)ncc(N[*])n1,O=S(=O)(Nc1cnc(N2Cc3ccccc3C#Cc3ccccc32)nc1)c1cnc(NC2CCCCC2)cn1,0.9999697,-0.2113,0.9981599,123.7500,1.0000000,270.2490,0.8720069,3.0000,0.0803627,3.8468,1.0000000,1.0000,1.0000000,1.0000,[],[],32
6.9565,13.1741,-13.1741,0.0000000,NCC1CCC(Nc2ccc(S(=O)(=O)N3Cc4ccccc4C#Cc4ccccc43)c(F)c2)CC1,1,c12c(cccc1)N(*)Cc1c(cccc1)C#C2|C1CC(*)CCC1CN,c1c(F)c(S(=O)(=O)[*])ccc1N[*],O=S(=O)(c1ccc(NC2CCCCC2)cc1)N1Cc2ccccc2C#Cc2ccccc21,0.9997092,0.3782,0.0544129,60.1600,1.0000000,175.1840,0.9999319,1.0000,0.2555467,3.3715,1.0000000,1.0000,1.0000000,1.0000,[],[],32
9.0746,16.1283,43.8467,0.4685549,NCC1CCC(Nc2cnc(C(=O)N3Cc4ccccc4C#Cc4ccccc43)cc2Cl)CC1,1,c12c(cccc1)N(*)Cc1c(cccc1)C#C2|C1CC(*)CCC1CN,c1(Cl)cc(C(=O)[*])ncc1N[*],O=C(c1ccc(NC2CCCCC2)cn1)N1Cc2ccccc2C#Cc2ccccc21,0.9948249,1.1297,0.0305680,55.9800,1.0000000,156.5720,0.9999319,1.0000,0.2046409,3.4717,1.0000000,1.0000,1.0000000,1.0000,[],[],32
7.2367,13.7545,-13.7545,0.0000000,NCC1CCC(Nc2ncc(S(=O)(=O)N3Cc4ccccc4C#Cc4ccccc43)cc2Cl)CC1,1,c12c(cccc1)N(*)Cc1c(cccc1)C#C2|C1CC(*)CCC1CN,c1c(S([*])(=O)=O)cnc(N[*])c1Cl,O=S(=O)(c1ccc(NC2CCCCC2)nc1)N1Cc2ccccc2C#Cc2ccccc21,0.9997947,0.2875,0.2689050,73.0500,1.0000000,192.6270,0.9999319,1.0000,0.2041630,3.4727,1.0000000,1.0000,1.0000000,1.0000,[],[],32
9.5735,16.4028,68.6613,0.6645628,NCC1CCC(NS(=O)(=O)c2cnc(N3Cc4ccccc4C#Cc4ccccc43)nc2)CC1,1,c12c(cccc1)N(*)Cc1c(cccc1)C#C2|C1CC(*)CCC1CN,N(S(=O)(=O)c1cnc([*])nc1)[*],O=S(=O)(NC1CCCCC1)c1cnc(N2Cc3ccccc3C#Cc3ccccc32)nc1,0.9999976,-0.8760,0.7015804,85.9400,1.0000000,159.1700,0.9999319,1.0000,0.1977640,3.4865,1.0000000,1.0000,1.0000000,1.0000,[],[],32
21.3622,26.9715,49.9637,0.6010559,NCC1CCC(Nc2ccc(S(=O)(=O)n3cncc3C(=O)N3Cc4ccccc4C#Cc4ccccc43)c(Cl)c2)CC1,1,c12c(cccc1)N(*)Cc1c(cccc1)C#C2|C1CC(*)CCC1CN,Clc1c(S(=O)(n2c(C(=O)[*])cnc2)=O)ccc(N[*])c1,O=C(c1cncn1S(=O)(=O)c1ccc(NC2CCCCC2)cc1)N1Cc2ccccc2C#Cc2ccccc21,0.9940059,1.1682,0.8971425,95.0500,1.0000000,285.7120,0.8720069,3.0000,0.1279198,3.6669,1.0000000,1.0000,1.0000000,1.0000,[],[],32
11.0370,17.9785,-15.7995,0.0170234,NCC1CCC(c2ccn(-c3cnc(N4Cc5ccccc5C#Cc5ccccc54)nc3)n2)CC1,1,c12c(cccc1)N(*)Cc1c(cccc1)C#C2|C1CC(*)CCC1CN,c1cn(-c2cnc([*])nc2)nc1[*],C1#Cc2ccccc2N(c2ncc(-n3ccc(C4CCCCC4)n3)cn2)Cc2ccccc21,0.9991354,0.6623,0.0052808,43.6000,0.0000017,146.1530,0.9999319,1.0000,0.1337078,3.6492,1.0000000,1.0000,1.0000000,1.0000,[],[],32
6.0898,13.8263,-13.8263,0.0000000,NCC1CCC(Nc2ncc(S(=O)(=O)N3Cc4ccccc4C#Cc4ccccc43)s2)CC1,1,c12c(cccc1)N(*)Cc1c(cccc1)C#C2|C1CC(*)CCC1CN,c1(S(=O)(=O)[*])cnc(N[*])s1,O=S(=O)(c1cnc(NC2CCCCC2)s1)N1Cc2ccccc2C#Cc2ccccc21,0.9999788,-0.3044,0.2689050,73.0500,1.0000000,164.2110,0.9999319,1.0000,0.1590489,3.5786,1.0000000,1.0000,1.0000000,1.0000,[],[],32
4.8642,13.2693,72.4003,0.6692935,NCC1CCC(Nc2ncc(S(=O)(=O)N3Cc4ccccc4C#Cc4ccccc43)cn2)CC1,1,c12c(cccc1)N(*)Cc1c(cccc1)C#C2|C1CC(*)CCC1CN,c1(S(=O)(=O)[*])cnc(N[*])nc1,O=S(=O)(c1cnc(NC2CCCCC2)nc1)N1Cc2ccccc2C#Cc2ccccc21,0.9999983,-0.9709,0.7015804,85.9400,1.0000000,159.1700,0.9999319,1.0000,0.2040336,3.4730,1.0000000,1.0000,1.0000000,1.0000,[],[],32
17.0787,21.5540,27.2416,0.3812157,NCC1CCC(c2cnn(-c3ccc(C(=O)N4Cc5ccccc5C#Cc5ccccc54)c(Cl)c3)n2)CC1,1,c12c(cccc1)N(*)Cc1c(cccc1)C#C2|C1CC(*)CCC1CN,[*]C(=O)c1c(Cl)cc(-n2ncc([*])n2)cc1,O=C(c1ccc(-n2ncc(C3CCCCC3)n2)cc1)N1Cc2ccccc2C#Cc2ccccc21,0.9499175,1.7332,0.0095954,47.7800,1.0000000,207.6200,0.9968477,2.0000,0.1547635,3.5898,1.0000000,1.0000,1.0000000,1.0000,[],[],32
6.8499,15.0613,-15.0613,0.0000000,Cn1c(NC2CCC(CN)CC2)nnc1S(=O)(=O)N1Cc2ccccc2C#Cc2ccccc21,1,C1#Cc2c(cccc2)CN(*)c2ccccc21|C1(CN)CCC(*)CC1,O=S(=O)([*])c1nnc(N[*])n1C,O=S(=O)(c1nnc(NC2CCCCC2)[nH]1)N1Cc2ccccc2C#Cc2ccccc21,0.9999999,-1.6324,0.8269722,90.8700,1.0000000,162.1740,0.9999319,1.0000,0.1028509,3.7525,1.0000000,1.0000,1.0000000,1.0000,[],[],33
27.5388,51.1508,-51.1508,0.0000000,c1c(F)cc(-c2nnc(-c3scnc3[*])n2)cc1N[*],0,C1#Cc2c(cccc2)CN(*)c2ccccc21|C1(CN)CCC(*)CC1,c1c(F)cc(-c2nnc(-c3scnc3[*])n2)cc1N[*],,0.0000000,0.0000,0.0000000,0.0000,0.0000000,0.0000,0.0000000,0.0000,0.0000000,0.0000,0.0000000,0.0000,0.0000000,0.0000,None,None,33
15.4759,21.7864,58.0796,0.6239530,COc1cc(C(=O)N2Cc3ccccc3C#Cc3ccccc32)ccc1-n1cnc(NC2CCC(CN)CC2)n1,1,C1#Cc2c(cccc2)CN(*)c2ccccc21|C1(CN)CCC(*)CC1,n1(-c2ccc(C(=O)[*])cc2OC)nc(N[*])nc1,O=C(c1ccc(-n2cnc(NC3CCCCC3)n2)cc1)N1Cc2ccccc2C#Cc2ccccc21,0.9991075,0.6706,0.6073179,83.0300,1.0000000,218.2160,0.8720069,3.0000,0.1823393,3.5214,1.0000000,1.0000,1.0000000,1.0000,[],[],33
16.5916,41.3793,-41.3793,0.0000000,n1cc(Cl)nc(-c2ccc(S(=O)(=O)[*])nc2)n1[*],0,C1#Cc2c(cccc2)CN(*)c2ccccc21|C1(CN)CCC(*)CC1,n1cc(Cl)nc(-c2ccc(S(=O)(=O)[*])nc2)n1[*],,0.0000000,0.0000,0.0000000,0.0000,0.0000000,0.0000,0.0000000,0.0000,0.0000000,0.0000,0.0000000,0.0000,0.0000000,0.0000,None,None,33
19.6162,39.8985,3.3189,0.3376361,NCC1CCC(Nc2cnc(C(=NC(=O)N3Cc4ccccc4C#Cc4ccccc43)Nc3ccc(Cl)cc3)cc2Cl)CC1,1,C1#Cc2c(cccc2)CN(*)c2ccccc21|C1(CN)CCC(*)CC1,c1(Cl)cc(C(Nc2ccc(Cl)cc2)=NC(=O)[*])ncc1N[*],O=C(N=C(Nc1ccccc1)c1ccc(NC2CCCCC2)cn1)N1Cc2ccccc2C#Cc2ccccc21,0.1342442,2.9857,0.5133088,80.3700,1.0000000,309.1560,0.8720069,3.0000,0.0989971,3.7673,1.0000000,1.0000,1.0000000,1.0000,[],[],33
26.8498,39.1558,12.3721,0.4025617,CN(C(=O)c1ccc(-n2ncc(C(=O)N3Cc4ccccc4C#Cc4ccccc43)c2C(N)=O)cn1)C1CCC(CN)CC1,1,C1#Cc2c(cccc2)CN(*)c2ccccc21|C1(CN)CCC(*)CC1,c1(-n2ncc(C([*])=O)c2C(=O)N)ccc(C(=O)N([*])C)nc1,O=C(NC1CCCCC1)c1ccc(-n2cc(C(=O)N3Cc4ccccc4C#Cc4ccccc43)cn2)cn1,0.9999884,-0.4617,0.9968341,119.9700,1.0000000,273.2520,0.1279931,4.0000,0.1162755,3.7047,1.0000000,1.0000,1.0000000,1.0000,[],[],33
4.1281,10.6822,38.7420,0.3861262,NCC1CCC(N2CCN(S(=O)(=O)N3Cc4ccccc4C#Cc4ccccc43)CC2)CC1,1,C1#Cc2c(cccc2)CN(*)c2ccccc21|C1(CN)CCC(*)CC1,O=S(=O)([*])N1CCN([*])CC1,O=S(=O)(N1CCN(C2CCCCC2)CC1)N1Cc2ccccc2C#Cc2ccccc21,0.9999998,-1.5820,0.0121014,49.4100,0.6684421,150.2030,0.9999319,1.0000,0.2066108,3.4675,1.0000000,1.0000,1.0000000,1.0000,[],[],33
9.2730,26.7233,22.2598,0.3826801,NCC1CCC(c2cnn(-c3ccc(C(=O)N4Cc5ccccc5C#Cc5ccccc54)c(F)c3)n2)CC1,1,C1#Cc2c(cccc2)CN(*)c2ccccc21|C1(CN)CCC(*)CC1,c1c(F)c(C(=O)[*])ccc1-n1ncc([*])n1,O=C(c1ccc(-n2ncc(C3CCCCC3)n2)cc1)N1Cc2ccccc2C#Cc2ccccc21,0.9927278,1.2189,0.0095954,47.7800,1.0000000,191.1650,0.9968477,2.0000,0.1506088,3.6010,1.0000000,1.0000,1.0000000,1.0000,[],[],33
6.1765,20.6607,-19.5048,0.0090308,NCC1CCC(NC(=O)c2cnc(N3Cc4ccccc4C#Cc4ccccc43)nc2)CC1,1,C1#Cc2c(cccc2)CN(*)c2ccccc21|C1(CN)CCC(*)CC1,O=C(c1cnc([*])nc1)N[*],O=C(NC1CCCCC1)c1cnc(N2Cc3ccccc3C#Cc3ccccc32)nc1,0.9999866,-0.4245,0.1677392,68.8700,0.0000000,123.1150,0.9999319,1.0000,0.2471217,3.3871,1.0000000,1.0000,1.0000000,1.0000,[],[],33
10.9853,25.5991,45.7259,0.5572268,NCC1CCC(Nc2cc(Cl)cc(-n3cc(C(=O)N4Cc5ccccc5C#Cc5ccccc54)cn3)n2)CC1,1,C1#Cc2c(cccc2)CN(*)c2ccccc21|C1(CN)CCC(*)CC1,c1c(Cl)cc(-n2cc(C(=O)[*])cn2)nc1N[*],O=C(c1cnn(-c2cccc(NC3CCCCC3)n2)c1)N1Cc2ccccc2C#Cc2ccccc21,0.9895025,1.3154,0.2906455,73.8000,1.0000000,222.6350,0.9968477,2.0000,0.1434420,3.6209,1.0000000,1.0000,1.0000000,1.0000,[],[],33
6.0852,18.0062,-18.0062,0.0000000,NCC1CCC(Nc2cnc(C(=O)N3Cc4ccccc4C#Cc4ccccc43)cc2Cl)CC1,1,C1#Cc2c(cccc2)CN(*)c2ccccc21|C1(CN)CCC(*)CC1,c1(Cl)cc(C([*])=O)ncc1N[*],O=C(c1ccc(NC2CCCCC2)cn1)N1Cc2ccccc2C#Cc2ccccc21,0.9948249,1.1297,0.0305680,55.9800,1.0000000,156.5720,0.9999319,1.0000,0.2046409,3.4717,1.0000000,1.0000,1.0000000,1.0000,[],[],33
6.7693,20.7074,58.2672,0.6169890,NCC1CCC(Nc2ncc(Cl)c(-n3cc(C(=O)N4Cc5ccccc5C#Cc5ccccc54)cn3)n2)CC1,1,C1#Cc2c(cccc2)CN(*)c2ccccc21|C1(CN)CCC(*)CC1,c1c(Cl)c(-n2ncc(C(=O)[*])c2)nc(N[*])n1,O=C(c1cnn(-c2ccnc(NC3CCCCC3)n2)c1)N1Cc2ccccc2C#Cc2ccccc21,0.9989604,0.7104,0.7236758,86.6900,1.0000000,223.6230,0.9968477,2.0000,0.1409726,3.6279,1.0000000,1.0000,1.0000000,1.0000,[],[],33
8.0086,28.3526,42.4809,0.5533868,NCC1CCC(Nc2ccc(Cl)c(-c3cnc(N4Cc5ccccc5C#Cc5ccccc54)nn3)n2)CC1,1,C1#Cc2c(cccc2)CN(*)c2ccccc21|C1(CN)CCC(*)CC1,c1cc(Cl)c(-c2nnc([*])nc2)nc1N[*],C1#Cc2ccccc2N(c2ncc(-c3cccc(NC4CCCCC4)n3)nn2)Cc2ccccc21,0.9939830,1.1692,0.4138030,77.5800,1.0000000,207.6240,0.9999319,1.0000,0.1157651,3.7064,1.0000000,1.0000,1.0000000,1.0000,[],[],33
10.3153,30.9000,44.1885,0.5866290,Cn1c(NC2CCC(CN)CC2)nnc1C(=O)Nc1cnc(N2Cc3ccccc3C#Cc3ccccc32)nc1,1,C1#Cc2c(cccc2)CN(*)c2ccccc21|C1(CN)CCC(*)CC1,c1(C(=O)Nc2cnc([*])nc2)nnc(N[*])n1C,O=C(Nc1cnc(N2Cc3ccccc3C#Cc3ccccc32)nc1)c1nnc(NC2CCCCC2)[nH]1,0.9999921,-0.5604,0.9895334,111.6100,1.0000000,219.2080,0.9968477,2.0000,0.0964544,3.7773,1.0000000,1.0000,1.0000000,1.0000,[],[],33
30.3130,32.0253,32.2694,0.5023021,NCC1CCC(Nc2ccc(-c3nc4snnn4c3-c3ccnc(N4Cc5ccccc5C#Cc5ccccc54)n3)cc2F)CC1,1,C1#Cc2c(cccc2)CN(*)c2ccccc21|C1(CN)CCC(*)CC1,c1(F)cc(-c2c(-c3ccnc([*])n3)n3c(n2)snn3)ccc1N[*],C1#Cc2ccccc2N(c2nccc(-c3c(-c4ccc(NC5CCCCC5)cc4)nc4snnn34)n2)Cc2ccccc21,0.8580844,2.0311,0.8948628,94.8800,1.0000000,313.3210,0.9968477,2.0000,0.0597134,3.9578,1.0000000,1.0000,1.0000000,1.0000,[],[],33
7.6725,30.5132,51.0812,0.6374564,NCC1CCC(Nc2cnc(C(=O)Nc3cnc(N4Cc5ccccc5C#Cc5ccccc54)nc3)c(F)c2)CC1,1,C1#Cc2c(cccc2)CN(*)c2ccccc21|C1(CN)CCC(*)CC1,c1c(F)c(C(=O)Nc2cnc([*])nc2)ncc1N[*],O=C(Nc1cnc(N2Cc3ccccc3C#Cc3ccccc32)nc1)c1ccc(NC2CCCCC2)cn1,0.9982572,0.8452,0.8791643,93.7900,1.0000000,233.2060,0.9968477,2.0000,0.1477538,3.6088,1.0000000,1.0000,1.0000000,1.0000,[],[],33
11.2112,30.2261,49.1696,0.6202787,NCC1CCC(NC(=O)c2ccc(-c3cnc(N4Cc5ccccc5C#Cc5ccccc54)nc3)nc2F)CC1,1,C1#Cc2c(cccc2)CN(*)c2ccccc21|C1(CN)CCC(*)CC1,O=C(c1ccc(-c2cnc([*])nc2)nc1F)N[*],O=C(NC1CCCCC1)c1ccc(-c2cnc(N3Cc4ccccc4C#Cc4ccccc43)nc2)nc1,0.9986601,0.7766,0.5629848,81.7600,1.0000000,218.1910,0.9968477,2.0000,0.1636629,3.5667,1.0000000,1.0000,1.0000000,1.0000,[],[],33
6.5495,23.2355,55.5555,0.6155552,NCC1CCC(NC(=O)n2cnc(S(=O)(=O)N3Cc4ccccc4C#Cc4ccccc43)c2)CC1,1,C1#Cc2c(cccc2)CN(*)c2ccccc21|C1(CN)CCC(*)CC1,O=S(=O)([*])c1ncn(C(=O)N[*])c1,O=C(NC1CCCCC1)n1cnc(S(=O)(=O)N2Cc3ccccc3C#Cc3ccccc32)c1,0.9999993,-1.2198,0.8971425,95.0500,1.0000000,175.1690,0.9999319,1.0000,0.1248450,3.6766,1.0000000,1.0000,1.0000000,1.0000,[],[],33
20.5130,57.3899,-57.3899,0.0000000,C1(C(=O)Nc2ccc(C(=O)Nc3cnn(C)c3C(=O)[*])n2)CCN([*])C1,0,C1#Cc2c(cccc2)CN(*)c2ccccc21|C1(CN)CCC(*)CC1,C1(C(=O)Nc2ccc(C(=O)Nc3cnn(C)c3C(=O)[*])n2)CCN([*])C1,,0.0000000,0.0000,0.0000000,0.0000,0.0000000,0.0000,0.0000000,0.0000,0.0000000,0.0000,0.0000000,0.0000,0.0000000,0.0000,None,None,33
11.5440,17.6713,47.0944,0.5059822,NCC1CCC(c2nnn(-c3ccc(C(=O)N4Cc5ccccc5C#Cc5ccccc54)cc3)n2)CC1,1,C1#Cc2c(cccc2)CN(*)c2ccccc21|C1(CN)CCC(*)CC1,O=C([*])c1ccc(-n2nnc([*])n2)cc1,O=C(c1ccc(-n2nnc(C3CCCCC3)n2)cc1)N1Cc2ccccc2C#Cc2ccccc21,0.9995788,0.4748,0.0583150,60.6700,1.0000000,174.1630,0.9968477,2.0000,0.2073585,3.4659,1.0000000,1.0000,1.0000000,1.0000,[],[],33
21.8355,52.0788,-52.0788,0.0000000,c1(F)ccc(C(=O)Nc2cnc(Cl)c(C([*])=O)n2)cn1[*],0,C1#Cc2c(cccc2)CN(*)c2ccccc21|C1(CN)CCC(*)CC1,c1(F)ccc(C(=O)Nc2cnc(Cl)c(C([*])=O)n2)cn1[*],,0.0000000,0.0000,0.0000000,0.0000,0.0000000,0.0000,0.0000000,0.0000,0.0000000,0.0000,0.0000000,0.0000,0.0000000,0.0000,None,None,33
14.6632,25.9179,4.5955,0.2383863,NCC1CCC(Nc2cc(Cl)c(-c3nnc(N4Cc5ccccc5C#Cc5ccccc54)s3)c(Cl)c2)CC1,1,C1#Cc2c(cccc2)CN(*)c2ccccc21|C1(CN)CCC(*)CC1,c1c(Cl)c(-c2nnc([*])s2)c(Cl)cc1N[*],C1#Cc2ccccc2N(c2nnc(-c3ccc(NC4CCCCC4)cc3)s2)Cc2ccccc21,0.0927978,3.0941,0.0169848,51.8000,1.0000000,246.1220,0.9999319,1.0000,0.1504862,3.6013,1.0000000,1.0000,1.0000000,1.0000,[],[],33
5.7351,13.9020,-13.9020,0.0000000,NCC1CCC(Nc2nnc(S(=O)(=O)N3Cc4ccccc4C#Cc4ccccc43)s2)CC1,1,C1#Cc2c(cccc2)CN(*)c2ccccc21|C1(CN)CCC(*)CC1,O=S(=O)([*])c1nnc(N[*])s1,O=S(=O)(c1nnc(NC2CCCCC2)s1)N1Cc2ccccc2C#Cc2ccccc21,0.9999979,-0.9094,0.7015804,85.9400,1.0000000,165.1990,0.9999319,1.0000,0.1535591,3.5931,1.0000000,1.0000,1.0000000,1.0000,[],[],33
20.3374,34.5951,40.5934,0.5874096,NCC1CCC(Nc2ncn(C(=O)c3ccc(C(=O)N4Cc5ccccc5C#Cc5ccccc54)s3)n2)CC1,1,C1#Cc2c(cccc2)CN(*)c2ccccc21|C1(CN)CCC(*)CC1,c1n(C(=O)c2sc(C(=O)[*])cc2)nc(N[*])n1,O=C(c1ccc(C(=O)n2cnc(NC3CCCCC3)n2)s1)N1Cc2ccccc2C#Cc2ccccc21,0.9996549,0.4228,0.8269722,90.8700,1.0000000,222.2290,0.9968477,2.0000,0.1061644,3.7402,1.0000000,1.0000,1.0000000,1.0000,[],[],33
8.9454,22.6283,57.1701,0.6234255,NCC1CCC(Nc2nnnn2-c2ccc(N3Cc4ccccc4C#Cc4ccccc43)nn2)CC1,1,C1#Cc2c(cccc2)CN(*)c2ccccc21|C1(CN)CCC(*)CC1,[*]c1ccc(-n2nnnc2N[*])nn1,C1#Cc2ccccc2N(c2ccc(-n3nnnc3NC3CCCCC3)nn2)Cc2ccccc21,0.9999983,-0.9655,0.9016983,95.4000,1.0000000,163.1440,0.9999319,1.0000,0.1316888,3.6553,1.0000000,1.0000,1.0000000,1.0000,[],[],33
16.2227,27.0982,2.0885,0.2280208,NCC1CCC(Nc2ccc(C(=O)Nc3ccc(Cl)cc3C(=O)N3Cc4ccccc4C#Cc4ccccc43)c(Cl)c2)CC1,1,C1#Cc2c(cccc2)CN(*)c2ccccc21|C1(CN)CCC(*)CC1,c1c(Cl)c(C(Nc2ccc(Cl)cc2C(=O)[*])=O)ccc1N[*],O=C(Nc1ccccc1C(=O)N1Cc2ccccc2C#Cc2ccccc21)c1ccc(NC2CCCCC2)cc1,0.0124139,3.6404,0.2452795,72.1900,1.0000000,309.1520,0.8720069,3.0000,0.2753468,3.3362,1.0000000,1.0000,1.0000000,1.0000,[],[],33
6.3535,11.5487,-10.3943,0.0090192,NCC1CCC(Nc2ncc(C(=O)N3Cc4ccccc4C#Cc4ccccc43)cn2)CC1,1,C1#Cc2c(cccc2)CN(*)c2ccccc21|C1(CN)CCC(*)CC1,c1c(C([*])=O)cnc(N[*])n1,O=C(c1cnc(NC2CCCCC2)nc1)N1Cc2ccccc2C#Cc2ccccc21,0.9999585,-0.1287,0.1677392,68.8700,0.0000000,123.1150,0.9999319,1.0000,0.2457392,3.3896,1.0000000,1.0000,1.0000000,1.0000,[],[],33
9.8334,26.4067,42.2507,0.5363856,NCC1CCC(Nc2cnc(-c3nnc(N4Cc5ccccc5C#Cc5ccccc54)s3)c(Cl)n2)CC1,1,C1#Cc2c(cccc2)CN(*)c2ccccc21|C1(CN)CCC(*)CC1,n1c(Cl)c(-c2nnc([*])s2)ncc1N[*],C1#Cc2ccccc2N(c2nnc(-c3cnc(NC4CCCCC4)cn3)s2)Cc2ccccc21,0.9923935,1.2307,0.4138030,77.5800,1.0000000,213.6530,0.9999319,1.0000,0.1010754,3.7593,1.0000000,1.0000,1.0000000,1.0000,[],[],33
13.0307,32.2204,47.3590,0.6217136,NCC1CCC(Nc2ccc(Cl)c(C(=O)Nc3ccc(Cl)c(S(=O)(=O)N4Cc5ccccc5C#Cc5ccccc54)c3)n2)CC1,1,C1#Cc2c(cccc2)CN(*)c2ccccc21|C1(CN)CCC(*)CC1,c1cc(Cl)c(C(=O)Nc2ccc(Cl)c(S([*])(=O)=O)c2)nc1N[*],O=C(Nc1cccc(S(=O)(=O)N2Cc3ccccc3C#Cc3ccccc32)c1)c1cccc(NC2CCCCC2)n1,0.7644778,2.1932,0.9603665,102.1500,1.0000000,346.1950,0.8720069,3.0000,0.1865290,3.5117,1.0000000,1.0000,1.0000000,1.0000,[],[],33
7.9940,25.6699,39.5477,0.5095119,NCC1CCC(Nc2nc(-c3cnc(N4Cc5ccccc5C#Cc5ccccc54)nc3)ccc2Cl)CC1,1,C1#Cc2c(cccc2)CN(*)c2ccccc21|C1(CN)CCC(*)CC1,c1(Cl)ccc(-c2cnc([*])nc2)nc1N[*],C1#Cc2ccccc2N(c2ncc(-c3cccc(NC4CCCCC4)n3)cn2)Cc2ccccc21,0.9418796,1.7742,0.0994558,64.6900,1.0000000,206.6360,0.9999319,1.0000,0.1732588,3.5429,1.0000000,1.0000,1.0000000,1.0000,[],[],33
8.1701,26.1653,54.5339,0.6304619,NCC1CCC(Nc2nc(Cl)nc(-c3cnc(N4Cc5ccccc5C#Cc5ccccc54)nc3)n2)CC1,1,C1#Cc2c(cccc2)CN(*)c2ccccc21|C1(CN)CCC(*)CC1,c1(Cl)nc(-c2cnc([*])nc2)nc(N[*])n1,C1#Cc2ccccc2N(c2ncc(-c3ncnc(NC4CCCCC4)n3)cn2)Cc2ccccc21,0.9994065,0.5642,0.8185797,90.4700,1.0000000,208.6120,0.9999319,1.0000,0.1452957,3.6157,1.0000000,1.0000,1.0000000,1.0000,[],[],33
10.4080,21.0002,39.5550,0.4730877,NCC1CCC(c2nnn(-c3cc(C(=O)N4Cc5ccccc5C#Cc5ccccc54)ccc3Cl)n2)CC1,1,C1#Cc2c(cccc2)CN(*)c2ccccc21|C1(CN)CCC(*)CC1,c1(Cl)ccc(C(=O)[*])cc1-n1nnc([*])n1,O=C(c1cccc(-n2nnc(C3CCCCC3)n2)c1)N1Cc2ccccc2C#Cc2ccccc21,0.9948545,1.1282,0.0583150,60.6700,1.0000000,208.6080,0.9968477,2.0000,0.1549985,3.5892,1.0000000,1.0000,1.0000000,1.0000,[],[],33
9.0251,24.2669,55.1970,0.6208119,NCC1CCC(Nc2nc(-c3ccc(S(=O)(=O)N4Cc5ccccc5C#Cc5ccccc54)cc3)ccc2F)CC1,1,c1cccc2c1N(*)Cc1c(cccc1)C#C2|NCC1CCC(*)CC1,Fc1ccc(-c2ccc(S(=O)(=O)[*])cc2)nc1N[*],O=S(=O)(c1ccc(-c2cccc(NC3CCCCC3)n2)cc1)N1Cc2ccccc2C#Cc2ccccc21,0.9831619,1.4402,0.2689050,73.0500,1.0000000,252.2700,0.9968477,2.0000,0.2414535,3.3977,1.0000000,1.0000,1.0000000,1.0000,[],[],34
11.0054,23.3367,55.5742,0.6164910,NCC1CCC(Nc2cn(-c3ccc(Cl)c(S(=O)(=O)N4Cc5ccccc5C#Cc5ccccc54)c3)nn2)CC1,1,c1cccc2c1N(*)Cc1c(cccc1)C#C2|NCC1CCC(*)CC1,c1cc(Cl)c(S(=O)(=O)[*])cc1-n1cc(N[*])nn1,O=S(=O)(c1cccc(-n2cc(NC3CCCCC3)nn2)c1)N1Cc2ccccc2C#Cc2ccccc21,0.9995814,0.4732,0.8269722,90.8700,1.0000000,258.6900,0.9968477,2.0000,0.1313252,3.6564,1.0000000,1.0000,1.0000000,1.0000,[],[],34
20.2044,36.1178,46.9310,0.6488189,NCC1CCC(Nc2ccnc(C(=O)Nc3ccccc3S(=O)(=O)N3Cc4ccccc4C#Cc4ccccc43)n2)CC1,1,c1cccc2c1N(*)Cc1c(cccc1)C#C2|NCC1CCC(*)CC1,c1(C(Nc2ccccc2S([*])(=O)=O)=O)nc(N[*])ccn1,O=C(Nc1ccccc1S(=O)(=O)N1Cc2ccccc2C#Cc2ccccc21)c1nccc(NC2CCCCC2)n1,0.9997994,0.2814,0.9935849,115.0400,1.0000000,278.2930,0.8720069,3.0000,0.1691841,3.5529,1.0000000,1.0000,1.0000000,1.0000,[],[],34
10.1689,17.5582,60.5516,0.6102327,NCC1CCC(c2nnn(-c3ccc(S(=O)(=O)N4Cc5ccccc5C#Cc5ccccc54)cc3)n2)CC1,1,c1cccc2c1N(*)Cc1c(cccc1)C#C2|NCC1CCC(*)CC1,[*]S(=O)(=O)c1ccc(-n2nnc([*])n2)cc1,O=S(=O)(c1ccc(-n2nnc(C3CCCCC3)n2)cc1)N1Cc2ccccc2C#Cc2ccccc21,0.9999834,-0.3674,0.4193991,77.7400,1.0000000,210.2180,0.9968477,2.0000,0.1762412,3.5358,1.0000000,1.0000,1.0000000,1.0000,[],[],34
13.8044,31.1732,57.2952,0.6911591,Cc1ccc(S(=O)(=O)N2Cc3ccccc3C#Cc3ccccc32)cc1NC(=O)c1ccc(NC2CCC(CN)CC2)cn1,1,c1cccc2c1N(*)Cc1c(cccc1)C#C2|NCC1CCC(*)CC1,N(c1ccc(C(=O)Nc2c(C)ccc(S(=O)(=O)[*])c2)nc1)[*],O=C(Nc1cccc(S(=O)(=O)N2Cc3ccccc3C#Cc3ccccc32)c1)c1ccc(NC2CCCCC2)cn1,0.9933655,1.1948,0.9603665,102.1500,1.0000000,291.3320,0.8720069,3.0000,0.2287431,3.4223,1.0000000,1.0000,1.0000000,1.0000,[],[],34
14.3639,28.2887,47.3991,0.5913105,NCC1CCC(Nc2ncc(Cl)c(C(=O)Nc3ccc(Cl)c(C(=O)N4Cc5ccccc5C#Cc5ccccc54)c3)n2)CC1,1,c1cccc2c1N(*)Cc1c(cccc1)C#C2|NCC1CCC(*)CC1,c1c(Cl)c(C(=O)Nc2cc(C(=O)[*])c(Cl)cc2)nc(N[*])n1,O=C(Nc1cccc(C(=O)N2Cc3ccccc3C#Cc3ccccc32)c1)c1ccnc(NC2CCCCC2)n1,0.5663809,2.4304,0.9299610,97.9700,1.0000000,311.1280,0.8720069,3.0000,0.2052011,3.4705,1.0000000,1.0000,1.0000000,1.0000,[],[],34
10.5356,20.0578,29.2803,0.3854538,NCC1CCC(c2ncn(-c3ccc(C(=O)N4Cc5ccccc5C#Cc5ccccc54)c(Cl)c3)n2)CC1,1,c1cccc2c1N(*)Cc1c(cccc1)C#C2|NCC1CCC(*)CC1,c1c(C(=O)[*])c(Cl)cc(-n2cnc([*])n2)c1,O=C(c1ccc(-n2cnc(C3CCCCC3)n2)cc1)N1Cc2ccccc2C#Cc2ccccc21,0.9499175,1.7332,0.0095954,47.7800,1.0000000,207.6200,0.9968477,2.0000,0.1624782,3.5698,1.0000000,1.0000,1.0000000,1.0000,[],[],34
8.2396,26.4324,56.1731,0.6453559,NCC1CCC(Nc2ncc(Cl)c(-c3ccc(S(=O)(=O)N4Cc5ccccc5C#Cc5ccccc54)cn3)n2)CC1,1,c1cccc2c1N(*)Cc1c(cccc1)C#C2|NCC1CCC(*)CC1,c1c(Cl)c(-c2ncc(S(=O)(=O)[*])cc2)nc(N[*])n1,O=S(=O)(c1ccc(-c2ccnc(NC3CCCCC3)n2)nc1)N1Cc2ccccc2C#Cc2ccccc21,0.9988152,0.7445,0.9376057,98.8300,1.0000000,270.7010,0.9968477,2.0000,0.1509578,3.6001,1.0000000,1.0000,1.0000000,1.0000,[],[],34
10.8907,22.8349,48.0136,0.5535040,NCC1CCC(Nc2ncc(-c3cccc(C(=O)N4Cc5ccccc5C#Cc5ccccc54)n3)cc2F)CC1,1,c1cccc2c1N(*)Cc1c(cccc1)C#C2|NCC1CCC(*)CC1,Fc1cc(-c2cccc(C([*])=O)n2)cnc1N[*],O=C(c1cccc(-c2ccc(NC3CCCCC3)nc2)n1)N1Cc2ccccc2C#Cc2ccccc21,0.9591776,1.6774,0.1677392,68.8700,1.0000000,217.2030,0.9968477,2.0000,0.1891250,3.5058,1.0000000,1.0000,1.0000000,1.0000,[],[],34
11.1715,11.9149,60.9776,0.5694727,NCC1CCC(Oc2ccc(NS(=O)(=O)N3Cc4ccccc4C#Cc4ccccc43)cc2)CC1,1,c1cccc2c1N(*)Cc1c(cccc1)C#C2|NCC1CCC(*)CC1,O=S(=O)([*])Nc1ccc(O[*])cc1,O=S(=O)(Nc1ccc(OC2CCCCC2)cc1)N1Cc2ccccc2C#Cc2ccccc21,0.9997579,0.3305,0.1237707,66.4000,1.0000000,173.1930,0.9968477,2.0000,0.2393928,3.4016,1.0000000,1.0000,1.0000000,1.0000,[],[],34
16.7904,27.5199,52.8462,0.6278604,NCC1CCC(NC(=O)n2cc(-c3cccc(C(=O)N4Cc5ccccc5C#Cc5ccccc54)c3)cn2)CC1,1,c1cccc2c1N(*)Cc1c(cccc1)C#C2|NCC1CCC(*)CC1,n1cc(-c2cccc(C([*])=O)c2)cn1C(N[*])=O,O=C(c1cccc(-c2cnn(C(=O)NC3CCCCC3)c2)c1)N1Cc2ccccc2C#Cc2ccccc21,0.9904900,1.2894,0.4278323,77.9800,1.0000000,215.2120,0.9968477,2.0000,0.1996846,3.4823,1.0000000,1.0000,1.0000000,1.0000,[],[],34
10.9267,24.1422,55.7610,0.6242433,Cn1ncc(NC(=O)c2ccc(NC3CCC(CN)CC3)nn2)c1C(=O)N1Cc2ccccc2C#Cc2ccccc21,1,c1cccc2c1N(*)Cc1c(cccc1)C#C2|NCC1CCC(*)CC1,c1(C(=O)Nc2cnn(C)c2C([*])=O)nnc(N[*])cc1,O=C(Nc1cn[nH]c1C(=O)N1Cc2ccccc2C#Cc2ccccc21)c1ccc(NC2CCCCC2)nn1,0.9999607,-0.1429,0.9942374,115.7900,1.0000000,246.2300,0.8720069,3.0000,0.1426794,3.6230,1.0000000,1.0000,1.0000000,1.0000,[],[],34
12.3102,24.9134,32.8232,0.4510664,Cn1cc(-c2ccc(Cl)c(NC3CCC(CN)CC3)n2)cc1C(=O)N1Cc2ccccc2C#Cc2ccccc21,1,c1cccc2c1N(*)Cc1c(cccc1)C#C2|NCC1CCC(*)CC1,c1(Cl)ccc(-c2cn(C)c(C([*])=O)c2)nc1N[*],O=C(c1cc(-c2cccc(NC3CCCCC3)n2)c[nH]1)N1Cc2ccccc2C#Cc2ccccc21,0.8021794,2.1352,0.0602409,60.9100,1.0000000,235.6740,0.9968477,2.0000,0.1533468,3.5936,1.0000000,1.0000,1.0000000,1.0000,[],[],34
9.7957,21.7924,29.0078,0.3968768,NCC1CCC(Nc2ncc(Cl)c(-c3ccc(C(=O)N4Cc5ccccc5C#Cc5ccccc54)c(Cl)c3)n2)CC1,1,c1cccc2c1N(*)Cc1c(cccc1)C#C2|NCC1CCC(*)CC1,n1cc(Cl)c(-c2ccc(C(=O)[*])c(Cl)c2)nc1N[*],O=C(c1ccc(-c2ccnc(NC3CCCCC3)n2)cc1)N1Cc2ccccc2C#Cc2ccccc21,0.2100922,2.8451,0.1677392,68.8700,1.0000000,268.1030,0.9968477,2.0000,0.1997983,3.4821,1.0000000,1.0000,1.0000000,1.0000,[],[],34
24.0063,56.4468,-56.4468,0.0000000,c1c(Cl)c(-c2nc(C(=O)Nc3c(C)ccc(S(=O)(=O)N[*])c3)n2C)cnc1N[*],0,c1cccc2c1N(*)Cc1c(cccc1)C#C2|NCC1CCC(*)CC1,c1c(Cl)c(-c2nc(C(=O)Nc3c(C)ccc(S(=O)(=O)N[*])c3)n2C)cnc1N[*],,0.0000000,0.0000,0.0000000,0.0000,0.0000000,0.0000,0.0000000,0.0000,0.0000000,0.0000,0.0000000,0.0000,0.0000000,0.0000,None,None,34
18.9918,39.7525,27.8605,0.5282262,CN(C(=O)c1ccc(N2Cc3ccccc3C#Cc3ccccc32)nc1)C(=O)c1nc(C2CCC(CN)CC2)nn1C,1,c1cccc2c1N(*)Cc1c(cccc1)C#C2|NCC1CCC(*)CC1,c1(C(N(C(=O)c2ccc([*])nc2)C)=O)nc([*])nn1C,O=C(NC(=O)c1nc(C2CCCCC2)n[nH]1)c1ccc(N2Cc3ccccc3C#Cc3ccccc32)nc1,0.9998910,0.1225,0.5352001,80.9800,1.0000000,245.2420,0.9968477,2.0000,0.0826858,3.8361,1.0000000,1.0000,1.0000000,1.0000,[],[],34
10.2325,19.7665,17.2213,0.2889667,Cn1c(-c2ccc(C3CCC(CN)CC3)cc2Cl)nnc1N1Cc2ccccc2C#Cc2ccccc21,1,c1cccc2c1N(*)Cc1c(cccc1)C#C2|NCC1CCC(*)CC1,c1c(Cl)c(-c2nnc([*])n2C)ccc1[*],C1#Cc2ccccc2N(c2nnc(-c3ccc(C4CCCCC4)cc3)[nH]2)Cc2ccccc21,0.8019967,2.1355,0.0008299,30.7100,1.0000000,193.6370,0.9999319,1.0000,0.1836865,3.5182,1.0000000,1.0000,1.0000000,1.0000,[],[],34
9.0660,25.2178,34.9318,0.4699189,NCC1CCC(c2ccn(-c3cccnc3S(=O)(=O)N3Cc4ccccc4C#Cc4ccccc43)n2)CC1,1,c1cccc2c1N(*)Cc1c(cccc1)C#C2|NCC1CCC(*)CC1,[*]S(=O)(=O)c1ncccc1-n1ccc([*])n1,O=S(=O)(c1ncccc1-n1ccc(C2CCCCC2)n1)N1Cc2ccccc2C#Cc2ccccc21,0.9998305,0.2376,0.1015372,64.8500,1.0000000,209.2300,0.9968477,2.0000,0.1134740,3.7142,1.0000000,1.0000,1.0000000,1.0000,[],[],34
11.1731,25.2828,50.1523,0.5893366,NCC1CCC(NS(=O)(=O)c2c(F)cc(Cl)cc2-c2cnc(N3Cc4ccccc4C#Cc4ccccc43)nc2)CC1,1,c1cccc2c1N(*)Cc1c(cccc1)C#C2|NCC1CCC(*)CC1,Fc1cc(Cl)cc(-c2cnc([*])nc2)c1S(=O)(N[*])=O,O=S(=O)(NC1CCCCC1)c1ccccc1-c1cnc(N2Cc3ccccc3C#Cc3ccccc32)nc1,0.9711732,1.5835,0.7015804,85.9400,1.0000000,287.7030,0.9968477,2.0000,0.1203642,3.6910,1.0000000,1.0000,1.0000000,1.0000,[],[],34
11.1938,15.4327,46.6766,0.4852293,NCC1CCC(Oc2ccccc2S(=O)(=O)N2Cc3ccccc3C#Cc3ccccc32)CC1,1,c1cccc2c1N(*)Cc1c(cccc1)C#C2|NCC1CCC(*)CC1,O(c1c(S(=O)(=O)[*])cccc1)[*],O=S(=O)(c1ccccc1OC1CCCCC1)N1Cc2ccccc2C#Cc2ccccc21,0.9997262,0.3625,0.0244004,54.3700,1.0000000,158.1780,0.9999319,1.0000,0.2658360,3.3529,1.0000000,1.0000,1.0000000,1.0000,[],[],34
14.9784,27.8925,53.3046,0.6343527,NCC1CCC(NS(=O)(=O)c2cnccc2-c2ccc(S(=O)(=O)N3Cc4ccccc4C#Cc4ccccc43)c(Cl)c2)CC1,1,c1cccc2c1N(*)Cc1c(cccc1)C#C2|NCC1CCC(*)CC1,c1c(Cl)c(S(=O)([*])=O)ccc1-c1c(S(N[*])(=O)=O)cncc1,O=S(=O)(NC1CCCCC1)c1cnccc1-c1ccc(S(=O)(=O)N2Cc3ccccc3C#Cc3ccccc32)cc1,0.9966010,1.0197,0.9804101,107.1900,1.0000000,332.7900,0.8720069,3.0000,0.1547256,3.5899,1.0000000,1.0000,1.0000000,1.0000,[],[],34
18.4588,35.5584,43.0553,0.6141696,NCC1CCC(NC(=O)c2cnc(-c3ccc(Cl)c(C(=O)N4Cc5ccccc5C#Cc5ccccc54)n3)c(F)c2)CC1,1,c1cccc2c1N(*)Cc1c(cccc1)C#C2|NCC1CCC(*)CC1,O=C(c1cc(F)c(-c2ccc(Cl)c(C(=O)[*])n2)nc1)N[*],O=C(NC1CCCCC1)c1ccc(-c2cccc(C(=O)N3Cc4ccccc4C#Cc4ccccc43)n2)nc1,0.9244260,1.8475,0.7015804,85.9400,1.0000000,279.6580,0.8720069,3.0000,0.1710369,3.5484,1.0000000,1.0000,1.0000000,1.0000,[],[],34
10.6626,16.2518,66.9381,0.6499212,NCC1CCC(Nc2cc(-c3ccc(S(=O)(=O)N4Cc5ccccc5C#Cc5ccccc54)c(Cl)c3)ncn2)CC1,1,c1cccc2c1N(*)Cc1c(cccc1)C#C2|NCC1CCC(*)CC1,O=S(=O)([*])c1c(Cl)cc(-c2cc(N[*])ncn2)cc1,O=S(=O)(c1ccc(-c2cc(NC3CCCCC3)ncn2)cc1)N1Cc2ccccc2C#Cc2ccccc21,0.9880524,1.3495,0.7015804,85.9400,1.0000000,269.7130,0.9968477,2.0000,0.1819710,3.5222,1.0000000,1.0000,1.0000000,1.0000,[],[],34
11.7157,29.9860,58.0815,0.6880268,NCC1CCC(NC(=O)c2ccc(-c3ccccc3S(=O)(=O)N3Cc4ccccc4C#Cc4ccccc43)nc2)CC1,1,c1cccc2c1N(*)Cc1c(cccc1)C#C2|NCC1CCC(*)CC1,C(=O)(c1ccc(-c2c(S(=O)(=O)[*])cccc2)nc1)N[*],O=C(NC1CCCCC1)c1ccc(-c2ccccc2S(=O)(=O)N2Cc3ccccc3C#Cc3ccccc32)nc1,0.9984309,0.8178,0.8109792,90.1200,1.0000000,262.2900,0.8720069,3.0000,0.2427576,3.3952,1.0000000,1.0000,1.0000000,1.0000,[],[],34
12.5944,27.3283,25.5448,0.4130705,CC(C(=O)N1Cc2ccccc2C#Cc2ccccc21)n1cc(-c2ccc(Cl)c(NC3CCC(CN)CC3)n2)cn1,1,c1cccc2c1N(*)Cc1c(cccc1)C#C2|NCC1CCC(*)CC1,c1(Cl)ccc(-c2cn(C(C)C(=O)[*])nc2)nc1N[*],O=C(Cn1cc(-c2cccc(NC3CCCCC3)n2)cn1)N1Cc2ccccc2C#Cc2ccccc21,0.8953671,1.9406,0.2906455,73.8000,1.0000000,250.6890,0.8720069,3.0000,0.0479022,4.0387,1.0000000,1.0000,1.0000000,1.0000,[],[],34
18.6044,27.8535,50.4441,0.6117001,Cc1nc(C(=O)NC2CCC(CN)CC2)n(-c2cccc(C(=O)N3Cc4ccccc4C#Cc4ccccc43)n2)n1,1,c1cccc2c1N(*)Cc1c(cccc1)C#C2|NCC1CCC(*)CC1,n1(-c2cccc(C([*])=O)n2)nc(C)nc1C(N[*])=O,O=C(NC1CCCCC1)c1ncnn1-c1cccc(C(=O)N2Cc3ccccc3C#Cc3ccccc32)n1,0.9999567,-0.1179,0.9683035,103.7600,1.0000000,231.2150,0.8720069,3.0000,0.1322253,3.6537,1.0000000,1.0000,1.0000000,1.0000,[],[],34
10.7289,25.4319,49.4938,0.5853574,NCC1CCC(n2ncc(-c3ccc(S(=O)(=O)N4Cc5ccccc5C#Cc5ccccc54)nc3)n2)CC1,1,c1cccc2c1N(*)Cc1c(cccc1)C#C2|NCC1CCC(*)CC1,O=S(=O)([*])c1ccc(-c2cnn([*])n2)cn1,O=S(=O)(c1ccc(-c2cnn(C3CCCCC3)n2)cn1)N1Cc2ccccc2C#Cc2ccccc21,0.9999636,-0.1630,0.7751528,88.6000,1.0000000,210.2180,0.9968477,2.0000,0.1079466,3.7337,1.0000000,1.0000,1.0000000,1.0000,[],[],34
18.8933,26.6163,53.4300,0.6253620,NCC1CCC(NS(=O)(=O)c2cccc(-n3ccc(C(=O)N4Cc5ccccc5C#Cc5ccccc54)c3)c2)CC1,1,c1cccc2c1N(*)Cc1c(cccc1)C#C2|NCC1CCC(*)CC1,c1cc(-n2ccc(C(=O)[*])c2)cc(S(=O)(=O)N[*])c1,O=C(c1ccn(-c2cccc(S(=O)(=O)NC3CCCCC3)c2)c1)N1Cc2ccccc2C#Cc2ccccc21,0.9975211,0.9372,0.5770926,82.1600,1.0000000,250.2790,0.8720069,3.0000,0.1892194,3.5056,1.0000000,1.0000,1.0000000,1.0000,[],[],34
10.9835,14.5170,-13.7914,0.0056687,NCC1CCC(Oc2ccc(F)c(C(=O)N3Cc4ccccc4C#Cc4ccccc43)c2)CC1,1,c1cccc2c1N(*)Cc1c(cccc1)C#C2|NCC1CCC(*)CC1,c1c(F)c(C([*])=O)cc(O[*])c1,O=C(c1cccc(OC2CCCCC2)c1)N1Cc2ccccc2C#Cc2ccccc21,0.9883079,1.3438,0.0021395,37.3000,0.0000000,140.1130,0.9999319,1.0000,0.2853007,3.3191,1.0000000,1.0000,1.0000000,1.0000,[],[],34
11.9464,24.6639,60.4546,0.6649881,NCC1CCC(Nc2nccc(-c3cnc(C(=O)N4Cc5ccccc5C#Cc5ccccc54)cn3)n2)CC1,1,c1cccc2c1N(*)Cc1c(cccc1)C#C2|NCC1CCC(*)CC1,C([*])(c1ncc(-c2nc(N[*])ncc2)nc1)=O,O=C(c1cnc(-c2ccnc(NC3CCCCC3)n2)cn1)N1Cc2ccccc2C#Cc2ccccc21,0.9997599,0.3283,0.8917077,94.6500,1.0000000,201.1890,0.9968477,2.0000,0.1764444,3.5353,1.0000000,1.0000,1.0000000,1.0000,[],[],34
8.2103,13.6171,-13.6171,0.0000000,NCC1CCC(Nc2ccc(S(=O)(=O)N3Cc4ccccc4C#Cc4ccccc43)nn2)CC1,1,c1cccc2c1N(*)Cc1c(cccc1)C#C2|NCC1CCC(*)CC1,O=S([*])(c1nnc(N[*])cc1)=O,O=S(=O)(c1ccc(NC2CCCCC2)nn1)N1Cc2ccccc2C#Cc2ccccc21,0.9999983,-0.9709,0.7015804,85.9400,1.0000000,159.1700,0.9999319,1.0000,0.1604580,3.5749,1.0000000,1.0000,1.0000000,1.0000,[],[],34
9.0653,24.0967,49.4464,0.5745559,NCC1CCC(Nc2nc(-n3cc(C(=O)N4Cc5ccccc5C#Cc5ccccc54)cn3)ccc2F)CC1,1,c1cccc2c1N(*)Cc1c(cccc1)C#C2|NCC1CCC(*)CC1,c1(F)ccc(-n2ncc(C(=O)[*])c2)nc1N[*],O=C(c1cnn(-c2cccc(NC3CCCCC3)n2)c1)N1Cc2ccccc2C#Cc2ccccc21,0.9985282,0.8011,0.2906455,73.8000,1.0000000,206.1800,0.9968477,2.0000,0.1626499,3.5693,1.0000000,1.0000,1.0000000,1.0000,[],[],34
8.5349,17.0838,-17.0838,0.0000000,NCC1CCC(Nc2ncnc(-c3ccc(C(=O)N4Cc5ccccc5C#Cc5ccccc54)cc3)n2)CC1,1,N1(*)Cc2c(cccc2)C#Cc2c1cccc2|NCC1CCC(*)CC1,n1c(-c2ccc(C([*])=O)cc2)nc(N[*])nc1,O=C(c1ccc(-c2ncnc(NC3CCCCC3)n2)cc1)N1Cc2ccccc2C#Cc2ccccc21,0.9975579,0.9333,0.5629848,81.7600,1.0000000,200.2010,0.9968477,2.0000,0.2565583,3.3696,1.0000000,1.0000,1.0000000,1.0000,[],[],35
11.8537,23.9249,45.0593,0.5389393,NCC1CCC(Nc2ncncc2-c2ccc(C(=O)N3Cc4ccccc4C#Cc4ccccc43)s2)CC1,1,N1(*)Cc2c(cccc2)C#Cc2c1cccc2|NCC1CCC(*)CC1,c1(C(=O)[*])ccc(-c2cncnc2N[*])s1,O=C(c1ccc(-c2cncnc2NC2CCCCC2)s1)N1Cc2ccccc2C#Cc2ccccc21,0.9693694,1.5998,0.1677392,68.8700,1.0000000,205.2420,0.9968477,2.0000,0.1664189,3.5598,1.0000000,1.0000,1.0000000,1.0000,[],[],35
16.3977,37.6612,6.2933,0.3433946,CC(C(=O)N1Cc2ccccc2C#Cc2ccccc21)c1ccc(-c2cnc(C(=O)NC3CCC(CN)CC3)cn2)cc1,1,N1(*)Cc2c(cccc2)C#Cc2c1cccc2|NCC1CCC(*)CC1,O=C(c1cnc(-c2ccc(C(C)C([*])=O)cc2)cn1)N[*],O=C(NC1CCCCC1)c1cnc(-c2ccc(CC(=O)N3Cc4ccccc4C#Cc4ccccc43)cc2)cn1,0.9750431,1.5449,0.7015804,85.9400,1.0000000,255.2770,0.1279931,4.0000,0.0706254,3.8954,1.0000000,1.0000,1.0000000,1.0000,[],[],35
9.8118,28.1055,53.9203,0.6408262,NCC1CCC(NC(=O)c2ccc(-c3cccc(C(=O)N4Cc5ccccc5C#Cc5ccccc54)n3)cc2)CC1,1,N1(*)Cc2c(cccc2)C#Cc2c1cccc2|NCC1CCC(*)CC1,O=C(c1ccc(-c2nc(C([*])=O)ccc2)cc1)N[*],O=C(NC1CCCCC1)c1ccc(-c2cccc(C(=O)N3Cc4ccccc4C#Cc4ccccc43)n2)cc1,0.9617135,1.6600,0.2689050,73.0500,1.0000000,226.2350,0.8720069,3.0000,0.3201430,3.2617,1.0000000,1.0000,1.0000000,1.0000,[],[],35
11.1511,23.1359,32.2720,0.4328741,NCC1CCC(c2ncnc(-c3ccc(C(=O)N4Cc5ccccc5C#Cc5ccccc54)s3)n2)CC1,1,N1(*)Cc2c(cccc2)C#Cc2c1cccc2|NCC1CCC(*)CC1,c1(C([*])=O)ccc(-c2ncnc([*])n2)s1,O=C(c1ccc(-c2ncnc(C3CCCCC3)n2)s1)N1Cc2ccccc2C#Cc2ccccc21,0.9848285,1.4126,0.0295609,55.7400,1.0000000,191.2150,0.9968477,2.0000,0.1487665,3.6060,1.0000000,1.0000,1.0000000,1.0000,[],[],35
9.4682,23.1516,66.6993,0.7019604,NCC1CCC(NC(=O)c2ccc(NC(=O)N3Cc4ccccc4C#Cc4ccccc43)nc2)CC1,1,N1(*)Cc2c(cccc2)C#Cc2c1cccc2|NCC1CCC(*)CC1,O=C(c1cnc(NC([*])=O)cc1)N[*],O=C(NC1CCCCC1)c1ccc(NC(=O)N2Cc3ccccc3C#Cc3ccccc32)nc1,0.9999740,-0.2512,0.6750402,85.0800,1.0000000,165.1520,0.8720069,3.0000,0.2901710,3.3108,1.0000000,1.0000,1.0000000,1.0000,[],[],35
9.0255,25.0388,57.1736,0.6422842,NCC1CCC(Nc2nccc(C(=O)Nc3ccc(C(=O)N4Cc5ccccc5C#Cc5ccccc54)nn3)n2)CC1,1,N1(*)Cc2c(cccc2)C#Cc2c1cccc2|NCC1CCC(*)CC1,c1(C(=O)Nc2ccc(C([*])=O)nn2)nc(N[*])ncc1,O=C(Nc1ccc(C(=O)N2Cc3ccccc3C#Cc3ccccc32)nn1)c1ccnc(NC2CCCCC2)n1,0.9999511,-0.0864,0.9981599,123.7500,1.0000000,244.2140,0.8720069,3.0000,0.1614184,3.5725,1.0000000,1.0000,1.0000000,1.0000,[],[],35
5.5305,30.0178,56.4592,0.6756017,NCC1CCC(NC(=O)c2cnc(-c3cnc(N4Cc5ccccc5C#Cc5ccccc54)nc3)nc2)CC1,1,N1(*)Cc2c(cccc2)C#Cc2c1cccc2|NCC1CCC(*)CC1,O=C(c1cnc(-c2cnc([*])nc2)nc1)N[*],O=C(NC1CCCCC1)c1cnc(-c2cnc(N3Cc4ccccc4C#Cc4ccccc43)nc2)nc1,0.9999228,0.0325,0.8917077,94.6500,1.0000000,201.1890,0.9968477,2.0000,0.1891453,3.5057,1.0000000,1.0000,1.0000000,1.0000,[],[],35
13.7530,29.5419,15.7412,0.3537738,Cc1ccc(C(=O)N2Cc3ccccc3C#Cc3ccccc32)cc1-c1cnc(C2CCC(CN)CC2)cn1,1,N1(*)Cc2c(cccc2)C#Cc2c1cccc2|NCC1CCC(*)CC1,n1cc(-c2cc(C(=O)[*])ccc2C)ncc1[*],O=C(c1cccc(-c2cnc(C3CCCCC3)cn2)c1)N1Cc2ccccc2C#Cc2ccccc21,0.7117068,2.2645,0.0047431,42.8500,1.0000000,198.2250,0.9968477,2.0000,0.2114930,3.4572,1.0000000,1.0000,1.0000000,1.0000,[],[],35
15.3094,36.7227,-36.7227,0.0000000,O=C(N1CCC(N(c2ccc(C([*])=O)nc2)C)C1)=O)[*],0,N1(*)Cc2c(cccc2)C#Cc2c1cccc2|NCC1CCC(*)CC1,O=C(N1CCC(N(c2ccc(C([*])=O)nc2)C)C1)=O)[*],,0.0000000,0.0000,0.0000000,0.0000,0.0000000,0.0000,0.0000000,0.0000,0.0000000,0.0000,0.0000000,0.0000,0.0000000,0.0000,None,None,35
5.8900,21.3530,63.6411,0.6640165,NCC1CCC(Nc2ncc(-c3ccc(C(=O)N4Cc5ccccc5C#Cc5ccccc54)cn3)cn2)CC1,1,N1(*)Cc2c(cccc2)C#Cc2c1cccc2|NCC1CCC(*)CC1,[*]C(c1ccc(-c2cnc(N[*])nc2)nc1)=O,O=C(c1ccc(-c2cnc(NC3CCCCC3)nc2)nc1)N1Cc2ccccc2C#Cc2ccccc21,0.9975579,0.9333,0.5629848,81.7600,1.0000000,200.2010,0.9968477,2.0000,0.2211233,3.4375,1.0000000,1.0000,1.0000000,1.0000,[],[],35
15.1655,29.5981,55.1594,0.6621685,Cc1ccc(C(=O)N2Cc3ccccc3C#Cc3ccccc32)cc1-n1nnnc1NC1CCC(CN)CC1,1,N1(*)Cc2c(cccc2)C#Cc2c1cccc2|NCC1CCC(*)CC1,O=C([*])c1cc(-n2nnnc2N[*])c(C)cc1,O=C(c1cccc(-n2nnnc2NC2CCCCC2)c1)N1Cc2ccccc2C#Cc2ccccc21,0.9997231,0.3654,0.7236758,86.6900,1.0000000,203.2050,0.9968477,2.0000,0.1922400,3.4988,1.0000000,1.0000,1.0000000,1.0000,[],[],35
8.7838,28.0838,45.8402,0.5775318,Cn1c(NC2CCC(CN)CC2)nnc1-c1ccc(C(=O)N2Cc3ccccc3C#Cc3ccccc32)c(Cl)c1,1,N1(*)Cc2c(cccc2)C#Cc2c1cccc2|NCC1CCC(*)CC1,c1c(Cl)c(C(=O)[*])ccc1-c1nnc(N[*])n1C,O=C(c1ccc(-c2nnc(NC3CCCCC3)[nH]2)cc1)N1Cc2ccccc2C#Cc2ccccc21,0.9763797,1.5302,0.2906455,73.8000,1.0000000,236.6620,0.9968477,2.0000,0.1701639,3.5505,1.0000000,1.0000,1.0000000,1.0000,[],[],35
7.9868,24.9338,61.9769,0.6789895,NCC1CCC(Nc2cnc(C(=O)Nc3ccc(N4Cc5ccccc5C#Cc5ccccc54)nc3)cn2)CC1,1,N1(*)Cc2c(cccc2)C#Cc2c1cccc2|NCC1CCC(*)CC1,c1(C(=O)Nc2cnc([*])cc2)ncc(N[*])nc1,O=C(Nc1ccc(N2Cc3ccccc3C#Cc3ccccc32)nc1)c1cnc(NC2CCCCC2)cn1,0.9989774,0.7061,0.8791643,93.7900,1.0000000,215.2160,0.9968477,2.0000,0.1949130,3.4928,1.0000000,1.0000,1.0000000,1.0000,[],[],35
9.8467,32.3585,55.1940,0.6840034,NCC1CCC(NC(=O)c2ccc(-c3ccc(C(=O)N4Cc5ccccc5C#Cc5ccccc54)nc3)nc2)CC1,1,N1(*)Cc2c(cccc2)C#Cc2c1cccc2|NCC1CCC(*)CC1,O=C(c1cnc(-c2cnc(C([*])=O)cc2)cc1)N[*],O=C(NC1CCCCC1)c1ccc(-c2ccc(C(=O)N3Cc4ccccc4C#Cc4ccccc43)nc2)nc1,0.9961098,1.0550,0.7015804,85.9400,1.0000000,227.2230,0.8720069,3.0000,0.2549427,3.3726,1.0000000,1.0000,1.0000000,1.0000,[],[],35
8.8106,32.8171,46.7376,0.6215211,NCC1CCC(n2cnc(C(=O)Nc3ccc(C(=O)N4Cc5ccccc5C#Cc5ccccc54)nc3)c2)CC1,1,N1(*)Cc2c(cccc2)C#Cc2c1cccc2|NCC1CCC(*)CC1,c1c(C(=O)Nc2cnc(C(=O)[*])cc2)ncn1[*],O=C(Nc1ccc(C(=O)N2Cc3ccccc3C#Cc3ccccc32)nc1)c1cn(C2CCCCC2)cn1,0.9980872,0.8695,0.7528509,87.7400,1.0000000,216.2000,0.8720069,3.0000,0.1611442,3.5732,1.0000000,1.0000,1.0000000,1.0000,[],[],35
8.9360,17.4679,35.1178,0.4108264,NCC1CCC(c2ncn(-c3ccc(C(=O)N4Cc5ccccc5C#Cc5ccccc54)cc3)n2)CC1,1,N1(*)Cc2c(cccc2)C#Cc2c1cccc2|NCC1CCC(*)CC1,c1(C(=O)[*])ccc(-n2cnc([*])n2)cc1,O=C(c1ccc(-n2cnc(C3CCCCC3)n2)cc1)N1Cc2ccccc2C#Cc2ccccc21,0.9957230,1.0798,0.0095954,47.7800,1.0000000,173.1750,0.9968477,2.0000,0.2051921,3.4705,1.0000000,1.0000,1.0000000,1.0000,[],[],35
20.6066,41.1182,-2.0128,0.3055107,NCC1CCC(Nc2cnc(N3C(=O)C(C(=O)N4Cc5ccccc5C#Cc5ccccc54)C4OCC43)cn2)CC1,1,N1(*)Cc2c(cccc2)C#Cc2c1cccc2|NCC1CCC(*)CC1,O1CC2C1C(C(=O)[*])C(=O)N2c1ncc(N[*])nc1,O=C(C1C(=O)N(c2cnc(NC3CCCCC3)cn2)C2COC12)N1Cc2ccccc2C#Cc2ccccc21,0.9999986,-1.0121,0.9339747,98.4100,1.0000000,234.2150,0.9968477,2.0000,0.0056258,4.7979,1.0000000,1.0000,1.0000000,1.0000,[],[],35
5.8900,21.3530,-21.3530,0.0000000,NCC1CCC(Nc2ncc(-c3ccc(C(=O)N4Cc5ccccc5C#Cc5ccccc54)cn3)cn2)CC1,2,N1(*)Cc2c(cccc2)C#Cc2c1cccc2|NCC1CCC(*)CC1,[*]C(c1ccc(-c2cnc(N[*])nc2)nc1)=O,O=C(c1ccc(-c2cnc(NC3CCCCC3)nc2)nc1)N1Cc2ccccc2C#Cc2ccccc21,0.0000000,0.9333,0.0000000,81.7600,0.0000000,200.2010,0.0000000,2.0000,0.0000000,3.4375,0.0000000,1.0000,0.0000000,1.0000,[],[],35
19.6289,31.7147,54.8419,0.6762237,NCC1CCC(Nc2cc(C(=O)Nc3ccc(C(=O)N4Cc5ccccc5C#Cc5ccccc54)nn3)ccc2F)CC1,1,N1(*)Cc2c(cccc2)C#Cc2c1cccc2|NCC1CCC(*)CC1,N(c1cc(C(=O)Nc2ccc(C([*])=O)nn2)ccc1F)[*],O=C(Nc1ccc(C(=O)N2Cc3ccccc3C#Cc3ccccc32)nn1)c1cccc(NC2CCCCC2)c1,0.9914082,1.2627,0.9299610,97.9700,1.0000000,260.2280,0.8720069,3.0000,0.2115656,3.4571,1.0000000,1.0000,1.0000000,1.0000,[],[],35
11.6027,22.0050,58.7591,0.6309690,Cn1nc(C(=O)N2Cc3ccccc3C#Cc3ccccc32)cc1-c1cnc(NC2CCC(CN)CC2)nc1,1,N1(*)Cc2c(cccc2)C#Cc2c1cccc2|NCC1CCC(*)CC1,n1c(C(=O)[*])cc(-c2cnc(N[*])nc2)n1C,O=C(c1cc(-c2cnc(NC3CCCCC3)nc2)[nH]n1)N1Cc2ccccc2C#Cc2ccccc21,0.9998067,0.2718,0.7236758,86.6900,1.0000000,203.2050,0.9968477,2.0000,0.1554466,3.5880,1.0000000,1.0000,1.0000000,1.0000,[],[],35
10.2257,23.5851,60.6295,0.6579266,NCC1CCC(Nc2nccc(-c3cncc(C(=O)N4Cc5ccccc5C#Cc5ccccc54)c3)n2)CC1,1,N1(*)Cc2c(cccc2)C#Cc2c1cccc2|NCC1CCC(*)CC1,c1c(-c2cncc(C([*])=O)c2)nc(N[*])nc1,O=C(c1cncc(-c2ccnc(NC3CCCCC3)n2)c1)N1Cc2ccccc2C#Cc2ccccc21,0.9975579,0.9333,0.5629848,81.7600,1.0000000,200.2010,0.9968477,2.0000,0.2123383,3.4554,1.0000000,1.0000,1.0000000,1.0000,[],[],35
13.4375,25.4664,-2.5625,0.1789370,NCC1CCC(C=Cc2ccc(Cl)cc2C(=O)N2Cc3ccccc3C#Cc3ccccc32)CC1,1,N1(*)Cc2c(cccc2)C#Cc2c1cccc2|NCC1CCC(*)CC1,c1c(Cl)cc(C([*])=O)c(C=C[*])c1,O=C(c1ccccc1C=CC1CCCCC1)N1Cc2ccccc2C#Cc2ccccc21,0.2434193,2.7955,0.0001166,17.0700,1.0000000,166.6070,0.9968477,2.0000,0.1964930,3.4893,1.0000000,1.0000,1.0000000,1.0000,[],[],35
10.0977,24.1599,37.0365,0.4780975,NCC1CCC(NCc2nccn2-c2cc(C(=O)N3Cc4ccccc4C#Cc4ccccc43)ccc2Cl)CC1,1,N1(*)Cc2c(cccc2)C#Cc2c1cccc2|NCC1CCC(*)CC1,c1(Cl)ccc(C([*])=O)cc1-n1ccnc1CN[*],O=C(c1cccc(-n2ccnc2CNC2CCCCC2)c1)N1Cc2ccccc2C#Cc2ccccc21,0.9369230,1.7969,0.0602409,60.9100,1.0000000,235.6740,0.8720069,3.0000,0.1913176,3.5008,1.0000000,1.0000,1.0000000,1.0000,[],[],35
6.6048,27.1539,59.2198,0.6747950,NCC1CCC(Nc2ncc(-c3ncc(C(=O)N4Cc5ccccc5C#Cc5ccccc54)cn3)cn2)CC1,1,N1(*)Cc2c(cccc2)C#Cc2c1cccc2|NCC1CCC(*)CC1,O=C([*])c1cnc(-c2cnc(N[*])nc2)nc1,O=C(c1cnc(-c2cnc(NC3CCCCC3)nc2)nc1)N1Cc2ccccc2C#Cc2ccccc21,0.9997599,0.3283,0.8917077,94.6500,1.0000000,201.1890,0.9968477,2.0000,0.1881842,3.5079,1.0000000,1.0000,1.0000000,1.0000,[],[],35
9.2979,20.1246,-19.1361,0.0077223,NCC1CCC(NC(=O)c2ccc(N3Cc4ccccc4C#Cc4ccccc43)cn2)CC1,1,N1(*)Cc2c(cccc2)C#Cc2c1cccc2|NCC1CCC(*)CC1,[*]c1ccc(C(N[*])=O)nc1,O=C(NC1CCCCC1)c1ccc(N2Cc3ccccc3C#Cc3ccccc32)cn1,0.9998638,0.1805,0.0305680,55.9800,0.0000000,122.1270,0.9999319,1.0000,0.2907677,3.3098,1.0000000,1.0000,1.0000000,1.0000,[],[],35
6.9981,25.2975,57.9114,0.6500701,NCC1CCC(Nc2ncnc(-c3ccc(C(=O)N4Cc5ccccc5C#Cc5ccccc54)c(Cl)c3)n2)CC1,1,N1(*)Cc2c(cccc2)C#Cc2c1cccc2|NCC1CCC(*)CC1,c1c(Cl)c(C(=O)[*])ccc1-c1ncnc(N[*])n1,O=C(c1ccc(-c2ncnc(NC3CCCCC3)n2)cc1)N1Cc2ccccc2C#Cc2ccccc21,0.9708274,1.5867,0.5629848,81.7600,1.0000000,234.6460,0.9968477,2.0000,0.2069514,3.4667,1.0000000,1.0000,1.0000000,1.0000,[],[],35
11.0014,28.1594,45.4569,0.5751271,NCC1CCC(Cn2ccnc2C(=O)Nc2ccc(C(=O)N3Cc4ccccc4C#Cc4ccccc43)nc2)CC1,1,N1(*)Cc2c(cccc2)C#Cc2c1cccc2|NCC1CCC(*)CC1,c1(C(=O)Nc2ccc(C([*])=O)nc2)nccn1C[*],O=C(Nc1ccc(C(=O)N2Cc3ccccc3C#Cc3ccccc32)nc1)c1nccn1CC1CCCCC1,0.9980095,0.8799,0.3895975,76.8800,1.0000000,230.2270,0.8720069,3.0000,0.1592392,3.5781,1.0000000,1.0000,1.0000000,1.0000,[],[],35
7.3020,19.6689,55.7181,0.5889614,NCC1CCC(NC(=O)c2ccc(C(=O)N3Cc4ccccc4C#Cc4ccccc43)nc2)CC1,1,N1(*)Cc2c(cccc2)C#Cc2c1cccc2|NCC1CCC(*)CC1,O=C(c1ccc(C([*])=O)nc1)N[*],O=C(NC1CCCCC1)c1ccc(C(=O)N2Cc3ccccc3C#Cc3ccccc32)nc1,0.9999337,-0.0070,0.2689050,73.0500,0.6161311,150.1370,0.9968477,2.0000,0.3056134,3.2851,1.0000000,1.0000,1.0000000,1.0000,[],[],35
12.3623,23.8309,59.6555,0.6522375,NCC1CCC(Nc2ncc(C(=O)Nc3ccc(C(=O)N4Cc5ccccc5C#Cc5ccccc54)nc3)s2)CC1,1,N1(*)Cc2c(cccc2)C#Cc2c1cccc2|NCC1CCC(*)CC1,c1(C(Nc2ccc(C([*])=O)nc2)=O)sc(N[*])nc1,O=C(Nc1ccc(C(=O)N2Cc3ccccc3C#Cc3ccccc32)nc1)c1cnc(NC2CCCCC2)s1,0.9936069,1.1851,0.9299610,97.9700,1.0000000,248.2670,0.8720069,3.0000,0.1800821,3.5266,1.0000000,1.0000,1.0000000,1.0000,[],[],35
14.2393,37.1032,-37.1032,0.0000000,c1c(Cl)c(-c2ccc(C([*])=O)c(C)n2)ncn1[*],0,N1(*)Cc2c(cccc2)C#Cc2c1cccc2|NCC1CCC(*)CC1,c1c(Cl)c(-c2ccc(C([*])=O)c(C)n2)ncn1[*],,0.0000000,0.0000,0.0000000,0.0000,0.0000000,0.0000,0.0000000,0.0000,0.0000000,0.0000,0.0000000,0.0000,0.0000000,0.0000,None,None,35
12.4254,32.3410,-32.3410,0.0000000,c1(Cl)cc(C(=O)Nc2ccc(C([*])=O)nc2)n(C)n1[*],0,N1(*)Cc2c(cccc2)C#Cc2c1cccc2|NCC1CCC(*)CC1,c1(Cl)cc(C(=O)Nc2ccc(C([*])=O)nc2)n(C)n1[*],,0.0000000,0.0000,0.0000000,0.0000,0.0000000,0.0000,0.0000000,0.0000,0.0000000,0.0000,0.0000000,0.0000,0.0000000,0.0000,None,None,35
14.9324,31.9545,25.2158,0.4466428,NCC1CCC(Nc2nccc(C(=O)Nc3ccc(CC(=O)N4Cc5ccccc5C#Cc5ccccc54)cn3)n2)CC1,1,c12ccccc1C#Cc1ccccc1N(*)C2|C(C1CCC(*)CC1)N,c1cc(C(=O)Nc2ccc(CC(=O)[*])cn2)nc(N[*])n1,O=C(Nc1ccc(CC(=O)N2Cc3ccccc3C#Cc3ccccc32)cn1)c1ccnc(NC2CCCCC2)n1,0.9996207,0.4475,0.9883544,110.8600,1.0000000,257.2530,0.1279931,4.0000,0.1845295,3.5163,1.0000000,1.0000,1.0000000,1.0000,[],[],36
14.2667,32.5595,52.8611,0.6673481,NCC1CCC(Oc2cccnc2C(=O)Nc2ccc(C(=O)N3Cc4ccccc4C#Cc4ccccc43)cn2)CC1,1,c12ccccc1C#Cc1ccccc1N(*)C2|C(C1CCC(*)CC1)N,O(c1c(C(=O)Nc2ccc(C(=O)[*])cn2)nccc1)[*],O=C(Nc1ccc(C(=O)N2Cc3ccccc3C#Cc3ccccc32)cn1)c1ncccc1OC1CCCCC1,0.9919065,1.2470,0.8523110,92.1800,1.0000000,243.2220,0.8720069,3.0000,0.2084073,3.4637,1.0000000,1.0000,1.0000000,1.0000,[],[],36
15.2793,34.5820,18.7142,0.4163764,NCC1CCC(Nc2cnc(-n3nccc3C(=O)Nc3ccc(C(=O)N4Cc5ccccc5C#Cc5ccccc54)cc3)cn2)CC1,1,c12ccccc1C#Cc1ccccc1N(*)C2|C(C1CCC(*)CC1)N,c1cc(C(=O)Nc2ccc(C(=O)[*])cc2)n(-c2ncc(N[*])nc2)n1,O=C(Nc1ccc(C(=O)N2Cc3ccccc3C#Cc3ccccc32)cc1)c1ccnn1-c1cnc(NC2CCCCC2)cn1,0.9897429,1.3093,0.9942374,115.7900,1.0000000,308.3010,0.1279931,4.0000,0.1364594,3.6410,1.0000000,1.0000,1.0000000,1.0000,[],[],36
16.1439,30.4887,39.1160,0.5437868,CN(C)c1cc(C(=O)N2Cc3ccccc3C#Cc3ccccc32)ccc1C(=O)NC1CCC(CN)CC1,1,c12ccccc1C#Cc1ccccc1N(*)C2|C(C1CCC(*)CC1)N,CN(c1cc(C(=O)[*])ccc1C(N[*])=O)C,O=C(NC1CCCCC1)c1ccc(C(=O)N2Cc3ccccc3C#Cc3ccccc32)cc1,0.9991298,0.6640,0.0840206,63.4000,1.0000000,192.2180,0.8720069,3.0000,0.2676721,3.3497,1.0000000,1.0000,1.0000000,1.0000,[],[],36
9.5659,14.0779,48.8616,0.4917149,COc1cc(C(=O)N2Cc3ccccc3C#Cc3ccccc32)ccc1NC1CCC(CN)CC1,1,c12ccccc1C#Cc1ccccc1N(*)C2|C(C1CCC(*)CC1)N,O(c1cc(C(=O)[*])ccc1N[*])C,O=C(c1ccc(NC2CCCCC2)cc1)N1Cc2ccccc2C#Cc2ccccc21,0.9955547,1.0899,0.0182805,52.3200,0.9824284,151.1650,0.9968477,2.0000,0.3337438,3.2402,1.0000000,1.0000,1.0000000,1.0000,[],[],36
11.3516,27.0488,53.4194,0.6286579,Cc1ncc(C(=O)N2Cc3ccccc3C#Cc3ccccc32)cc1-c1cnnc(NC2CCC(CN)CC2)n1,1,c12ccccc1C#Cc1ccccc1N(*)C2|C(C1CCC(*)CC1)N,n1cc(-c2cc(C([*])=O)cnc2C)nc(N[*])n1,O=C(c1cncc(-c2cnnc(NC3CCCCC3)n2)c1)N1Cc2ccccc2C#Cc2ccccc21,0.9992162,0.6367,0.8917077,94.6500,1.0000000,215.2160,0.9968477,2.0000,0.1378753,3.6369,1.0000000,1.0000,1.0000000,1.0000,[],[],36
9.5010,23.5971,60.5112,0.6570967,NCC1CCC(Nc2nccc(-c3cccc(C(=O)N4Cc5ccccc5C#Cc5ccccc54)n3)n2)CC1,1,c12ccccc1C#Cc1ccccc1N(*)C2|C(C1CCC(*)CC1)N,c1c(-c2nc(C([*])=O)ccc2)nc(N[*])nc1,O=C(c1cccc(-c2ccnc(NC3CCCCC3)n2)n1)N1Cc2ccccc2C#Cc2ccccc21,0.9975579,0.9333,0.5629848,81.7600,1.0000000,200.2010,0.9968477,2.0000,0.2111623,3.4579,1.0000000,1.0000,1.0000000,1.0000,[],[],36
11.6372,33.1934,46.1152,0.6195984,CN(C(=O)c1cnc(NC2CCC(CN)CC2)cn1)c1ccc(C(=O)N2Cc3ccccc3C#Cc3ccccc32)cn1,1,c12ccccc1C#Cc1ccccc1N(*)C2|C(C1CCC(*)CC1)N,c1c(C(=O)N(c2ccc(C(=O)[*])cn2)C)ncc(N[*])n1,O=C(Nc1ccc(C(=O)N2Cc3ccccc3C#Cc3ccccc32)cn1)c1cnc(NC2CCCCC2)cn1,0.9994531,0.5429,0.9599260,102.0700,1.0000000,257.2530,0.8720069,3.0000,0.1405842,3.6290,1.0000000,1.0000,1.0000000,1.0000,[],[],36
8.8444,18.6462,30.1919,0.3815478,NCC1CCC(Nc2ccc(C(=O)N3Cc4ccccc4C#Cc4ccccc43)c(C(F)(F)F)c2)CC1,1,c12ccccc1C#Cc1ccccc1N(*)C2|C(C1CCC(*)CC1)N,c1c(C(F)(F)F)c(C(=O)[*])ccc1N[*],O=C(c1ccc(NC2CCCCC2)cc1)N1Cc2ccccc2C#Cc2ccccc21,0.8226889,2.1001,0.0049089,43.0900,1.0000000,189.1360,0.9999319,1.0000,0.2500994,3.3815,1.0000000,1.0000,1.0000000,1.0000,[],[],36
13.0744,31.2905,19.0992,0.3936694,NCC1CCC(Nc2cc(Cl)cc(C(=O)Nc3ccc(Cl)cc3C(=O)N3Cc4ccccc4C#Cc4ccccc43)n2)CC1,1,c12ccccc1C#Cc1ccccc1N(*)C2|C(C1CCC(*)CC1)N,c1c(Cl)cc(C(Nc2ccc(Cl)cc2C([*])=O)=O)nc1N[*],O=C(Nc1ccccc1C(=O)N1Cc2ccccc2C#Cc2ccccc21)c1cccc(NC2CCCCC2)n1,0.1135811,3.0354,0.6750402,85.0800,1.0000000,310.1400,0.8720069,3.0000,0.2005121,3.4805,1.0000000,1.0000,1.0000000,1.0000,[],[],36
11.2817,29.0120,44.3306,0.5729892,NCC1CCC(NC(=O)c2ccc(-c3ccc(C(=O)N4Cc5ccccc5C#Cc5ccccc54)cc3Cl)nc2)CC1,1,c12ccccc1C#Cc1ccccc1N(*)C2|C(C1CCC(*)CC1)N,O=C(c1ccc(-c2c(Cl)cc(C(=O)[*])cc2)nc1)N[*],O=C(NC1CCCCC1)c1ccc(-c2ccc(C(=O)N3Cc4ccccc4C#Cc4ccccc43)cc2)nc1,0.6717485,2.3134,0.2689050,73.0500,1.0000000,260.6800,0.8720069,3.0000,0.2801367,3.3279,1.0000000,1.0000,1.0000000,1.0000,[],[],36
14.6381,37.1984,-37.1984,0.0000000,c1c(-n2cc(Cl)cc(C(=O)[*])c2)nc(N[*])nc1,0,c12ccccc1C#Cc1ccccc1N(*)C2|C(C1CCC(*)CC1)N,c1c(-n2cc(Cl)cc(C(=O)[*])c2)nc(N[*])nc1,,0.0000000,0.0000,0.0000000,0.0000,0.0000000,0.0000,0.0000000,0.0000,0.0000000,0.0000,0.0000000,0.0000,0.0000000,0.0000,None,None,36
10.4167,31.4911,45.8439,0.6041795,NCC1CCC(Nc2ncc(C(F)(F)F)c(C(=O)Nc3ccc(C(=O)N4Cc5ccccc5C#Cc5ccccc54)nc3)n2)CC1,1,c12ccccc1C#Cc1ccccc1N(*)C2|C(C1CCC(*)CC1)N,c1(C(=O)Nc2ccc(C(=O)[*])nc2)nc(N[*])ncc1C(F)(F)F,O=C(Nc1ccc(C(=O)N2Cc3ccccc3C#Cc3ccccc32)nc1)c1ccnc(NC2CCCCC2)n1,0.9757340,1.5374,0.9883544,110.8600,1.0000000,311.2230,0.8720069,3.0000,0.1270208,3.6697,1.0000000,1.0000,1.0000000,1.0000,[],[],36
15.3602,39.1424,-14.6317,0.1914897,Cc1ccc(-n2nc(C(=O)N3Cc4ccccc4C#Cc4ccccc43)cc2NC(=O)c2ccc(C(=O)NC3CCC(CN)CC3)n2C)cc1,1,c12ccccc1C#Cc1ccccc1N(*)C2|C(C1CCC(*)CC1)N,O=C(c1ccc(C(=O)Nc2cc(C([*])=O)nn2-c2ccc(C)cc2)n1C)N[*],O=C(Nc1cc(C(=O)N2Cc3ccccc3C#Cc3ccccc32)nn1-c1ccccc1)c1ccc(C(=O)NC2CCCCC2)[nH]1,0.9583400,1.6829,0.9901131,112.0100,1.0000000,351.3660,0.0031523,5.0000,0.1298110,3.6610,1.0000000,1.0000,1.0000000,1.0000,[],[],36
9.9882,31.0738,47.2877,0.6121990,NCC1CCC(n2cc(C(=O)Nc3cc(C(=O)N4Cc5ccccc5C#Cc5ccccc54)cc(C(F)(F)F)c3)nn2)CC1,1,c12ccccc1C#Cc1ccccc1N(*)C2|C(C1CCC(*)CC1)N,c1c(C(=O)Nc2cc(C(F)(F)F)cc(C(=O)[*])c2)nnn1[*],O=C(Nc1cccc(C(=O)N2Cc3ccccc3C#Cc3ccccc32)c1)c1cn(C2CCCCC2)nn1,0.9127342,1.8883,0.7528509,87.7400,1.0000000,284.1970,0.8720069,3.0000,0.1648773,3.5637,1.0000000,1.0000,1.0000000,1.0000,[],[],36
7.9382,20.0581,57.4124,0.6052381,NCC1CCC(Nc2cc(-c3ccc(C(=O)N4Cc5ccccc5C#Cc5ccccc54)cc3)ncn2)CC1,1,c12ccccc1C#Cc1ccccc1N(*)C2|C(C1CCC(*)CC1)N,c1c(-c2ccc(C([*])=O)cc2)ncnc1N[*],O=C(c1ccc(-c2cc(NC3CCCCC3)ncn2)cc1)N1Cc2ccccc2C#Cc2ccccc21,0.9756521,1.5383,0.1677392,68.8700,1.0000000,199.2130,0.9968477,2.0000,0.2754845,3.3360,1.0000000,1.0000,1.0000000,1.0000,[],[],36
12.2658,32.7418,27.5937,0.4713711,Cc1nccc(-c2cc(C(=O)NC3CCC(CN)CC3)ccc2Cl)c1C(=O)N1Cc2ccccc2C#Cc2ccccc21,1,c12ccccc1C#Cc1ccccc1N(*)C2|C(C1CCC(*)CC1)N,O=C(c1ccc(Cl)c(-c2ccnc(C)c2C([*])=O)c1)N[*],O=C(NC1CCCCC1)c1cccc(-c2ccncc2C(=O)N2Cc3ccccc3C#Cc3ccccc32)c1,0.3852078,2.6218,0.2689050,73.0500,1.0000000,274.7070,0.8720069,3.0000,0.2069354,3.4668,1.0000000,1.0000,1.0000000,1.0000,[],[],36
18.2784,43.1955,32.8092,0.5937868,Cc1ncnc(-c2ccc(C(=O)N3Cc4ccccc4C#Cc4ccccc43)nc2OC(=O)NC2CCC(CN)CC2)n1,1,c12ccccc1C#Cc1ccccc1N(*)C2|C(C1CCC(*)CC1)N,n1c(C(=O)[*])ccc(-c2ncnc(C)n2)c1OC(=O)N[*],O=C(NC1CCCCC1)Oc1nc(C(=O)N2Cc3ccccc3C#Cc3ccccc32)ccc1-c1ncncn1,0.9995142,0.5120,0.9972494,120.9500,1.0000000,259.2250,0.8720069,3.0000,0.1143710,3.7111,1.0000000,1.0000,1.0000000,1.0000,[],[],36
12.9590,22.3258,50.6290,0.5699599,Cn1cc(-c2ccc(C(=O)N3Cc4ccccc4C#Cc4ccccc43)nc2)c(NC2CCC(CN)CC2)n1,1,c12ccccc1C#Cc1ccccc1N(*)C2|C(C1CCC(*)CC1)N,c1(C([*])=O)ccc(-c2cn(C)nc2N[*])cn1,O=C(c1ccc(-c2c[nH]nc2NC2CCCCC2)cn1)N1Cc2ccccc2C#Cc2ccccc21,0.9980330,0.8768,0.2906455,73.8000,1.0000000,202.2170,0.9968477,2.0000,0.1570805,3.5837,1.0000000,1.0000,1.0000000,1.0000,[],[],36
17.5708,38.6555,5.6829,0.3463940,NCC1CCC(Nc2nccc(-c3cnc(C4CCC(N5Cc6ccccc6C#Cc6ccccc65)C4)cn3)n2)CC1,1,c12ccccc1C#Cc1ccccc1N(*)C2|C(C1CCC(*)CC1)N,C1CC([*])CC1c1ncc(-c2nc(N[*])ncc2)nc1,C1#Cc2ccccc2N(C2CCC(c3cnc(-c4ccnc(NC5CCCCC5)n4)cn3)C2)Cc2ccccc21,0.7778834,2.1734,0.4138030,77.5800,1.0000000,241.2980,0.9968477,2.0000,0.0188813,4.3726,1.0000000,1.0000,1.0000000,1.0000,[],[],36
9.7943,21.4721,-21.4721,0.0000000,NCC1CCC(Nc2nccc(-c3cncc(C(=O)N4Cc5ccccc5C#Cc5ccccc54)c3)n2)CC1,1,c12ccccc1C#Cc1ccccc1N(*)C2|C(C1CCC(*)CC1)N,c1(-c2cc(C(=O)[*])cnc2)nc(N[*])ncc1,O=C(c1cncc(-c2ccnc(NC3CCCCC3)n2)c1)N1Cc2ccccc2C#Cc2ccccc21,0.9975579,0.9333,0.5629848,81.7600,1.0000000,200.2010,0.9968477,2.0000,0.2123383,3.4554,1.0000000,1.0000,1.0000000,1.0000,[],[],36
11.9822,27.7668,29.2529,0.4454665,NCC1CCC(c2ncn(-c3cc(C(=O)N4Cc5ccccc5C#Cc5ccccc54)c(Cl)cn3)n2)CC1,1,c12ccccc1C#Cc1ccccc1N(*)C2|C(C1CCC(*)CC1)N,c1c(Cl)c(C(=O)[*])cc(-n2nc([*])nc2)n1,O=C(c1ccnc(-n2cnc(C3CCCCC3)n2)c1)N1Cc2ccccc2C#Cc2ccccc21,0.9948545,1.1282,0.0583150,60.6700,1.0000000,208.6080,0.9968477,2.0000,0.1189516,3.6957,1.0000000,1.0000,1.0000000,1.0000,[],[],36
13.0049,34.6985,41.4702,0.5950683,NCC1CCC(Nc2cc(C(=O)Nc3ccc(C(=O)N4Cc5ccccc5C#Cc5ccccc54)nc3)cc(C(F)(F)F)n2)CC1,1,c12ccccc1C#Cc1ccccc1N(*)C2|C(C1CCC(*)CC1)N,c1c(C(=O)Nc2cnc(C(=O)[*])cc2)cc(C(F)(F)F)nc1N[*],O=C(Nc1ccc(C(=O)N2Cc3ccccc3C#Cc3ccccc32)nc1)c1ccnc(NC2CCCCC2)c1,0.7977580,2.1424,0.9299610,97.9700,1.0000000,310.2350,0.8720069,3.0000,0.1498036,3.6032,1.0000000,1.0000,1.0000000,1.0000,[],[],36
11.6477,30.4463,29.3391,0.4670729,COc1cc(C(=O)Nc2ccc(C(=O)N3Cc4ccccc4C#Cc4ccccc43)cc2)nc(NC2CCC(CN)CC2)n1,1,c12ccccc1C#Cc1ccccc1N(*)C2|C(C1CCC(*)CC1)N,O(C)c1cc(C(=O)Nc2ccc(C(=O)[*])cc2)nc(N[*])n1,O=C(Nc1ccc(C(=O)N2Cc3ccccc3C#Cc3ccccc32)cc1)c1ccnc(NC2CCCCC2)n1,0.9947754,1.1322,0.9804377,107.2000,1.0000000,272.2640,0.1279931,4.0000,0.2266678,3.4264,1.0000000,1.0000,1.0000000,1.0000,[],[],36
6.1748,28.9969,57.1367,0.6729184,NCC1CCC(Nc2nccc(C(=O)Nc3ccc(C(=O)N4Cc5ccccc5C#Cc5ccccc54)nc3)n2)CC1,1,c12ccccc1C#Cc1ccccc1N(*)C2|C(C1CCC(*)CC1)N,c1c(C(=O)Nc2ccc(C(=O)[*])nc2)nc(N[*])nc1,O=C(Nc1ccc(C(=O)N2Cc3ccccc3C#Cc3ccccc32)nc1)c1ccnc(NC2CCCCC2)n1,0.9995018,0.5186,0.9883544,110.8600,1.0000000,243.2260,0.8720069,3.0000,0.1992171,3.4834,1.0000000,1.0000,1.0000000,1.0000,[],[],36
14.8501,35.9902,49.8990,0.6710098,NCC1CCC(NC(=O)c2ccc(-c3cncc(C(=O)N4Cc5ccccc5C#Cc5ccccc54)n3)nc2)CC1,1,c12ccccc1C#Cc1ccccc1N(*)C2|C(C1CCC(*)CC1)N,O=C(c1cnc(-c2nc(C(=O)[*])cnc2)cc1)N[*],O=C(NC1CCCCC1)c1ccc(-c2cncc(C(=O)N3Cc4ccccc4C#Cc4ccccc43)n2)nc1,0.9996170,0.4500,0.9376057,98.8300,1.0000000,228.2110,0.8720069,3.0000,0.2019739,3.4774,1.0000000,1.0000,1.0000000,1.0000,[],[],36
6.9815,28.8572,-28.8572,0.0000000,NCC1CCC(NC(=O)c2ccc(-c3ccc(C(=O)N4Cc5ccccc5C#Cc5ccccc54)nc3)nc2)CC1,1,c12ccccc1C#Cc1ccccc1N(*)C2|C(C1CCC(*)CC1)N,O=C(c1ccc(-c2ccc(C([*])=O)nc2)nc1)N[*],O=C(NC1CCCCC1)c1ccc(-c2ccc(C(=O)N3Cc4ccccc4C#Cc4ccccc43)nc2)nc1,0.9961098,1.0550,0.7015804,85.9400,1.0000000,227.2230,0.8720069,3.0000,0.2549427,3.3726,1.0000000,1.0000,1.0000000,1.0000,[],[],36
13.7104,22.5267,52.2513,0.5842034,Cn1c(NC2CCC(CN)CC2)nnc1-c1ccnc(N2Cc3ccccc3C#Cc3ccccc32)n1,1,c12ccccc1C#Cc1ccccc1N(*)C2|C(C1CCC(*)CC1)N,c1(-c2ccnc([*])n2)nnc(N[*])n1C,C1#Cc2ccccc2N(c2nccc(-c3nnc(NC4CCCCC4)[nH]3)n2)Cc2ccccc21,0.9999611,-0.1457,0.5893353,82.5100,1.0000000,176.1830,0.9999319,1.0000,0.1223895,3.6844,1.0000000,1.0000,1.0000000,1.0000,[],[],36
11.5314,25.4637,7.7760,0.2596852,NCC1CCC(Nc2ccc(C(F)(F)F)c(-c3ccc(C(=O)N4Cc5ccccc5C#Cc5ccccc54)cc3)n2)CC1,1,c12ccccc1C#Cc1ccccc1N(*)C2|C(C1CCC(*)CC1)N,c1cc(C(F)(F)F)c(-c2ccc(C([*])=O)cc2)nc1N[*],O=C(c1ccc(-c2cccc(NC3CCCCC3)n2)cc1)N1Cc2ccccc2C#Cc2ccccc21,0.0730400,3.1621,0.0305680,55.9800,1.0000000,266.2220,0.9968477,2.0000,0.2082609,3.4640,1.0000000,1.0000,1.0000000,1.0000,[],[],36
9.2501,26.5136,46.7853,0.5726476,Cc1ccc(C(=O)N2Cc3ccccc3C#Cc3ccccc32)cc1-c1cc(NC2CCC(CN)CC2)ncn1,1,c12ccccc1C#Cc1ccccc1N(*)C2|C(C1CCC(*)CC1)N,c1c(-c2cc(C(=O)[*])ccc2C)ncnc1N[*],O=C(c1cccc(-c2cc(NC3CCCCC3)ncn2)c1)N1Cc2ccccc2C#Cc2ccccc21,0.9246349,1.8467,0.1677392,68.8700,1.0000000,213.2400,0.9968477,2.0000,0.2278513,3.4240,1.0000000,1.0000,1.0000000,1.0000,[],[],36
10.8582,30.0351,-30.0351,0.0000000,NCC1CCC(Cn2ccnc2C(=O)Nc2ccc(C(=O)N3Cc4ccccc4C#Cc4ccccc43)nc2)CC1,1,c12ccccc1C#Cc1ccccc1N(*)C2|C(C1CCC(*)CC1)N,c1(C(=O)Nc2ccc(C(=O)[*])nc2)nccn1C[*],O=C(Nc1ccc(C(=O)N2Cc3ccccc3C#Cc3ccccc32)nc1)c1nccn1CC1CCCCC1,0.9980095,0.8799,0.3895975,76.8800,1.0000000,230.2270,0.8720069,3.0000,0.1592392,3.5781,1.0000000,1.0000,1.0000000,1.0000,[],[],36
14.6256,35.9372,-22.2356,0.1070438,NCC1CCC(Nc2ccc(C(=O)Nc3cc(C(=O)N4Cc5ccccc5C#Cc5ccccc54)cc(C(F)(F)F)c3)cc2C(F)(F)F)CC1,1,c12ccccc1C#Cc1ccccc1N(*)C2|C(C1CCC(*)CC1)N,N(c1ccc(C(=O)Nc2cc(C(F)(F)F)cc(C([*])=O)c2)cc1C(F)(F)F)[*],O=C(Nc1cccc(C(=O)N2Cc3ccccc3C#Cc3ccccc32)c1)c1ccc(NC2CCCCC2)cc1,0.0007603,4.3712,0.2452795,72.1900,1.0000000,376.2560,0.8720069,3.0000,0.1613528,3.5726,1.0000000,1.0000,1.0000000,1.0000,[],[],36
18.1280,20.4802,15.3476,0.2799047,NCC1CCC(c2ccc(-c3ncccc3C(=O)N3Cc4ccccc4C#Cc4ccccc43)cc2)CC1,1,C1#Cc2ccccc2N(*)Cc2c1cccc2|NCC1CCC(*)CC1,c1ccc(C(=O)[*])c(-c2ccc([*])cc2)n1,O=C(c1cccnc1-c1ccc(C2CCCCC2)cc1)N1Cc2ccccc2C#Cc2ccccc21,0.4416471,2.5611,0.0007450,29.9600,1.0000000,183.2100,0.9968477,2.0000,0.3068421,3.2831,1.0000000,1.0000,1.0000000,1.0000,[],[],37
8.5615,22.3428,54.4272,0.5997656,Cc1cc(-c2ccc(C(=O)N3Cc4ccccc4C#Cc4ccccc43)cc2)nc(NC2CCC(CN)CC2)n1,1,C1#Cc2ccccc2N(*)Cc2c1cccc2|NCC1CCC(*)CC1,c1c(-c2ccc(C(=O)[*])cc2)nc(N[*])nc1C,O=C(c1ccc(-c2ccnc(NC3CCCCC3)n2)cc1)N1Cc2ccccc2C#Cc2ccccc21,0.9246349,1.8467,0.1677392,68.8700,1.0000000,213.2400,0.9968477,2.0000,0.2792963,3.3294,1.0000000,1.0000,1.0000000,1.0000,[],[],37
8.6532,26.3159,60.7370,0.6801008,NCC1CCC(Nc2ncc(C(=O)Nc3ccc(C(=O)N4Cc5ccccc5C#Cc5ccccc54)nc3)cn2)CC1,1,C1#Cc2ccccc2N(*)Cc2c1cccc2|NCC1CCC(*)CC1,c1c(C(=O)Nc2ccc(C([*])=O)nc2)cnc(N[*])n1,O=C(Nc1ccc(C(=O)N2Cc3ccccc3C#Cc3ccccc32)nc1)c1cnc(NC2CCCCC2)nc1,0.9995018,0.5186,0.9883544,110.8600,1.0000000,243.2260,0.8720069,3.0000,0.2087442,3.4630,1.0000000,1.0000,1.0000000,1.0000,[],[],37
10.2322,21.4816,-21.4816,0.0000000,NCC1CCC(c2ncn(-c3ccc(C(=O)N4Cc5ccccc5C#Cc5ccccc54)cc3)n2)CC1,1,C1#Cc2ccccc2N(*)Cc2c1cccc2|NCC1CCC(*)CC1,c1c(C([*])=O)ccc(-n2nc([*])nc2)c1,O=C(c1ccc(-n2cnc(C3CCCCC3)n2)cc1)N1Cc2ccccc2C#Cc2ccccc21,0.9957230,1.0798,0.0095954,47.7800,1.0000000,173.1750,0.9968477,2.0000,0.2051921,3.4705,1.0000000,1.0000,1.0000000,1.0000,[],[],37
8.8028,21.8225,50.5982,0.5657862,NCC1CCC(Nc2nccc(-n3ccc(C(=O)N4Cc5ccccc5C#Cc5ccccc54)c3)n2)CC1,1,C1#Cc2ccccc2N(*)Cc2c1cccc2|NCC1CCC(*)CC1,c1cc(-n2ccc(C(=O)[*])c2)nc(N[*])n1,O=C(c1ccn(-c2ccnc(NC3CCCCC3)n2)c1)N1Cc2ccccc2C#Cc2ccccc21,0.9991364,0.6620,0.2906455,73.8000,1.0000000,188.1900,0.9968477,2.0000,0.1519140,3.5975,1.0000000,1.0000,1.0000000,1.0000,[],[],37
6.5508,20.6510,-20.6510,0.0000000,NCC1CCC(Nc2ncc(-c3ccc(C(=O)N4Cc5ccccc5C#Cc5ccccc54)cn3)cn2)CC1,1,C1#Cc2ccccc2N(*)Cc2c1cccc2|NCC1CCC(*)CC1,c1c(C(=O)[*])ccc(-c2cnc(N[*])nc2)n1,O=C(c1ccc(-c2cnc(NC3CCCCC3)nc2)nc1)N1Cc2ccccc2C#Cc2ccccc21,0.9975579,0.9333,0.5629848,81.7600,1.0000000,200.2010,0.9968477,2.0000,0.2211233,3.4375,1.0000000,1.0000,1.0000000,1.0000,[],[],37
7.5133,24.3638,56.2633,0.6298994,NCC1CCC(Nc2ncc(Cl)c(-c3ccc(C(=O)N4Cc5ccccc5C#Cc5ccccc54)nc3)n2)CC1,1,C1#Cc2ccccc2N(*)Cc2c1cccc2|NCC1CCC(*)CC1,c1c(Cl)c(-c2cnc(C([*])=O)cc2)nc(N[*])n1,O=C(c1ccc(-c2ccnc(NC3CCCCC3)n2)cn1)N1Cc2ccccc2C#Cc2ccccc21,0.9708274,1.5867,0.5629848,81.7600,1.0000000,234.6460,0.9968477,2.0000,0.1801511,3.5265,1.0000000,1.0000,1.0000000,1.0000,[],[],37
16.6277,40.0181,40.5547,0.6294749,NCC1CCC(NC(=O)c2ccc3c(cnn3-c3cccc(C(=O)N4Cc5ccccc5C#Cc5ccccc54)c3)c2)CC1,1,C1#Cc2ccccc2N(*)Cc2c1cccc2|NCC1CCC(*)CC1,c1(C(=O)[*])cc(-n2ncc3cc(C(=O)N[*])ccc23)ccc1,O=C(NC1CCCCC1)c1ccc2c(cnn2-c2cccc(C(=O)N3Cc4ccccc4C#Cc4ccccc43)c2)c1,0.8966900,1.9369,0.4278323,77.9800,1.0000000,265.2720,0.8720069,3.0000,0.2516274,3.3787,1.0000000,1.0000,1.0000000,1.0000,[],[],37
7.7405,26.0490,60.6274,0.6771595,NCC1CCC(Nc2nccc(C(=O)Nc3ccc(C(=O)N4Cc5ccccc5C#Cc5ccccc54)cn3)n2)CC1,1,C1#Cc2ccccc2N(*)Cc2c1cccc2|NCC1CCC(*)CC1,c1c(C(=O)Nc2ccc(C(=O)[*])cn2)nc(N[*])nc1,O=C(Nc1ccc(C(=O)N2Cc3ccccc3C#Cc3ccccc32)cn1)c1ccnc(NC2CCCCC2)n1,0.9995018,0.5186,0.9883544,110.8600,1.0000000,243.2260,0.8720069,3.0000,0.2048011,3.4713,1.0000000,1.0000,1.0000000,1.0000,[],[],37
17.5367,28.9421,40.6115,0.5433875,NCC1CCC(NCc2cnc(-c3ccc(C(=O)N4Cc5ccccc5C#Cc5ccccc54)cc3Cl)[nH]2)CC1,1,C1#Cc2ccccc2N(*)Cc2c1cccc2|NCC1CCC(*)CC1,c1c(C(=O)[*])cc(Cl)c(-c2ncc(CN[*])[nH]2)c1,O=C(c1ccc(-c2ncc(CNC3CCCCC3)[nH]2)cc1)N1Cc2ccccc2C#Cc2ccccc21,0.8714490,2.0013,0.2342633,71.7700,1.0000000,235.6740,0.8720069,3.0000,0.1831980,3.5194,1.0000000,1.0000,1.0000000,1.0000,[],[],37
9.8063,23.0691,49.0421,0.5633684,Cc1ccc(C(=O)N2Cc3ccccc3C#Cc3ccccc32)cc1C(=O)NC1CCC(CN)CC1,1,C1#Cc2ccccc2N(*)Cc2c1cccc2|NCC1CCC(*)CC1,O=C(c1cc(C(=O)[*])ccc1C)N[*],O=C(NC1CCCCC1)c1cccc(C(=O)N2Cc3ccccc3C#Cc3ccccc32)c1,0.9977967,0.9064,0.0544129,60.1600,1.0000000,163.1760,0.9968477,2.0000,0.3450071,3.2227,1.0000000,1.0000,1.0000000,1.0000,[],[],37
7.0867,24.6096,22.0972,0.3648971,NCC1CCC(Nc2nc(-c3ccc(C(=O)N4Cc5ccccc5C#Cc5ccccc54)cc3)ccc2Cl)CC1,1,C1#Cc2ccccc2N(*)Cc2c1cccc2|NCC1CCC(*)CC1,c1(Cl)ccc(-c2ccc(C(=O)[*])cc2)nc1N[*],O=C(c1ccc(-c2cccc(NC3CCCCC3)n2)cc1)N1Cc2ccccc2C#Cc2ccccc21,0.2425723,2.7967,0.0305680,55.9800,1.0000000,232.6700,0.9968477,2.0000,0.2800971,3.3280,1.0000000,1.0000,1.0000000,1.0000,[],[],37
10.5524,24.6426,58.7332,0.6513733,NCC1CCC(NC(=O)c2cccc(-n3ccc(C(=O)N4Cc5ccccc5C#Cc5ccccc54)n3)c2)CC1,1,C1#Cc2ccccc2N(*)Cc2c1cccc2|NCC1CCC(*)CC1,O=C(c1cc(-n2ccc(C(=O)[*])n2)ccc1)N[*],O=C(NC1CCCCC1)c1cccc(-n2ccc(C(=O)N3Cc4ccccc4C#Cc4ccccc43)n2)c1,0.9986231,0.7837,0.4278323,77.9800,1.0000000,215.2120,0.8720069,3.0000,0.2626307,3.3587,1.0000000,1.0000,1.0000000,1.0000,[],[],37
9.7215,33.4831,53.6620,0.6808210,NCC1CCC(NC(=O)c2nccc(-c3ccc(C(=O)N4Cc5ccccc5C#Cc5ccccc54)cc3)n2)CC1,1,C1#Cc2ccccc2N(*)Cc2c1cccc2|NCC1CCC(*)CC1,c1c(C(=O)[*])ccc(-c2nc(C(N[*])=O)ncc2)c1,O=C(NC1CCCCC1)c1nccc(-c2ccc(C(=O)N3Cc4ccccc4C#Cc4ccccc43)cc2)n1,0.9961098,1.0550,0.7015804,85.9400,1.0000000,227.2230,0.8720069,3.0000,0.2497648,3.3821,1.0000000,1.0000,1.0000000,1.0000,[],[],37
14.9548,30.7738,33.2583,0.5002507,NCC1CCC(Cn2cnc(C(=O)Nc3ccc(C(=O)N4Cc5ccccc5C#Cc5ccccc54)cc3)c2F)CC1,1,C1#Cc2ccccc2N(*)Cc2c1cccc2|NCC1CCC(*)CC1,Fc1c(C(=O)Nc2ccc(C([*])=O)cc2)ncn1C[*],O=C(Nc1ccc(C(=O)N2Cc3ccccc3C#Cc3ccccc32)cc1)c1cn(CC2CCCCC2)cn1,0.9664883,1.6240,0.0907902,63.9900,1.0000000,247.2290,0.8720069,3.0000,0.1843919,3.5166,1.0000000,1.0000,1.0000000,1.0000,[],[],37
10.1727,24.8902,56.6760,0.6372361,Cc1nc(NC2CCC(CN)CC2)ncc1-c1ccc(C(=O)N2Cc3ccccc3C#Cc3ccccc32)nc1,1,C1#Cc2ccccc2N(*)Cc2c1cccc2|NCC1CCC(*)CC1,c1c(-c2cnc(C([*])=O)cc2)c(C)nc(N[*])n1,O=C(c1ccc(-c2cnc(NC3CCCCC3)nc2)cn1)N1Cc2ccccc2C#Cc2ccccc21,0.9920675,1.2417,0.5629848,81.7600,1.0000000,214.2280,0.9968477,2.0000,0.1855095,3.5140,1.0000000,1.0000,1.0000000,1.0000,[],[],37
9.8675,25.7964,58.1353,0.6557162,NCC1CCC(Nc2ccc(-c3ccc(C(=O)N4Cc5ccccc5C#Cc5ccccc54)nc3)nn2)CC1,1,C1#Cc2ccccc2N(*)Cc2c1cccc2|NCC1CCC(*)CC1,N(c1ccc(-c2cnc(C(=O)[*])cc2)nn1)[*],O=C(c1ccc(-c2ccc(NC3CCCCC3)nn2)cn1)N1Cc2ccccc2C#Cc2ccccc21,0.9975579,0.9333,0.5629848,81.7600,1.0000000,200.2010,0.9968477,2.0000,0.2092173,3.4620,1.0000000,1.0000,1.0000000,1.0000,[],[],37
12.0624,38.8874,45.3489,0.6580967,Cc1nc(-c2ccc(C(=O)N3Cc4ccccc4C#Cc4ccccc43)c(F)c2)ncc1C(=O)NC1CCC(CN)CC1,1,C1#Cc2ccccc2N(*)Cc2c1cccc2|NCC1CCC(*)CC1,O=C(c1cnc(-c2ccc(C(=O)[*])c(F)c2)nc1C)N[*],O=C(NC1CCCCC1)c1cnc(-c2ccc(C(=O)N3Cc4ccccc4C#Cc4ccccc43)cc2)nc1,0.9787095,1.5025,0.7015804,85.9400,1.0000000,259.2400,0.8720069,3.0000,0.2189347,3.4419,1.0000000,1.0000,1.0000000,1.0000,[],[],37
9.7693,28.8391,58.7766,0.6844977,NCC1CCC(Nc2ncnc(C(=O)Nc3ccc(C(=O)N4Cc5ccccc5C#Cc5ccccc54)cc3)n2)CC1,1,C1#Cc2ccccc2N(*)Cc2c1cccc2|NCC1CCC(*)CC1,c1(C(Nc2ccc(C(=O)[*])cc2)=O)ncnc(N[*])n1,O=C(Nc1ccc(C(=O)N2Cc3ccccc3C#Cc3ccccc32)cc1)c1ncnc(NC2CCCCC2)n1,0.9995018,0.5186,0.9883544,110.8600,1.0000000,243.2260,0.8720069,3.0000,0.2147478,3.4505,1.0000000,1.0000,1.0000000,1.0000,[],[],37
11.8967,26.0033,21.1608,0.3684700,NCC1CCC(NCc2cc(Cl)ccc2-c2ccc(C(=O)N3Cc4ccccc4C#Cc4ccccc43)nc2)CC1,1,C1#Cc2ccccc2N(*)Cc2c1cccc2|NCC1CCC(*)CC1,c1c(Cl)ccc(-c2cnc(C(=O)[*])cc2)c1CN[*],O=C(c1ccc(-c2ccccc2CNC2CCCCC2)cn1)N1Cc2ccccc2C#Cc2ccccc21,0.3396893,2.6732,0.0305680,55.9800,1.0000000,246.6970,0.8720069,3.0000,0.2354972,3.4091,1.0000000,1.0000,1.0000000,1.0000,[],[],37
6.1347,28.1770,-28.1770,0.0000000,NCC1CCC(NC(=O)c2ccc(-c3ccc(C(=O)N4Cc5ccccc5C#Cc5ccccc54)nc3)nc2)CC1,1,C1#Cc2ccccc2N(*)Cc2c1cccc2|NCC1CCC(*)CC1,O=C(c1ccc(-c2cnc(C(=O)[*])cc2)nc1)N[*],O=C(NC1CCCCC1)c1ccc(-c2ccc(C(=O)N3Cc4ccccc4C#Cc4ccccc43)nc2)nc1,0.9961098,1.0550,0.7015804,85.9400,1.0000000,227.2230,0.8720069,3.0000,0.2549427,3.3726,1.0000000,1.0000,1.0000000,1.0000,[],[],37
8.0921,21.0259,49.4473,0.5505718,NCC1CCC(Nc2ncc(Cl)c(-c3cccc(C(=O)N4Cc5ccccc5C#Cc5ccccc54)c3)n2)CC1,1,C1#Cc2ccccc2N(*)Cc2c1cccc2|NCC1CCC(*)CC1,c1(Cl)c(-c2cccc(C(=O)[*])c2)nc(N[*])nc1,O=C(c1cccc(-c2ccnc(NC3CCCCC3)n2)c1)N1Cc2ccccc2C#Cc2ccccc21,0.7655128,2.1917,0.1677392,68.8700,1.0000000,233.6580,0.9968477,2.0000,0.2314971,3.4169,1.0000000,1.0000,1.0000000,1.0000,[],[],37
21.1970,29.1740,4.1605,0.2604255,CC1(C(=O)N2Cc3ccccc3C#Cc3ccccc32)CCCC1n1nccc1CNC1CCC(CN)CC1,1,C1#Cc2ccccc2N(*)Cc2c1cccc2|NCC1CCC(*)CC1,n1(C2CCCC2(C)C(=O)[*])nccc1CN[*],O=C(C1CCCC1n1nccc1CNC1CCCCC1)N1Cc2ccccc2C#Cc2ccccc21,0.9910988,1.2720,0.0602409,60.9100,1.0000000,207.2770,0.8720069,3.0000,0.0124875,4.5185,1.0000000,1.0000,1.0000000,1.0000,[],[],37
7.3753,24.0028,50.8646,0.5849020,Cc1ccc(C(=O)N2Cc3ccccc3C#Cc3ccccc32)cc1-c1ccnc(NC2CCC(CN)CC2)n1,1,C1#Cc2ccccc2N(*)Cc2c1cccc2|NCC1CCC(*)CC1,c1c(-c2cc(C(=O)[*])ccc2C)nc(N[*])nc1,O=C(c1cccc(-c2ccnc(NC3CCCCC3)n2)c1)N1Cc2ccccc2C#Cc2ccccc21,0.9246349,1.8467,0.1677392,68.8700,1.0000000,213.2400,0.9968477,2.0000,0.2500992,3.3815,1.0000000,1.0000,1.0000000,1.0000,[],[],37
17.8097,39.1049,5.7962,0.3507896,Cc1ccc(C(=O)N2Cc3ccccc3C#Cc3ccccc32)cc1C(=O)N(C)c1ccc(C2CCC(CN)CC2)nc1,1,C1#Cc2ccccc2N(*)Cc2c1cccc2|NCC1CCC(*)CC1,c1(C(=O)[*])cc(C(N(c2ccc([*])nc2)C)=O)c(C)cc1,O=C(Nc1ccc(C2CCCCC2)nc1)c1cccc(C(=O)N2Cc3ccccc3C#Cc3ccccc32)c1,0.5200218,2.4791,0.0136740,50.2700,1.0000000,254.2890,0.8720069,3.0000,0.1852543,3.5146,1.0000000,1.0000,1.0000000,1.0000,[],[],37
17.4475,26.0546,-0.9653,0.1960105,NCC1CCC(N2CCC(=Cc3ccc(Cl)c(C(=O)N4Cc5ccccc5C#Cc5ccccc54)c3)CC2)CC1,1,C1#Cc2ccccc2N(*)Cc2c1cccc2|NCC1CCC(*)CC1,C1CC(=Cc2ccc(Cl)c(C([*])=O)c2)CCN1[*],O=C(c1cccc(C=C2CCN(C3CCCCC3)CC2)c1)N1Cc2ccccc2C#Cc2ccccc21,0.1667103,2.9193,0.0006584,29.1000,1.0000000,235.7140,0.9968477,2.0000,0.1803302,3.5261,1.0000000,1.0000,1.0000000,1.0000,[],[],37
9.3028,24.2352,43.9271,0.5325176,NCC1CCC(Nc2ncc(-c3cccc(C(=O)N4Cc5ccccc5C#Cc5ccccc54)n3)cc2Cl)CC1,1,C1#Cc2ccccc2N(*)Cc2c1cccc2|NCC1CCC(*)CC1,c1(Cl)cc(-c2cccc(C(=O)[*])n2)cnc1N[*],O=C(c1cccc(-c2ccc(NC3CCCCC3)nc2)n1)N1Cc2ccccc2C#Cc2ccccc21,0.7655128,2.1917,0.1677392,68.8700,1.0000000,233.6580,0.9968477,2.0000,0.1999096,3.4818,1.0000000,1.0000,1.0000000,1.0000,[],[],37
12.5520,36.2175,43.6604,0.6240461,Cc1c(C(=O)N2Cc3ccccc3C#Cc3ccccc32)cccc1-n1cc(C(=O)NC2CCC(CN)CC2)cn1,1,C1#Cc2ccccc2N(*)Cc2c1cccc2|NCC1CCC(*)CC1,c1(C([*])=O)cccc(-n2ncc(C(=O)N[*])c2)c1C,O=C(NC1CCCCC1)c1cnn(-c2cccc(C(=O)N3Cc4ccccc4C#Cc4ccccc43)c2)c1,0.9955168,1.0921,0.4278323,77.9800,1.0000000,229.2390,0.8720069,3.0000,0.2181726,3.4434,1.0000000,1.0000,1.0000000,1.0000,[],[],37
7.4869,19.3116,43.5875,0.4913995,NCC1CCC(Nc2cccc(-c3ccc(C(=O)N4Cc5ccccc5C#Cc5ccccc54)cc3)n2)CC1,1,C1#Cc2ccccc2N(*)Cc2c1cccc2|NCC1CCC(*)CC1,c1ccc(-c2ccc(C(=O)[*])cc2)nc1N[*],O=C(c1ccc(-c2cccc(NC3CCCCC3)n2)cc1)N1Cc2ccccc2C#Cc2ccccc21,0.7972002,2.1433,0.0305680,55.9800,1.0000000,198.2250,0.9968477,2.0000,0.3157516,3.2687,1.0000000,1.0000,1.0000000,1.0000,[],[],37
10.7065,34.0836,20.5580,0.4268880,NCC1CCC(c2cnn(-c3cnc(C(=O)N4Cc5ccccc5C#Cc5ccccc54)cc3Cl)n2)CC1,1,C1#Cc2ccccc2N(*)Cc2c1cccc2|NCC1CCC(*)CC1,c1(Cl)cc(C(=O)[*])ncc1-n1ncc([*])n1,O=C(c1ccc(-n2ncc(C3CCCCC3)n2)cn1)N1Cc2ccccc2C#Cc2ccccc21,0.9948545,1.1282,0.0583150,60.6700,1.0000000,208.6080,0.9968477,2.0000,0.0986201,3.7688,1.0000000,1.0000,1.0000000,1.0000,[],[],37
8.7473,21.0736,-21.0736,0.0000000,NCC1CCC(NC(=O)c2ccc(C(=O)N3Cc4ccccc4C#Cc4ccccc43)nc2)CC1,1,C1#Cc2ccccc2N(*)Cc2c1cccc2|NCC1CCC(*)CC1,O=C(c1ccc(C(=O)[*])nc1)N[*],O=C(NC1CCCCC1)c1ccc(C(=O)N2Cc3ccccc3C#Cc3ccccc32)nc1,0.9999337,-0.0070,0.2689050,73.0500,0.6161311,150.1370,0.9968477,2.0000,0.3056134,3.2851,1.0000000,1.0000,1.0000000,1.0000,[],[],37
17.6360,48.0619,-7.1058,0.3199692,CC(C(=O)N1Cc2ccccc2C#Cc2ccccc21)n1cc(-c2ccc(F)c(C(=O)NC3CCC(CN)CC3)c2)cnc1=O,1,C1#Cc2ccccc2N(*)Cc2c1cccc2|NCC1CCC(*)CC1,O=C(c1c(F)ccc(-c2cnc(=O)n(C(C)C(=O)[*])c2)c1)N[*],O=C(NC1CCCCC1)c1cccc(-c2cnc(=O)n(CC(=O)N3Cc4ccccc4C#Cc4ccccc43)c2)c1,0.9977816,0.9082,0.8971425,95.0500,1.0000000,289.2660,0.1279931,4.0000,0.0447241,4.0637,1.0000000,1.0000,1.0000000,1.0000,[],[],37
17.1431,39.6143,6.0070,0.3564159,Cc1nc(C(=O)NC2CCC(CN)CC2)c(-c2ccc(C(=O)N3Cc4ccccc4C#Cc4ccccc43)cc2)n1C(C)C,1,c1cc2c(cc1)C#Cc1ccccc1N(*)C2|C(N)C1CCC(*)CC1,[*]C(c1ccc(-c2c(C(=O)N[*])nc(C)n2C(C)C)cc1)=O,O=C(NC1CCCCC1)c1nc[nH]c1-c1ccc(C(=O)N2Cc3ccccc3C#Cc3ccccc32)cc1,0.6393396,2.3508,0.4278323,77.9800,1.0000000,271.3200,0.1279931,4.0000,0.1624706,3.5698,1.0000000,1.0000,1.0000000,1.0000,[],[],38
15.7358,33.6406,37.8106,0.5582122,Cc1nc(C2CCC(CN)CC2)n(C)c1C(=O)Nc1ccnc(C(=O)N2Cc3ccccc3C#Cc3ccccc32)c1,1,c1cc2c(cc1)C#Cc1ccccc1N(*)C2|C(N)C1CCC(*)CC1,c1(C(=O)Nc2cc(C([*])=O)ncc2)c(C)nc([*])n1C,O=C(Nc1ccnc(C(=O)N2Cc3ccccc3C#Cc3ccccc32)c1)c1cnc(C2CCCCC2)[nH]1,0.9935279,1.1883,0.3895975,76.8800,1.0000000,244.2540,0.8720069,3.0000,0.1402688,3.6299,1.0000000,1.0000,1.0000000,1.0000,[],[],38
12.2336,25.1673,1.2450,0.2063455,Cc1c(OC2CCC(CN)CC2)cccc1-c1ccc(C(=O)N2Cc3ccccc3C#Cc3ccccc32)cc1,1,c1cc2c(cc1)C#Cc1ccccc1N(*)C2|C(N)C1CCC(*)CC1,O(c1cccc(-c2ccc(C(=O)[*])cc2)c1C)[*],O=C(c1ccc(-c2cccc(OC3CCCCC3)c2)cc1)N1Cc2ccccc2C#Cc2ccccc21,0.0684940,3.1801,0.0021395,37.3000,1.0000000,212.2480,0.9968477,2.0000,0.3052387,3.2858,1.0000000,1.0000,1.0000000,1.0000,[],[],38
8.6900,26.2715,62.6204,0.6944683,Cc1ccc(C(=O)N2Cc3ccccc3C#Cc3ccccc32)cc1NC(=O)c1ccnc(NC2CCC(CN)CC2)n1,1,c1cc2c(cc1)C#Cc1ccccc1N(*)C2|C(N)C1CCC(*)CC1,c1(C(=O)Nc2cc(C([*])=O)ccc2C)nc(N[*])ncc1,O=C(Nc1cccc(C(=O)N2Cc3ccccc3C#Cc3ccccc32)c1)c1ccnc(NC2CCCCC2)n1,0.9836738,1.4320,0.9299610,97.9700,1.0000000,256.2650,0.8720069,3.0000,0.2397283,3.4010,1.0000000,1.0000,1.0000000,1.0000,[],[],38
15.9699,27.2527,24.9597,0.4079098,NCC1CCC(N2CCN(C(=O)c3cccc(C(F)(F)F)c3C(=O)N3Cc4ccccc4C#Cc4ccccc43)CC2)CC1,1,c1cc2c(cc1)C#Cc1ccccc1N(*)C2|C(N)C1CCC(*)CC1,C(=O)(c1cccc(C(F)(F)F)c1C(=O)[*])N1CCN([*])CC1,O=C(c1ccccc1C(=O)N1Cc2ccccc2C#Cc2ccccc21)N1CCN(C2CCCCC2)CC1,0.9732659,1.5633,0.0121014,49.4100,1.0000000,286.2530,0.9968477,2.0000,0.1811616,3.5241,1.0000000,1.0000,1.0000000,1.0000,[],[],38
8.6936,29.0263,-29.0263,0.0000000,NCC1CCC(Nc2nccc(C(=O)Nc3ccc(C(=O)N4Cc5ccccc5C#Cc5ccccc54)nc3)n2)CC1,1,c1cc2c(cc1)C#Cc1ccccc1N(*)C2|C(N)C1CCC(*)CC1,c1(C(Nc2ccc(C([*])=O)nc2)=O)nc(N[*])ncc1,O=C(Nc1ccc(C(=O)N2Cc3ccccc3C#Cc3ccccc32)nc1)c1ccnc(NC2CCCCC2)n1,0.9999319,0.0000,0.0000100,0.0000,0.0000000,0.0000,0.9999985,0.0000,0.1992171,3.4834,1.0000000,1.0000,1.0000000,1.0000,[],[],38
10.6953,28.7548,52.0541,0.6313196,NCC1CCC(NC(=O)c2ccc(-c3cccnc3C(=O)N3Cc4ccccc4C#Cc4ccccc43)cc2)CC1,1,c1cc2c(cc1)C#Cc1ccccc1N(*)C2|C(N)C1CCC(*)CC1,O=C(c1ccc(-c2cccnc2C([*])=O)cc1)N[*],O=C(NC1CCCCC1)c1ccc(-c2cccnc2C(=O)N2Cc3ccccc3C#Cc3ccccc32)cc1,0.9617135,1.6600,0.2689050,73.0500,1.0000000,226.2350,0.8720069,3.0000,0.2997668,3.2948,1.0000000,1.0000,1.0000000,1.0000,[],[],38
12.2505,46.0650,-19.7005,0.2059731,NCC1CCC(NC(=O)c2ccc(-c3nccnc3C(=O)Nc3ccc(C(=O)N4Cc5ccccc5C#Cc5ccccc54)cn3)cc2)CC1,1,c1cc2c(cc1)C#Cc1ccccc1N(*)C2|C(N)C1CCC(*)CC1,O=C(c1ccc(-c2c(C(=O)Nc3ccc(C(=O)[*])cn3)nccn2)cc1)N[*],O=C(NC1CCCCC1)c1ccc(-c2nccnc2C(=O)Nc2ccc(C(=O)N3Cc4ccccc4C#Cc4ccccc43)cn2)cc1,0.9552673,1.7023,0.9989909,127.9300,1.0000000,347.3340,0.0031523,5.0000,0.1786875,3.5299,1.0000000,1.0000,1.0000000,1.0000,[],[],38
10.3319,32.8530,50.7573,0.6532053,NCC1CCC(NC(=O)c2cnn(-c3cccc(C(=O)N4Cc5ccccc5C#Cc5ccccc54)c3)c2)CC1,1,c1cc2c(cc1)C#Cc1ccccc1N(*)C2|C(N)C1CCC(*)CC1,c1(C(=O)[*])cc(-n2ncc(C(=O)N[*])c2)ccc1,O=C(NC1CCCCC1)c1cnn(-c2cccc(C(=O)N3Cc4ccccc4C#Cc4ccccc43)c2)c1,0.9986231,0.7837,0.4278323,77.9800,1.0000000,215.2120,0.8720069,3.0000,0.2658963,3.3528,1.0000000,1.0000,1.0000000,1.0000,[],[],38
11.0461,32.0413,53.7855,0.6705216,Cc1nc(C(=O)NC2CCC(CN)CC2)cnc1-c1ccc(C(=O)N2Cc3ccccc3C#Cc3ccccc32)cc1,1,c1cc2c(cc1)C#Cc1ccccc1N(*)C2|C(N)C1CCC(*)CC1,O=C(c1cnc(-c2ccc(C([*])=O)cc2)c(C)n1)N[*],O=C(NC1CCCCC1)c1cnc(-c2ccc(C(=O)N3Cc4ccccc4C#Cc4ccccc43)cc2)cn1,0.9874051,1.3634,0.7015804,85.9400,1.0000000,241.2500,0.8720069,3.0000,0.2356212,3.4089,1.0000000,1.0000,1.0000000,1.0000,[],[],38
15.4199,36.6620,39.6023,0.5958149,NCC1CCC(Nc2ncnc(-c3ccc(C(F)(F)F)c(C(=O)N4Cc5ccccc5C#Cc5ccccc54)c3)n2)CC1,1,c1cc2c(cc1)C#Cc1ccccc1N(*)C2|C(N)C1CCC(*)CC1,O=C([*])c1c(C(F)(F)F)ccc(-c2ncnc(N[*])n2)c1,O=C(c1cccc(-c2ncnc(NC3CCCCC3)n2)c1)N1Cc2ccccc2C#Cc2ccccc21,0.8911599,1.9521,0.5629848,81.7600,1.0000000,268.1980,0.9968477,2.0000,0.1536455,3.5928,1.0000000,1.0000,1.0000000,1.0000,[],[],38
19.9876,35.4635,43.8665,0.6197654,NCC1CCC(Nc2cnc(-c3cc(C(=O)O)nc(C(=O)N4Cc5ccccc5C#Cc5ccccc54)c3)cn2)CC1,1,c1cc2c(cc1)C#Cc1ccccc1N(*)C2|C(N)C1CCC(*)CC1,c1c(-c2cc(C(O)=O)nc(C(=O)[*])c2)ncc(N[*])n1,O=C(c1cc(-c2cnc(NC3CCCCC3)cn2)ccn1)N1Cc2ccccc2C#Cc2ccccc21,0.9992318,0.6315,0.9963927,119.0600,1.0000000,244.2100,0.8720069,3.0000,0.1381818,3.6360,1.0000000,1.0000,1.0000000,1.0000,[],[],38
13.3513,27.1027,46.2385,0.5729780,Cc1cc(-n2cc(NC3CCC(CN)CC3)nn2)ccc1C(=O)N1Cc2ccccc2C#Cc2ccccc21,1,c1cc2c(cc1)C#Cc1ccccc1N(*)C2|C(N)C1CCC(*)CC1,c1n(-c2ccc(C([*])=O)c(C)c2)nnc1N[*],O=C(c1ccc(-n2cc(NC3CCCCC3)nn2)cc1)N1Cc2ccccc2C#Cc2ccccc21,0.9971850,0.9704,0.2906455,73.8000,1.0000000,202.2170,0.9968477,2.0000,0.1609101,3.5738,1.0000000,1.0000,1.0000000,1.0000,[],[],38
7.1349,29.7342,53.2979,0.6486888,NCC1CCC(NC(=O)c2ccc(-c3ccc(C(=O)N4Cc5ccccc5C#Cc5ccccc54)cc3)nc2)CC1,1,c1cc2c(cc1)C#Cc1ccccc1N(*)C2|C(N)C1CCC(*)CC1,O=C(c1ccc(-c2ccc(C([*])=O)cc2)nc1)N[*],O=C(NC1CCCCC1)c1ccc(-c2ccc(C(=O)N3Cc4ccccc4C#Cc4ccccc43)cc2)nc1,0.9617135,1.6600,0.2689050,73.0500,1.0000000,226.2350,0.8720069,3.0000,0.3377902,3.2339,1.0000000,1.0000,1.0000000,1.0000,[],[],38
10.0362,24.8609,49.2423,0.5789317,Cc1ccc(C(=O)N2Cc3ccccc3C#Cc3ccccc32)cc1-c1cnc(NC2CCC(CN)CC2)nc1,1,c1cc2c(cc1)C#Cc1ccccc1N(*)C2|C(N)C1CCC(*)CC1,c1c(-c2cc(C([*])=O)ccc2C)cnc(N[*])n1,O=C(c1cccc(-c2cnc(NC3CCCCC3)nc2)c1)N1Cc2ccccc2C#Cc2ccccc21,0.9246349,1.8467,0.1677392,68.8700,1.0000000,213.2400,0.9968477,2.0000,0.2390599,3.4023,1.0000000,1.0000,1.0000000,1.0000,[],[],38
7.1655,27.8533,-27.8533,0.0000000,NCC1CCC(Nc2nccc(C(=O)Nc3ccc(C(=O)N4Cc5ccccc5C#Cc5ccccc54)cn3)n2)CC1,1,c1cc2c(cc1)C#Cc1ccccc1N(*)C2|C(N)C1CCC(*)CC1,c1(C(=O)Nc2ccc(C([*])=O)cn2)nc(N[*])ncc1,O=C(Nc1ccc(C(=O)N2Cc3ccccc3C#Cc3ccccc32)cn1)c1ccnc(NC2CCCCC2)n1,0.9995018,0.5186,0.9883544,110.8600,1.0000000,243.2260,0.8720069,3.0000,0.2048011,3.4713,1.0000000,1.0000,1.0000000,1.0000,[],[],38
12.1846,41.0606,13.8628,0.4290886,NCC1CCC(Nc2nccc(C(=O)Nc3ccc(-c4ccc(C(=O)N5Cc6ccccc6C#Cc6ccccc65)cc4)nc3)n2)CC1,1,c1cc2c(cc1)C#Cc1ccccc1N(*)C2|C(N)C1CCC(*)CC1,c1(C(=O)Nc2ccc(-c3ccc(C(=O)[*])cc3)nc2)nc(N[*])ncc1,O=C(Nc1ccc(-c2ccc(C(=O)N3Cc4ccccc4C#Cc4ccccc43)cc2)nc1)c1ccnc(NC2CCCCC2)n1,0.7696887,2.1856,0.9883544,110.8600,1.0000000,319.3240,0.1279931,4.0000,0.2008941,3.4797,1.0000000,1.0000,1.0000000,1.0000,[],[],38
16.9868,43.3182,-14.0300,0.2288144,NCC1CCC(c2nccc(-c3cn(-c4cc(C(=O)N5Cc6ccccc6C#Cc6ccccc65)cc(C(F)(F)F)c4)cn3)n2)CC1,1,c1cc2c(cc1)C#Cc1ccccc1N(*)C2|C(N)C1CCC(*)CC1,c1c(C(F)(F)F)cc(C([*])=O)cc1-n1cc(-c2nc([*])ncc2)nc1,O=C(c1cccc(-n2cnc(-c3ccnc(C4CCCCC4)n3)c2)c1)N1Cc2ccccc2C#Cc2ccccc21,0.0734308,3.1606,0.0583150,60.6700,1.0000000,318.2580,0.8720069,3.0000,0.0969372,3.7754,1.0000000,1.0000,1.0000000,1.0000,[],[],38
10.2975,29.6545,57.0778,0.6775962,NCC1CCC(Nc2ncnc(-c3ccc(C(=O)N4Cc5ccccc5C#Cc5ccccc54)cn3)n2)CC1,1,c1cc2c(cc1)C#Cc1ccccc1N(*)C2|C(N)C1CCC(*)CC1,c1(-c2ncc(C([*])=O)cc2)ncnc(N[*])n1,O=C(c1ccc(-c2ncnc(NC3CCCCC3)n2)nc1)N1Cc2ccccc2C#Cc2ccccc21,0.9997599,0.3283,0.8917077,94.6500,1.0000000,201.1890,0.9968477,2.0000,0.1916457,3.5001,1.0000000,1.0000,1.0000000,1.0000,[],[],38
10.6105,43.5999,8.4175,0.4063862,CC(C)(C(=O)N1Cc2ccccc2C#Cc2ccccc21)c1ccc(NC(=O)c2ccnc(NC3CCC(CN)CC3)n2)cn1,1,c1cc2c(cc1)C#Cc1ccccc1N(*)C2|C(N)C1CCC(*)CC1,c1c(C(=O)Nc2ccc(C(C)(C([*])=O)C)nc2)nc(N[*])nc1,O=C(Nc1ccc(CC(=O)N2Cc3ccccc3C#Cc3ccccc32)nc1)c1ccnc(NC2CCCCC2)n1,0.9936675,1.1826,0.9883544,110.8600,1.0000000,285.3070,0.1279931,4.0000,0.1225085,3.6841,1.0000000,1.0000,1.0000000,1.0000,[],[],38
18.2085,47.5227,17.1519,0.5052699,CC(C)(C(=O)N1Cc2ccccc2C#Cc2ccccc21)c1ncc(C(=O)NC2CCC(CN)CC2)cc1C(F)(F)F,1,c1cc2c(cc1)C#Cc1ccccc1N(*)C2|C(N)C1CCC(*)CC1,c1c(C(F)(F)F)c(C(C(=O)[*])(C)C)ncc1C(N[*])=O,O=C(NC1CCCCC1)c1ccc(CC(=O)N2Cc3ccccc3C#Cc3ccccc32)nc1,0.9594173,1.6758,0.2689050,73.0500,1.0000000,260.2150,0.8720069,3.0000,0.1127790,3.7166,1.0000000,1.0000,1.0000000,1.0000,[],[],38
12.4764,33.6848,10.2710,0.3434055,NCC1CCC(Nc2ncc(C(=O)Nc3ccccc3-c3ccc(C(=O)N4Cc5ccccc5C#Cc5ccccc54)cc3)cn2)CC1,1,c1cc2c(cc1)C#Cc1ccccc1N(*)C2|C(N)C1CCC(*)CC1,c1c(C(=O)Nc2ccccc2-c2ccc(C(=O)[*])cc2)cnc(N[*])n1,O=C(Nc1ccccc1-c1ccc(C(=O)N2Cc3ccccc3C#Cc3ccccc32)cc1)c1cnc(NC2CCCCC2)nc1,0.2468992,2.7906,0.9299610,97.9700,1.0000000,318.3360,0.1279931,4.0000,0.2422878,3.3961,1.0000000,1.0000,1.0000000,1.0000,[],[],38
18.2503,31.5245,52.1115,0.6534061,NCC1CCC(Nc2cnc(O)c(C(=O)Nc3ccc(C(=O)N4Cc5ccccc5C#Cc5ccccc54)cc3)n2)CC1,1,c1cc2c(cc1)C#Cc1ccccc1N(*)C2|C(N)C1CCC(*)CC1,c1(C(=O)Nc2ccc(C(=O)[*])cc2)c(O)ncc(N[*])n1,O=C(Nc1ccc(C(=O)N2Cc3ccccc3C#Cc3ccccc32)cc1)c1cncc(NC2CCCCC2)n1,0.9983608,0.8292,0.9959194,118.2000,1.0000000,258.2370,0.8720069,3.0000,0.1745574,3.5398,1.0000000,1.0000,1.0000000,1.0000,[],[],38
10.6918,27.8135,13.4556,0.3224149,Cc1ccc(-n2ccc(C3CCC(CN)CC3)n2)cc1C(=O)N1Cc2ccccc2C#Cc2ccccc21,1,c1cc2c(cc1)C#Cc1ccccc1N(*)C2|C(N)C1CCC(*)CC1,c1(C([*])=O)c(C)ccc(-n2ccc([*])n2)c1,O=C(c1cccc(-n2ccc(C3CCCCC3)n2)c1)N1Cc2ccccc2C#Cc2ccccc21,0.8748829,1.9932,0.0015134,34.8900,1.0000000,186.2140,0.9968477,2.0000,0.2024543,3.4763,1.0000000,1.0000,1.0000000,1.0000,[],[],38
7.8131,24.0349,66.2009,0.7049676,NCC1CCC(Nc2nccc(C(=O)Nc3ccccc3C(=O)N3Cc4ccccc4C#Cc4ccccc43)n2)CC1,1,c1cc2c(cc1)C#Cc1ccccc1N(*)C2|C(N)C1CCC(*)CC1,c1c(C(=O)Nc2c(C(=O)[*])cccc2)nc(N[*])nc1,O=C(Nc1ccccc1C(=O)N1Cc2ccccc2C#Cc2ccccc21)c1ccnc(NC2CCCCC2)n1,0.9949441,1.1236,0.9299610,97.9700,1.0000000,242.2380,0.8720069,3.0000,0.2531893,3.3758,1.0000000,1.0000,1.0000000,1.0000,[],[],38
11.8665,23.0620,24.2643,0.3697363,NCC1CCC(c2cn(-c3cc(C(=O)N4Cc5ccccc5C#Cc5ccccc54)c(Cl)cn3)cn2)CC1,1,c1cc2c(cc1)C#Cc1ccccc1N(*)C2|C(N)C1CCC(*)CC1,n1cc(Cl)c(C(=O)[*])cc1-n1cc([*])nc1,O=C(c1ccnc(-n2cnc(C3CCCCC3)c2)c1)N1Cc2ccccc2C#Cc2ccccc21,0.9499175,1.7332,0.0095954,47.7800,1.0000000,207.6200,0.9968477,2.0000,0.1352828,3.6445,1.0000000,1.0000,1.0000000,1.0000,[],[],38
18.8935,43.2263,0.3076,0.3401082,NCC1CCC(NC(c2cccnc2)(c2ccc(C(=O)N3Cc4ccccc4C#Cc4ccccc43)cn2)C(F)(F)F)CC1,1,c1cc2c(cc1)C#Cc1ccccc1N(*)C2|C(N)C1CCC(*)CC1,c1c(C(C(F)(F)F)(c2ccc(C(=O)[*])cn2)N[*])cncc1,O=C(c1ccc(C(NC2CCCCC2)c2cccnc2)nc1)N1Cc2ccccc2C#Cc2ccccc21,0.8471913,2.0537,0.1677392,68.8700,1.0000000,281.2370,0.8720069,3.0000,0.0283366,4.2281,1.0000000,1.0000,1.0000000,1.0000,[],[],38
15.6654,31.3727,10.7324,0.3289457,Cc1ccc(C(=O)N2Cc3ccccc3C#Cc3ccccc32)cc1NC(=O)c1nc(C2CCC(CN)CC2)c(C)s1,1,c1cc2c(cc1)C#Cc1ccccc1N(*)C2|C(N)C1CCC(*)CC1,c1(C(=O)Nc2cc(C([*])=O)ccc2C)nc([*])c(C)s1,O=C(Nc1cccc(C(=O)N2Cc3ccccc3C#Cc3ccccc32)c1)c1nc(C2CCCCC2)cs1,0.2233525,2.8247,0.0468193,59.0600,1.0000000,260.3180,0.8720069,3.0000,0.1756608,3.5371,1.0000000,1.0000,1.0000000,1.0000,[],[],38
9.5080,29.2370,-29.2370,0.0000000,NCC1CCC(Nc2nccc(C(=O)Nc3ccc(C(=O)N4Cc5ccccc5C#Cc5ccccc54)nc3)n2)CC1,2,c1cc2c(cc1)C#Cc1ccccc1N(*)C2|C(N)C1CCC(*)CC1,c1cc(C(Nc2ccc(C(=O)[*])nc2)=O)nc(N[*])n1,O=C(Nc1ccc(C(=O)N2Cc3ccccc3C#Cc3ccccc32)nc1)c1ccnc(NC2CCCCC2)n1,0.0000000,0.0000,0.0000000,0.0000,0.0000000,0.0000,0.0000000,0.0000,0.0000000,3.4834,0.0000000,1.0000,0.0000000,1.0000,[],[],38
16.9865,38.5793,37.1199,0.5914000,NCC1CCC(Nc2nccc(-n3cncc3-c3ccc(C(=O)N4Cc5ccccc5C#Cc5ccccc54)nc3)n2)CC1,1,c1cc2c(cc1)C#Cc1ccccc1N(*)C2|C(N)C1CCC(*)CC1,c1cc(C([*])=O)ncc1-c1cncn1-c1nc(N[*])ncc1,O=C(c1ccc(-c2cncn2-c2ccnc(NC3CCCCC3)n2)cn1)N1Cc2ccccc2C#Cc2ccccc21,0.9950321,1.1190,0.9436296,99.5800,1.0000000,266.2640,0.8720069,3.0000,0.1160304,3.7055,1.0000000,1.0000,1.0000000,1.0000,[],[],38
14.4574,27.9829,57.6030,0.6686395,CN(C)C(=O)c1cc(C(=O)NC2CCC(CN)CC2)cc(C(=O)N2Cc3ccccc3C#Cc3ccccc32)c1,1,c1cc2c(cc1)C#Cc1ccccc1N(*)C2|C(N)C1CCC(*)CC1,O=C(c1cc(C([*])=O)cc(C(=O)N(C)C)c1)N[*],O=C(NC1CCCCC1)c1cccc(C(=O)N2Cc3ccccc3C#Cc3ccccc32)c1,0.9997848,0.2998,0.5169032,80.4700,1.0000000,220.2280,0.8720069,3.0000,0.2677724,3.3495,1.0000000,1.0000,1.0000000,1.0000,[],[],38
7.8843,29.9915,28.4113,0.4562716,Cc1cc(C(=O)NC2CCC(CN)CC2)ccc1-c1ccc(C(=O)N2Cc3ccccc3C#Cc3ccccc32)cc1,1,c1cc2c(cc1)C#Cc1ccccc1N(*)C2|C(N)C1CCC(*)CC1,O=C(c1ccc(-c2ccc(C([*])=O)cc2)c(C)c1)N[*],O=C(NC1CCCCC1)c1ccc(-c2ccc(C(=O)N3Cc4ccccc4C#Cc4ccccc43)cc2)cc1,0.4300224,2.5734,0.0544129,60.1600,1.0000000,239.2740,0.8720069,3.0000,0.3570867,3.2043,1.0000000,1.0000,1.0000000,1.0000,[],[],38
7.4980,24.2467,-24.2467,0.0000000,Cc1ccc(C(=O)N2Cc3ccccc3C#Cc3ccccc32)cc1NC(=O)c1ccnc(NC2CCC(CN)CC2)n1,1,*N1Cc2ccccc2C#Cc2ccccc21|C1(CN)CCC(*)CC1,c1(C(=O)Nc2cc(C(=O)[*])ccc2C)nc(N[*])ncc1,O=C(Nc1cccc(C(=O)N2Cc3ccccc3C#Cc3ccccc32)c1)c1ccnc(NC2CCCCC2)n1,0.9836738,1.4320,0.9299610,97.9700,1.0000000,256.2650,0.8720069,3.0000,0.2397283,3.4010,1.0000000,1.0000,1.0000000,1.0000,[],[],39
11.5310,40.9059,-40.9059,0.0000000,n1(-c2cccc(C(=O)[*])c2C)ncc(C(=O)N[*])c1=O,0,*N1Cc2ccccc2C#Cc2ccccc21|C1(CN)CCC(*)CC1,n1(-c2cccc(C(=O)[*])c2C)ncc(C(=O)N[*])c1=O,,0.0000000,0.0000,0.0000000,0.0000,0.0000000,0.0000,0.0000000,0.0000,0.0000000,0.0000,0.0000000,0.0000,0.0000000,0.0000,None,None,39
10.9096,22.3998,53.0485,0.5894397,NCC1CCC(c2ccc(C(=O)Nc3ccc(C(=O)N4Cc5ccccc5C#Cc5ccccc54)nc3)cn2)CC1,1,*N1Cc2ccccc2C#Cc2ccccc21|C1(CN)CCC(*)CC1,c1(C(=O)Nc2ccc(C(=O)[*])nc2)ccc([*])nc1,O=C(Nc1ccc(C(=O)N2Cc3ccccc3C#Cc3ccccc32)nc1)c1ccc(C2CCCCC2)nc1,0.9753679,1.5414,0.2389420,71.9500,1.0000000,227.2230,0.8720069,3.0000,0.2318199,3.4163,1.0000000,1.0000,1.0000000,1.0000,[],[],39
7.8897,27.3665,61.1629,0.6916358,NCC1CCC(NC(=O)c2ccc(-c3ccc(C(=O)N4Cc5ccccc5C#Cc5ccccc54)cn3)nc2)CC1,1,*N1Cc2ccccc2C#Cc2ccccc21|C1(CN)CCC(*)CC1,O=C(c1ccc(-c2ccc(C(=O)[*])cn2)nc1)N[*],O=C(NC1CCCCC1)c1ccc(-c2ccc(C(=O)N3Cc4ccccc4C#Cc4ccccc43)cn2)nc1,0.9961098,1.0550,0.7015804,85.9400,1.0000000,227.2230,0.8720069,3.0000,0.2676992,3.3496,1.0000000,1.0000,1.0000000,1.0000,[],[],39
16.6007,36.3800,15.3876,0.4044343,NCC1CCC(Nc2nccc(-n3cccc3C(=O)c3cccc(C(=O)N4Cc5ccccc5C#Cc5ccccc54)c3)n2)CC1,1,*N1Cc2ccccc2C#Cc2ccccc21|C1(CN)CCC(*)CC1,c1ccc(C(=O)c2cc(C(=O)[*])ccc2)n1-c1ccnc(N[*])n1,O=C(c1cccc(C(=O)N2Cc3ccccc3C#Cc3ccccc32)c1)c1cccn1-c1ccnc(NC2CCCCC2)n1,0.9112868,1.8930,0.8269722,90.8700,1.0000000,292.2980,0.1279931,4.0000,0.1429759,3.6222,1.0000000,1.0000,1.0000000,1.0000,[],[],39
8.5557,25.8637,55.6643,0.6369379,Cc1ccc(C(=O)N2Cc3ccccc3C#Cc3ccccc32)cc1-c1cnc(NC2CCC(CN)CC2)nn1,1,*N1Cc2ccccc2C#Cc2ccccc21|C1(CN)CCC(*)CC1,c1c(-c2cc(C(=O)[*])ccc2C)nnc(N[*])n1,O=C(c1cccc(-c2cnc(NC3CCCCC3)nn2)c1)N1Cc2ccccc2C#Cc2ccccc21,0.9920675,1.2417,0.5629848,81.7600,1.0000000,214.2280,0.9968477,2.0000,0.1851278,3.5149,1.0000000,1.0000,1.0000000,1.0000,[],[],39
8.0105,20.4019,47.2575,0.5285890,NCC1CCC(NC(=O)c2cc(C(=O)N3Cc4ccccc4C#Cc4ccccc43)cc(C(F)(F)F)c2)CC1,1,*N1Cc2ccccc2C#Cc2ccccc21|C1(CN)CCC(*)CC1,O=C(c1cc(C(=O)[*])cc(C(F)(F)F)c1)N[*],O=C(NC1CCCCC1)c1cccc(C(=O)N2Cc3ccccc3C#Cc3ccccc32)c1,0.9673718,1.6168,0.0544129,60.1600,1.0000000,217.1460,0.9968477,2.0000,0.2688496,3.3476,1.0000000,1.0000,1.0000000,1.0000,[],[],39
12.8549,25.1314,15.6400,0.3185262,Cc1cc(C(=O)N2Cc3ccccc3C#Cc3ccccc32)cc(-n2ccc(C3CCC(CN)CC3)n2)c1,1,*N1Cc2ccccc2C#Cc2ccccc21|C1(CN)CCC(*)CC1,c1c(C([*])=O)cc(-n2ccc([*])n2)cc1C,O=C(c1cccc(-n2ccc(C3CCCCC3)n2)c1)N1Cc2ccccc2C#Cc2ccccc21,0.8748829,1.9932,0.0015134,34.8900,1.0000000,186.2140,0.9968477,2.0000,0.1919284,3.4994,1.0000000,1.0000,1.0000000,1.0000,[],[],39
15.3116,39.5086,43.6074,0.6493438,Cc1cc(-c2cncc(C(=O)N3Cc4ccccc4C#Cc4ccccc43)c2)cc(C(=O)NC2CCC(CN)CC2)n1,1,*N1Cc2ccccc2C#Cc2ccccc21|C1(CN)CCC(*)CC1,c1c(-c2cc(C([*])=O)cnc2)cc(C(=O)N[*])nc1C,O=C(NC1CCCCC1)c1cc(-c2cncc(C(=O)N3Cc4ccccc4C#Cc4ccccc43)c2)ccn1,0.9874051,1.3634,0.7015804,85.9400,1.0000000,241.2500,0.8720069,3.0000,0.2045910,3.4718,1.0000000,1.0000,1.0000000,1.0000,[],[],39
8.2612,26.5218,61.2674,0.6858534,Cc1cc(C(=O)N2Cc3ccccc3C#Cc3ccccc32)ccc1NC(=O)c1cc(NC2CCC(CN)CC2)ncn1,1,*N1Cc2ccccc2C#Cc2ccccc21|C1(CN)CCC(*)CC1,c1c(C(=O)Nc2ccc(C(=O)[*])cc2C)ncnc1N[*],O=C(Nc1ccc(C(=O)N2Cc3ccccc3C#Cc3ccccc32)cc1)c1cc(NC2CCCCC2)ncn1,0.9836738,1.4320,0.9299610,97.9700,1.0000000,256.2650,0.8720069,3.0000,0.2269166,3.4259,1.0000000,1.0000,1.0000000,1.0000,[],[],39
7.3297,25.9323,48.2273,0.5793717,Cc1cnc(C2CCC(CN)CC2)nc1C(=O)Nc1ccc(C(=O)N2Cc3ccccc3C#Cc3ccccc32)cc1,1,*N1Cc2ccccc2C#Cc2ccccc21|C1(CN)CCC(*)CC1,c1(C(=O)Nc2ccc(C(=O)[*])cc2)nc([*])ncc1C,O=C(Nc1ccc(C(=O)N2Cc3ccccc3C#Cc3ccccc32)cc1)c1ccnc(C2CCCCC2)n1,0.9238017,1.8498,0.2389420,71.9500,1.0000000,241.2500,0.8720069,3.0000,0.2268919,3.4259,1.0000000,1.0000,1.0000000,1.0000,[],[],39
12.5963,25.1183,56.9800,0.6413927,Cn1c(C(=O)N2Cc3ccccc3C#Cc3ccccc32)ccc(NC(=O)c2ccc(NC3CCC(CN)CC3)nc2)c1=O,1,*N1Cc2ccccc2C#Cc2ccccc21|C1(CN)CCC(*)CC1,c1c(C(=O)Nc2ccc(C([*])=O)n(C)c2=O)ccc(N[*])n1,O=C(Nc1ccc(C(=O)N2Cc3ccccc3C#Cc3ccccc32)[nH]c1=O)c1ccc(NC2CCCCC2)nc1,0.9996490,0.4273,0.9801037,107.0800,1.0000000,272.2640,0.8720069,3.0000,0.1619549,3.5711,1.0000000,1.0000,1.0000000,1.0000,[],[],39
12.9655,35.1074,42.1623,0.6036699,Cc1cc(C(=O)N2Cc3ccccc3C#Cc3ccccc32)cc(-n2cnc(C(=O)NC3CCC(CN)CC3)c2)c1,1,*N1Cc2ccccc2C#Cc2ccccc21|C1(CN)CCC(*)CC1,c1c(C(=O)[*])cc(-n2cc(C(=O)N[*])nc2)cc1C,O=C(NC1CCCCC1)c1cn(-c2cccc(C(=O)N3Cc4ccccc4C#Cc4ccccc43)c2)cn1,0.9955168,1.0921,0.4278323,77.9800,1.0000000,229.2390,0.8720069,3.0000,0.1885231,3.5071,1.0000000,1.0000,1.0000000,1.0000,[],[],39
16.3892,39.8384,34.8563,0.5835521,NCC1CCC(Nc2ncc(C(=O)c3cc(C(F)(F)F)ccc3C(=O)N3Cc4ccccc4C#Cc4ccccc43)cn2)CC1,1,*N1Cc2ccccc2C#Cc2ccccc21|C1(CN)CCC(*)CC1,O=C(c1c(C(=O)[*])ccc(C(F)(F)F)c1)c1cnc(N[*])nc1,O=C(c1cnc(NC2CCCCC2)nc1)c1ccccc1C(=O)N1Cc2ccccc2C#Cc2ccccc21,0.8106260,2.1211,0.7015804,85.9400,1.0000000,295.2200,0.8720069,3.0000,0.1557482,3.5872,1.0000000,1.0000,1.0000000,1.0000,[],[],39
12.8361,27.4891,30.7887,0.4552951,Cc1ccc(-n2cnn(CC3CCC(CN)CC3)c2=O)cc1C(=O)N1Cc2ccccc2C#Cc2ccccc21,1,*N1Cc2ccccc2C#Cc2ccccc21|C1(CN)CCC(*)CC1,c1(C([*])=O)c(C)ccc(-n2c(=O)n(C[*])nc2)c1,O=C(c1cccc(-n2cnn(CC3CCCCC3)c2=O)c1)N1Cc2ccccc2C#Cc2ccccc21,0.9990315,0.6919,0.0346967,56.8900,1.0000000,217.2280,0.9968477,2.0000,0.1690438,3.5533,1.0000000,1.0000,1.0000000,1.0000,[],[],39
14.0615,25.0979,59.0564,0.6574556,NCC1CCC(NC(=O)c2cccc(C(=O)C(=O)N3Cc4ccccc4C#Cc4ccccc43)c2)CC1,1,*N1Cc2ccccc2C#Cc2ccccc21|C1(CN)CCC(*)CC1,O=C(c1cccc(C(C([*])=O)=O)c1)N[*],O=C(NC1CCCCC1)c1cccc(C(=O)C(=O)N2Cc3ccccc3C#Cc3ccccc32)c1,0.9998707,0.1671,0.4016404,77.2300,1.0000000,177.1590,0.8720069,3.0000,0.2820212,3.3247,1.0000000,1.0000,1.0000000,1.0000,[],[],39
19.4234,29.5197,52.1996,0.6384321,Cc1ccc(-c2cnnc(NC3CCC(CN)CC3)n2)cc1C(=O)N1Cc2ccccc2C#Cc2ccccc21,1,*N1Cc2ccccc2C#Cc2ccccc21|C1(CN)CCC(*)CC1,[*]C(=O)c1cc(-c2cnnc(N[*])n2)ccc1C,O=C(c1cccc(-c2cnnc(NC3CCCCC3)n2)c1)N1Cc2ccccc2C#Cc2ccccc21,0.9920675,1.2417,0.5629848,81.7600,1.0000000,214.2280,0.9968477,2.0000,0.1870464,3.5105,1.0000000,1.0000,1.0000000,1.0000,[],[],39
19.3298,45.2502,11.1004,0.4402394,NCC1CCC(NC(=O)c2cncc(-c3ccc(C(=O)N4Cc5ccccc5C#Cc5ccccc54)c(C(=O)N4CCOCC4)c3)c2)CC1,1,*N1Cc2ccccc2C#Cc2ccccc21|C1(CN)CCC(*)CC1,c1(C([*])=O)ccc(-c2cc(C(=O)N[*])cnc2)cc1C(=O)N1CCOCC1,O=C(NC1CCCCC1)c1cncc(-c2ccc(C(=O)N3Cc4ccccc4C#Cc4ccccc43)c(C(=O)N3CCOCC3)c2)c1,0.9947714,1.1324,0.9627076,102.5900,1.0000000,339.3510,0.1279931,4.0000,0.1763164,3.5356,1.0000000,1.0000,1.0000000,1.0000,[],[],39
12.5415,31.8648,45.2771,0.6026710,Cc1cc(-c2ccc(C(=O)NC3CCC(CN)CC3)nc2)ccc1C(=O)N1Cc2ccccc2C#Cc2ccccc21,1,*N1Cc2ccccc2C#Cc2ccccc21|C1(CN)CCC(*)CC1,[*]C(=O)c1ccc(-c2cnc(C(N[*])=O)cc2)cc1C,O=C(NC1CCCCC1)c1ccc(-c2ccc(C(=O)N3Cc4ccccc4C#Cc4ccccc43)cc2)cn1,0.8849347,1.9684,0.2689050,73.0500,1.0000000,240.2620,0.8720069,3.0000,0.2655674,3.3534,1.0000000,1.0000,1.0000000,1.0000,[],[],39
12.4424,23.6644,51.6454,0.5883577,NCC1CCC(c2cc(C(=O)Nc3ccccc3C(=O)N3Cc4ccccc4C#Cc4ccccc43)ncn2)CC1,1,*N1Cc2ccccc2C#Cc2ccccc21|C1(CN)CCC(*)CC1,c1(C(=O)Nc2ccccc2C(=O)[*])cc([*])ncn1,O=C(Nc1ccccc1C(=O)N1Cc2ccccc2C#Cc2ccccc21)c1cc(C2CCCCC2)ncn1,0.9753679,1.5414,0.2389420,71.9500,1.0000000,227.2230,0.8720069,3.0000,0.2299533,3.4199,1.0000000,1.0000,1.0000000,1.0000,[],[],39
9.7333,16.9184,60.9009,0.6079629,NCC1CCC(Nc2nccc(-c3cccc(C(=O)N4Cc5ccccc5C#Cc5ccccc54)c3)n2)CC1,1,*N1Cc2ccccc2C#Cc2ccccc21|C1(CN)CCC(*)CC1,c1(-c2cc(C(=O)[*])ccc2)nc(N[*])ncc1,O=C(c1cccc(-c2ccnc(NC3CCCCC3)n2)c1)N1Cc2ccccc2C#Cc2ccccc21,0.9756521,1.5383,0.1677392,68.8700,1.0000000,199.2130,0.9968477,2.0000,0.2809836,3.3264,1.0000000,1.0000,1.0000000,1.0000,[],[],39
8.9082,22.3493,59.6767,0.6408276,Cc1ccc(C(=O)N2Cc3ccccc3C#Cc3ccccc32)cc1-c1cnnc(NC2CCC(CN)CC2)n1,1,*N1Cc2ccccc2C#Cc2ccccc21|C1(CN)CCC(*)CC1,n1cc(-c2cc(C([*])=O)ccc2C)nc(N[*])n1,O=C(c1cccc(-c2cnnc(NC3CCCCC3)n2)c1)N1Cc2ccccc2C#Cc2ccccc21,0.9920675,1.2417,0.5629848,81.7600,1.0000000,214.2280,0.9968477,2.0000,0.1901541,3.5034,1.0000000,1.0000,1.0000000,1.0000,[],[],39
8.0613,29.8196,-29.8196,0.0000000,NCC1CCC(NC(=O)c2cnn(-c3cccc(C(=O)N4Cc5ccccc5C#Cc5ccccc54)c3)c2)CC1,1,*N1Cc2ccccc2C#Cc2ccccc21|C1(CN)CCC(*)CC1,c1c(C(=O)[*])cc(-n2ncc(C(=O)N[*])c2)cc1,O=C(NC1CCCCC1)c1cnn(-c2cccc(C(=O)N3Cc4ccccc4C#Cc4ccccc43)c2)c1,0.9986231,0.7837,0.4278323,77.9800,1.0000000,215.2120,0.8720069,3.0000,0.2658963,3.3528,1.0000000,1.0000,1.0000000,1.0000,[],[],39
17.6955,30.7885,49.8761,0.6301917,Cc1cccc(C(=O)N2Cc3ccccc3C#Cc3ccccc32)c1-c1ncnc(NC2CCC(CN)CC2)n1,1,*N1Cc2ccccc2C#Cc2ccccc21|C1(CN)CCC(*)CC1,c1ccc(C(=O)[*])c(-c2nc(N[*])ncn2)c1C,O=C(c1ccccc1-c1ncnc(NC2CCCCC2)n1)N1Cc2ccccc2C#Cc2ccccc21,0.9920675,1.2417,0.5629848,81.7600,1.0000000,214.2280,0.9968477,2.0000,0.1766543,3.5348,1.0000000,1.0000,1.0000000,1.0000,[],[],39
8.8726,22.0445,51.0890,0.5713559,Cc1c(C(=O)N2Cc3ccccc3C#Cc3ccccc32)cc(-c2ccnc(NC3CCC(CN)CC3)n2)n1C,1,*N1Cc2ccccc2C#Cc2ccccc21|C1(CN)CCC(*)CC1,c1c(-c2cc(C(=O)[*])c(C)n2C)nc(N[*])nc1,O=C(c1c[nH]c(-c2ccnc(NC3CCCCC3)n2)c1)N1Cc2ccccc2C#Cc2ccccc21,0.9936039,1.1852,0.2906455,73.8000,1.0000000,216.2440,0.9968477,2.0000,0.1594882,3.5775,1.0000000,1.0000,1.0000000,1.0000,[],[],39
9.2586,29.5356,42.3202,0.5613734,Cc1cc(-c2cncnc2NC2CCC(CN)CC2)ccc1C(=O)N1Cc2ccccc2C#Cc2ccccc21,1,*N1Cc2ccccc2C#Cc2ccccc21|C1(CN)CCC(*)CC1,c1(C(=O)[*])ccc(-c2cncnc2N[*])cc1C,O=C(c1ccc(-c2cncnc2NC2CCCCC2)cc1)N1Cc2ccccc2C#Cc2ccccc21,0.9246349,1.8467,0.1677392,68.8700,1.0000000,213.2400,0.9968477,2.0000,0.2087635,3.4629,1.0000000,1.0000,1.0000000,1.0000,[],[],39
8.5301,22.2585,61.4349,0.6538547,NCC1CCC(Nc2ncc(-c3cccc(C(=O)N4Cc5ccccc5C#Cc5ccccc54)n3)cn2)CC1,1,*N1Cc2ccccc2C#Cc2ccccc21|C1(CN)CCC(*)CC1,c1(C(=O)[*])cccc(-c2cnc(N[*])nc2)n1,O=C(c1cccc(-c2cnc(NC3CCCCC3)nc2)n1)N1Cc2ccccc2C#Cc2ccccc21,0.9975579,0.9333,0.5629848,81.7600,1.0000000,200.2010,0.9968477,2.0000,0.2066165,3.4675,1.0000000,1.0000,1.0000000,1.0000,[],[],39
7.2789,25.7527,-25.7527,0.0000000,NCC1CCC(Nc2nccc(C(=O)Nc3ccc(C(=O)N4Cc5ccccc5C#Cc5ccccc54)cn3)n2)CC1,1,*N1Cc2ccccc2C#Cc2ccccc21|C1(CN)CCC(*)CC1,c1(C(=O)Nc2ccc(C(=O)[*])cn2)nc(N[*])ncc1,O=C(Nc1ccc(C(=O)N2Cc3ccccc3C#Cc3ccccc32)cn1)c1ccnc(NC2CCCCC2)n1,0.9995018,0.5186,0.9883544,110.8600,1.0000000,243.2260,0.8720069,3.0000,0.2048011,3.4713,1.0000000,1.0000,1.0000000,1.0000,[],[],39
12.8956,25.3544,22.3978,0.3730643,NCC1CCC(c2ncc3c(ccn3-c3cccc(C(=O)N4Cc5ccccc5C#Cc5ccccc54)c3)n2)CC1,1,*N1Cc2ccccc2C#Cc2ccccc21|C1(CN)CCC(*)CC1,c1c(C(=O)[*])cc(-n2ccc3nc([*])ncc32)cc1,O=C(c1cccc(-n2ccc3nc(C4CCCCC4)ncc32)c1)N1Cc2ccccc2C#Cc2ccccc21,0.7358774,2.2330,0.0095954,47.7800,1.0000000,223.2350,0.9968477,2.0000,0.1816542,3.5230,1.0000000,1.0000,1.0000000,1.0000,[],[],39
7.4589,21.4110,-21.4110,0.0000000,Cc1ccc(C(=O)N2Cc3ccccc3C#Cc3ccccc32)cc1-c1ccnc(NC2CCC(CN)CC2)n1,1,*N1Cc2ccccc2C#Cc2ccccc21|C1(CN)CCC(*)CC1,c1(-c2cc(C(=O)[*])ccc2C)nc(N[*])ncc1,O=C(c1cccc(-c2ccnc(NC3CCCCC3)n2)c1)N1Cc2ccccc2C#Cc2ccccc21,0.9246349,1.8467,0.1677392,68.8700,1.0000000,213.2400,0.9968477,2.0000,0.2500992,3.3815,1.0000000,1.0000,1.0000000,1.0000,[],[],39
15.8351,28.8829,56.3938,0.6662243,NCC1CCC(NC(=O)c2cc(-c3cnc(C(=O)N4Cc5ccccc5C#Cc5ccccc54)cn3)ccn2)CC1,1,*N1Cc2ccccc2C#Cc2ccccc21|C1(CN)CCC(*)CC1,O=C(c1cc(-c2ncc(C(=O)[*])nc2)ccn1)N[*],O=C(NC1CCCCC1)c1cc(-c2cnc(C(=O)N3Cc4ccccc4C#Cc4ccccc43)cn2)ccn1,0.9996170,0.4500,0.9376057,98.8300,1.0000000,228.2110,0.8720069,3.0000,0.1957124,3.4910,1.0000000,1.0000,1.0000000,1.0000,[],[],39
11.8684,28.4825,26.8180,0.4320352,Cc1cc(-c2cccc(C(=O)N3Cc4ccccc4C#Cc4ccccc43)n2)ccc1NC1CCC(CN)CC1,1,*N1Cc2ccccc2C#Cc2ccccc21|C1(CN)CCC(*)CC1,N(c1ccc(-c2cccc(C([*])=O)n2)cc1C)[*],O=C(c1cccc(-c2ccc(NC3CCCCC3)cc2)n1)N1Cc2ccccc2C#Cc2ccccc21,0.5461882,2.4517,0.0305680,55.9800,1.0000000,212.2520,0.9968477,2.0000,0.2615424,3.3606,1.0000000,1.0000,1.0000000,1.0000,[],[],39
23.4286,37.6687,34.2512,0.5618743,COC(=O)c1nc(-c2cc(C3CCC(CN)CC3)nc(C)n2)cnc1N1Cc2ccccc2C#Cc2ccccc21,1,c1ccc2c(c1)CN(*)c1ccccc1C#C2|C1(*)CCC(CN)CC1,c1c(-c2cnc([*])c(C(=O)OC)n2)nc(C)nc1[*],C1#Cc2ccccc2N(c2cnc(-c3cc(C4CCCCC4)ncn3)cn2)Cc2ccccc21,0.9964830,1.0286,0.4236102,77.8600,1.0000000,230.2270,0.9968477,2.0000,0.1223751,3.6845,1.0000000,1.0000,1.0000000,1.0000,[],[],40
10.5719,32.4163,48.6570,0.6333854,NCC1CCC(NC(=O)c2ccc(-c3cccc(C(=O)N4Cc5ccccc5C#Cc5ccccc54)c3)cn2)CC1,1,c1ccc2c(c1)CN(*)c1ccccc1C#C2|C1(*)CCC(CN)CC1,c1c(C([*])=O)cccc1-c1cnc(C(=O)N[*])cc1,O=C(NC1CCCCC1)c1ccc(-c2cccc(C(=O)N3Cc4ccccc4C#Cc4ccccc43)c2)cn1,0.9617135,1.6600,0.2689050,73.0500,1.0000000,226.2350,0.8720069,3.0000,0.3041067,3.2876,1.0000000,1.0000,1.0000000,1.0000,[],[],40
9.9628,21.1633,62.9586,0.6572024,NCC1CCC(Nc2nccc(-c3ccnc(C(=O)N4Cc5ccccc5C#Cc5ccccc54)c3)n2)CC1,1,c1ccc2c(c1)CN(*)c1ccccc1C#C2|C1(*)CCC(CN)CC1,c1(C(=O)[*])cc(-c2nc(N[*])ncc2)ccn1,O=C(c1cc(-c2ccnc(NC3CCCCC3)n2)ccn1)N1Cc2ccccc2C#Cc2ccccc21,0.9975579,0.9333,0.5629848,81.7600,1.0000000,200.2010,0.9968477,2.0000,0.2113119,3.4576,1.0000000,1.0000,1.0000000,1.0000,[],[],40
11.4837,35.4992,45.3756,0.6318343,NCC1CCC(NC(=O)c2cccc(-c3cccc(C(=O)N4Cc5ccccc5C#Cc5ccccc54)n3)c2)CC1,1,c1ccc2c(c1)CN(*)c1ccccc1C#C2|C1(*)CCC(CN)CC1,c1c(-c2nc(C([*])=O)ccc2)cccc1C(=O)N[*],O=C(NC1CCCCC1)c1cccc(-c2cccc(C(=O)N3Cc4ccccc4C#Cc4ccccc43)n2)c1,0.9617135,1.6600,0.2689050,73.0500,1.0000000,226.2350,0.8720069,3.0000,0.3008436,3.2930,1.0000000,1.0000,1.0000000,1.0000,[],[],40
8.9412,20.9470,62.0102,0.6481029,NCC1CCC(Nc2ncc(-c3ncccc3C(=O)N3Cc4ccccc4C#Cc4ccccc43)cn2)CC1,1,c1ccc2c(c1)CN(*)c1ccccc1C#C2|C1(*)CCC(CN)CC1,c1c(C([*])=O)c(-c2cnc(N[*])nc2)ncc1,O=C(c1cccnc1-c1cnc(NC2CCCCC2)nc1)N1Cc2ccccc2C#Cc2ccccc21,0.9975579,0.9333,0.5629848,81.7600,1.0000000,200.2010,0.9968477,2.0000,0.1987380,3.4844,1.0000000,1.0000,1.0000000,1.0000,[],[],40
10.8587,23.3856,50.0123,0.5734211,Cc1cc(C(=O)N2Cc3ccccc3C#Cc3ccccc32)ccc1-c1cc(NC2CCC(CN)CC2)ncn1,1,c1ccc2c(c1)CN(*)c1ccccc1C#C2|C1(*)CCC(CN)CC1,c1c(-c2ccc(C(=O)[*])cc2C)ncnc1N[*],O=C(c1ccc(-c2cc(NC3CCCCC3)ncn2)cc1)N1Cc2ccccc2C#Cc2ccccc21,0.9246349,1.8467,0.1677392,68.8700,1.0000000,213.2400,0.9968477,2.0000,0.2292085,3.4214,1.0000000,1.0000,1.0000000,1.0000,[],[],40
10.4973,38.6638,42.1749,0.6315522,Cc1nccc(C(=O)N2Cc3ccccc3C#Cc3ccccc32)c1-c1cccc(C(=O)NC2CCC(CN)CC2)n1,1,c1ccc2c(c1)CN(*)c1ccccc1C#C2|C1(*)CCC(CN)CC1,c1(C(=O)[*])c(-c2nc(C(=O)N[*])ccc2)c(C)ncc1,O=C(NC1CCCCC1)c1cccc(-c2cnccc2C(=O)N2Cc3ccccc3C#Cc3ccccc32)n1,0.9874051,1.3634,0.7015804,85.9400,1.0000000,241.2500,0.8720069,3.0000,0.1810500,3.5244,1.0000000,1.0000,1.0000000,1.0000,[],[],40
15.0656,38.0639,18.0020,0.4380153,NCC1CCC(NC(=O)c2cccc(-n3c(C(N)=O)ccc3C(=O)N3Cc4ccccc4C#Cc4ccccc43)c2)CC1,1,c1ccc2c(c1)CN(*)c1ccccc1C#C2|C1(*)CCC(CN)CC1,c1ccc(-n2c(C(=O)[*])ccc2C(=O)N)cc1C(=O)N[*],O=C(NC1CCCCC1)c1cccc(-n2cccc2C(=O)N2Cc3ccccc3C#Cc3ccccc32)c1,0.9995576,0.4876,0.9829671,108.1800,1.0000000,257.2490,0.1279931,4.0000,0.1698273,3.5513,1.0000000,1.0000,1.0000000,1.0000,[],[],40
8.3744,25.6582,51.2578,0.6009063,Cc1ncc(C(=O)N2Cc3ccccc3C#Cc3ccccc32)cc1-c1cccc(C(=O)NC2CCC(CN)CC2)c1,1,c1ccc2c(c1)CN(*)c1ccccc1C#C2|C1(*)CCC(CN)CC1,O=C(c1cccc(-c2cc(C(=O)[*])cnc2C)c1)N[*],O=C(NC1CCCCC1)c1cccc(-c2cncc(C(=O)N3Cc4ccccc4C#Cc4ccccc43)c2)c1,0.8849347,1.9684,0.2689050,73.0500,1.0000000,240.2620,0.8720069,3.0000,0.2621628,3.3595,1.0000000,1.0000,1.0000000,1.0000,[],[],40
9.3462,22.4565,50.7739,0.5721122,Cc1ncc(-c2cccc(C(=O)N3Cc4ccccc4C#Cc4ccccc43)c2)nc1NC1CCC(CN)CC1,1,c1ccc2c(c1)CN(*)c1ccccc1C#C2|C1(*)CCC(CN)CC1,n1cc(-c2cccc(C(=O)[*])c2)nc(N[*])c1C,O=C(c1cccc(-c2cncc(NC3CCCCC3)n2)c1)N1Cc2ccccc2C#Cc2ccccc21,0.9246349,1.8467,0.1677392,68.8700,1.0000000,213.2400,0.9968477,2.0000,0.2269153,3.4259,1.0000000,1.0000,1.0000000,1.0000,[],[],40
13.7740,26.7741,54.9440,0.6384225,Cc1cnc(-c2ccc(C(=O)N3Cc4ccccc4C#Cc4ccccc43)nc2)nc1NC1CCC(CN)CC1,1,c1ccc2c(c1)CN(*)c1ccccc1C#C2|C1(*)CCC(CN)CC1,c1nc(-c2cnc(C(=O)[*])cc2)nc(N[*])c1C,O=C(c1ccc(-c2nccc(NC3CCCCC3)n2)cn1)N1Cc2ccccc2C#Cc2ccccc21,0.9920675,1.2417,0.5629848,81.7600,1.0000000,214.2280,0.9968477,2.0000,0.1870340,3.5105,1.0000000,1.0000,1.0000000,1.0000,[],[],40
13.8571,26.2292,44.1680,0.5499780,NCC1CCC(NC(=O)c2cccc(Cl)c2-c2ccc(C(=O)N3Cc4ccccc4C#Cc4ccccc43)nc2)CC1,1,c1ccc2c(c1)CN(*)c1ccccc1C#C2|C1(*)CCC(CN)CC1,C(=O)(c1c(-c2cnc(C(=O)[*])cc2)c(Cl)ccc1)N[*],O=C(NC1CCCCC1)c1ccccc1-c1ccc(C(=O)N2Cc3ccccc3C#Cc3ccccc32)nc1,0.6717485,2.3134,0.2689050,73.0500,1.0000000,260.6800,0.8720069,3.0000,0.2339082,3.4122,1.0000000,1.0000,1.0000000,1.0000,[],[],40
10.2756,23.1867,44.1980,0.5264430,COc1cc(-c2cccc(NC3CCC(CN)CC3)n2)ccc1C(=O)N1Cc2ccccc2C#Cc2ccccc21,1,c1ccc2c(c1)CN(*)c1ccccc1C#C2|C1(*)CCC(CN)CC1,c1ccc(-c2ccc(C(=O)[*])c(OC)c2)nc1N[*],O=C(c1ccc(-c2cccc(NC3CCCCC3)n2)cc1)N1Cc2ccccc2C#Cc2ccccc21,0.7918121,2.1519,0.1063620,65.2100,1.0000000,228.2510,0.8720069,3.0000,0.2602931,3.3629,1.0000000,1.0000,1.0000000,1.0000,[],[],40
14.6911,36.1037,22.4752,0.4576477,COC(=O)c1cc(C(=O)NC2CCC(CN)CC2)ccc1-c1cccc(C(=O)N2Cc3ccccc3C#Cc3ccccc32)c1,1,c1ccc2c(c1)CN(*)c1ccccc1C#C2|C1(*)CCC(CN)CC1,O=C(c1c(-c2cc(C(=O)[*])ccc2)ccc(C(=O)N[*])c1)OC,O=C(NC1CCCCC1)c1ccc(-c2cccc(C(=O)N3Cc4ccccc4C#Cc4ccccc43)c2)cc1,0.8482317,2.0516,0.7170081,86.4600,1.0000000,283.2830,0.1279931,4.0000,0.2841799,3.3210,1.0000000,1.0000,1.0000000,1.0000,[],[],40
8.8149,35.5871,41.7703,0.6043548,Cc1ccc(C(=O)N2Cc3ccccc3C#Cc3ccccc32)cc1-c1cccc(C(=O)NC2CCC(CN)CC2)n1,1,c1ccc2c(c1)CN(*)c1ccccc1C#C2|C1(*)CCC(CN)CC1,c1(-c2cc(C([*])=O)ccc2C)nc(C(=O)N[*])ccc1,O=C(NC1CCCCC1)c1cccc(-c2cccc(C(=O)N3Cc4ccccc4C#Cc4ccccc43)c2)n1,0.8849347,1.9684,0.2689050,73.0500,1.0000000,240.2620,0.8720069,3.0000,0.2688475,3.3476,1.0000000,1.0000,1.0000000,1.0000,[],[],40
11.0857,22.4093,51.7932,0.5797069,Cc1cnc(NC2CCC(CN)CC2)nc1-c1cccc(C(=O)N2Cc3ccccc3C#Cc3ccccc32)c1,1,c1ccc2c(c1)CN(*)c1ccccc1C#C2|C1(*)CCC(CN)CC1,c1(-c2cc(C(=O)[*])ccc2)nc(N[*])ncc1C,O=C(c1cccc(-c2ccnc(NC3CCCCC3)n2)c1)N1Cc2ccccc2C#Cc2ccccc21,0.9246349,1.8467,0.1677392,68.8700,1.0000000,213.2400,0.9968477,2.0000,0.2404717,3.3996,1.0000000,1.0000,1.0000000,1.0000,[],[],40
13.6278,37.5323,12.3107,0.3893992,Cc1c(C(=O)N2Cc3ccccc3C#Cc3ccccc32)cccc1-c1ccnc(-n2ccc(C3CCC(CN)CC3)n2)n1,1,c1ccc2c(c1)CN(*)c1ccccc1C#C2|C1(*)CCC(CN)CC1,c1(-c2cccc(C(=O)[*])c2C)nc(-n2ccc([*])n2)ncc1,O=C(c1cccc(-c2ccnc(-n3ccc(C4CCCCC4)n3)n2)c1)N1Cc2ccccc2C#Cc2ccccc21,0.5476146,2.4502,0.0583150,60.6700,1.0000000,264.2880,0.8720069,3.0000,0.1348667,3.6457,1.0000000,1.0000,1.0000000,1.0000,[],[],40
6.7796,21.6889,-21.6889,0.0000000,Cc1ccc(C(=O)N2Cc3ccccc3C#Cc3ccccc32)cc1-c1cnc(NC2CCC(CN)CC2)nc1,1,c1ccc2c(c1)CN(*)c1ccccc1C#C2|C1(*)CCC(CN)CC1,c1c(-c2cc(C(=O)[*])ccc2C)cnc(N[*])n1,O=C(c1cccc(-c2cnc(NC3CCCCC3)nc2)c1)N1Cc2ccccc2C#Cc2ccccc21,0.9246349,1.8467,0.1677392,68.8700,1.0000000,213.2400,0.9968477,2.0000,0.2390599,3.4023,1.0000000,1.0000,1.0000000,1.0000,[],[],40
13.5857,27.9468,22.9832,0.3978899,Cc1c(C(=O)N2Cc3ccccc3C#Cc3ccccc32)cccc1-c1nnc(CC2CCC(CN)CC2)n1C,1,c1ccc2c(c1)CN(*)c1ccccc1C#C2|C1(*)CCC(CN)CC1,O=C([*])c1cccc(-c2nnc(C[*])n2C)c1C,O=C(c1cccc(-c2nnc(CC3CCCCC3)[nH]2)c1)N1Cc2ccccc2C#Cc2ccccc21,0.9053968,1.9114,0.0095954,47.7800,1.0000000,215.2560,0.9968477,2.0000,0.1960291,3.4903,1.0000000,1.0000,1.0000000,1.0000,[],[],40
11.1498,30.6168,-2.1169,0.2226559,Cc1cc(C)c(-c2cn(CC3CCC(CN)CC3)c(C)n2)cc1C(=O)N1Cc2ccccc2C#Cc2ccccc21,1,c1ccc2c(c1)CN(*)c1ccccc1C#C2|C1(*)CCC(CN)CC1,c1c(-c2cc(C([*])=O)c(C)cc2C)nc(C)n1C[*],O=C(c1cccc(-c2cn(CC3CCCCC3)cn2)c1)N1Cc2ccccc2C#Cc2ccccc21,0.2232725,2.8249,0.0015134,34.8900,1.0000000,228.2950,0.9968477,2.0000,0.1555985,3.5876,1.0000000,1.0000,1.0000000,1.0000,[],[],40
14.7676,32.8086,44.5737,0.6045489,CC(C)(C)n1cc(C(=O)N2Cc3ccccc3C#Cc3ccccc32)c(=O)c(-c2cccc(C(=O)NC3CCC(CN)CC3)c2)n1,1,c1ccc2c(c1)CN(*)c1ccccc1C#C2|C1(*)CCC(CN)CC1,O=C(c1cccc(-c2c(=O)c(C(=O)[*])cn(C(C)(C)C)n2)c1)N[*],O=C(NC1CCCCC1)c1cccc(-c2n[nH]cc(C(=O)N3Cc4ccccc4C#Cc4ccccc43)c2=O)c1,0.9718949,1.5767,0.8971425,95.0500,1.0000000,299.3300,0.8720069,3.0000,0.1342087,3.6477,1.0000000,1.0000,1.0000000,1.0000,[],[],40
17.6584,59.6816,-49.3257,0.0809054,Cc1ncccc1NC(=O)c1c(-c2ccccc2C(=O)NC2CCC(CN)CC2)ccc(C(=O)N2Cc3ccccc3C#Cc3ccccc32)c1C,1,c1ccc2c(c1)CN(*)c1ccccc1C#C2|C1(*)CCC(CN)CC1,c1cccc(-c2ccc(C(=O)[*])c(C)c2C(Nc2c(C)nccc2)=O)c1C(=O)N[*],O=C(Nc1cccnc1)c1cc(C(=O)N2Cc3ccccc3C#Cc3ccccc32)ccc1-c1ccccc1C(=O)NC1CCCCC1,0.0189008,3.5291,0.9603665,102.1500,1.0000000,373.4120,0.0031523,5.0000,0.1508817,3.6003,1.0000000,1.0000,1.0000000,1.0000,[],[],40
12.5765,23.1278,62.2294,0.6668535,NCC1CCC(NC(=O)c2ccnc(-n3cccc(C(=O)N4Cc5ccccc5C#Cc5ccccc54)c3=O)c2)CC1,1,c1ccc2c(c1)CN(*)c1ccccc1C#C2|C1(*)CCC(CN)CC1,O=C(c1cc(-n2cccc(C(=O)[*])c2=O)ncc1)N[*],O=C(NC1CCCCC1)c1ccnc(-n2cccc(C(=O)N3Cc4ccccc4C#Cc4ccccc43)c2=O)c1,0.9998817,0.1439,0.8971425,95.0500,1.0000000,243.2220,0.8720069,3.0000,0.2008568,3.4798,1.0000000,1.0000,1.0000000,1.0000,[],[],40
11.5848,28.6365,-28.6365,0.0000000,n1(-c2cc(C(=O)[*])ccc2C)nnc1[*],0,c1ccc2c(c1)CN(*)c1ccccc1C#C2|C1(*)CCC(CN)CC1,n1(-c2cc(C(=O)[*])ccc2C)nnc1[*],,0.0000000,0.0000,0.0000000,0.0000,0.0000000,0.0000,0.0000000,0.0000,0.0000000,0.0000,0.0000000,0.0000,0.0000000,0.0000,None,None,40
15.5197,43.1861,-23.6761,0.1524224,Cc1ncc(-c2ccccc2C(=O)N2Cc3ccccc3C#Cc3ccccc32)cc1C(=O)Nc1ncccc1C1CCC(CN)CC1,1,c1ccc2c(c1)CN(*)c1ccccc1C#C2|C1(*)CCC(CN)CC1,c1c(C([*])=O)c(-c2cc(C(=O)Nc3ncccc3[*])c(C)nc2)ccc1,O=C(Nc1ncccc1C1CCCCC1)c1cncc(-c2ccccc2C(=O)N2Cc3ccccc3C#Cc3ccccc32)c1,0.0197977,3.5168,0.2389420,71.9500,1.0000000,317.3480,0.1279931,4.0000,0.1671800,3.5579,1.0000000,1.0000,1.0000000,1.0000,[],[],40
14.8350,36.6733,18.2757,0.4292889,NCC1CCC(NC(=O)c2ccccc2-c2cnn(-c3cccc(C(=O)N4Cc5ccccc5C#Cc5ccccc54)n3)c2)CC1,1,c1ccc2c(c1)CN(*)c1ccccc1C#C2|C1(*)CCC(CN)CC1,c1cccc(-c2cn(-c3cccc(C([*])=O)n3)nc2)c1C(N[*])=O,O=C(NC1CCCCC1)c1ccccc1-c1cnn(-c2cccc(C(=O)N3Cc4ccccc4C#Cc4ccccc43)n2)c1,0.9249072,1.8457,0.8269722,90.8700,1.0000000,292.2980,0.1279931,4.0000,0.1831416,3.5195,1.0000000,1.0000,1.0000000,1.0000,[],[],40
11.7352,32.7686,44.0349,0.6000270,Cc1ccc(C(=O)NC2CCC(CN)CC2)cc1-c1ccnc(C(=O)N2Cc3ccccc3C#Cc3ccccc32)c1,1,c1ccc2c(c1)CN(*)c1ccccc1C#C2|C1(*)CCC(CN)CC1,c1(-c2cc(C(=O)[*])ncc2)c(C)ccc(C(=O)N[*])c1,O=C(NC1CCCCC1)c1cccc(-c2ccnc(C(=O)N3Cc4ccccc4C#Cc4ccccc43)c2)c1,0.8849347,1.9684,0.2689050,73.0500,1.0000000,240.2620,0.8720069,3.0000,0.2604792,3.3625,1.0000000,1.0000,1.0000000,1.0000,[],[],40
11.1574,29.7263,1.4792,0.2437931,Cc1c(C(=O)N2Cc3ccccc3C#Cc3ccccc32)cccc1-c1ncnc(CC2CCC(CN)CC2)c1C,1,c1ccc2c(c1)CN(*)c1ccccc1C#C2|C1(*)CCC(CN)CC1,c1(-c2cccc(C(=O)[*])c2C)ncnc(C[*])c1C,O=C(c1cccc(-c2cc(CC3CCCCC3)ncn2)c1)N1Cc2ccccc2C#Cc2ccccc21,0.1879290,2.8814,0.0047431,42.8500,1.0000000,226.2790,0.9968477,2.0000,0.1556338,3.5875,1.0000000,1.0000,1.0000000,1.0000,[],[],40
19.1041,35.1187,21.6623,0.4436014,CC(C(=O)N1Cc2ccccc2C#Cc2ccccc21)=C(C)c1cc(-c2ccccc2)n(C(=O)NC2CCC(CN)CC2)n1,1,c1ccc2c(c1)CN(*)c1ccccc1C#C2|C1(*)CCC(CN)CC1,c1c(-c2cc(C(C)=C(C)C([*])=O)nn2C(=O)N[*])cccc1,O=C(C=Cc1cc(-c2ccccc2)n(C(=O)NC2CCCCC2)n1)N1Cc2ccccc2C#Cc2ccccc21,0.5295156,2.4692,0.4278323,77.9800,1.0000000,269.3040,0.8720069,3.0000,0.0913662,3.7981,1.0000000,1.0000,1.0000000,1.0000,[],[],40
11.3742,44.4346,-44.4346,0.0000000,n1(-c2cccc(C(=O)[*])c2C)ncc(C(=O)N[*])c1=O,0,c1ccc2c(c1)CN(*)c1ccccc1C#C2|C1(*)CCC(CN)CC1,n1(-c2cccc(C(=O)[*])c2C)ncc(C(=O)N[*])c1=O,,0.0000000,0.0000,0.0000000,0.0000,0.0000000,0.0000,0.0000000,0.0000,0.0000000,0.0000,0.0000000,0.0000,0.0000000,0.0000,None,None,40
19.2808,37.7119,32.9545,0.5520816,Cn1cc(C(=O)N2Cc3ccccc3C#Cc3ccccc32)c(-c2ccc(-c3cnccn3)c(OC3CCC(CN)CC3)c2)n1,1,c1ccc2c(c1)CN(*)c1ccccc1C#C2|C1(*)CCC(CN)CC1,c1c(C(=O)[*])c(-c2ccc(-c3nccnc3)c(O[*])c2)nn1C,O=C(c1c[nH]nc1-c1ccc(-c2cnccn2)c(OC2CCCCC2)c1)N1Cc2ccccc2C#Cc2ccccc21,0.8429203,2.0622,0.5323350,80.9000,1.0000000,280.2870,0.8720069,3.0000,0.1347311,3.6461,1.0000000,1.0000,1.0000000,1.0000,[],[],40
10.0472,23.0020,22.4203,0.3548619,Cc1c(C(=O)N2Cc3ccccc3C#Cc3ccccc32)cccc1-c1ccnc(C2CCC(CN)CC2)n1,1,c1ccc2c(c1)CN(*)c1ccccc1C#C2|C1(*)CCC(CN)CC1,c1(-c2cccc(C([*])=O)c2C)nc([*])ncc1,O=C(c1cccc(-c2ccnc(C3CCCCC3)n2)c1)N1Cc2ccccc2C#Cc2ccccc21,0.7117068,2.2645,0.0047431,42.8500,1.0000000,198.2250,0.9968477,2.0000,0.2143701,3.4512,1.0000000,1.0000,1.0000000,1.0000,[],[],40
